,PDB_ID,Mutated_Chain,Mutation_PDB,Mutation_FASTA,UniProt_ID,Mutation_UniProt,DDGexp,INPS,MUpro,DynaMut2,I-Mutant2.0,I-Mutant2.0-Seq,PoPMuSiC_2.1,ACDC-NN,SAAFEC-SEQ,MAESTRO,ThermoNet,PremPS,ACDC-NN-Seq,BayeStab,FoldX,AUTO-MUTE(RF),AUTO-MUTE(SVM),INPS3D,DDMut,SimBa-IB,SimBa-SYM,ThermoMPNN,RaSP,DDGun3D,MultiMutate,Rosetta,DDGun,CUPSAT,Location,Secondary structure,Conservation,Charge change,Size change,Is_S594,PMID,AA,pos,MT,INPS_sequencesim,MUpro_sequencesim,DynaMut2_sequencesim,I-Mutant2.0_sequencesim,I-Mutant2.0-Seq_sequencesim,PoPMuSiC_2.1_sequencesim,ACDC-NN_sequencesim,SAAFEC-SEQ_sequencesim,MAESTRO_sequencesim,ThermoNet_sequencesim,PremPS_sequencesim,ACDC-NN-Seq_sequencesim,BayeStab_sequencesim,AUTO-MUTE(RF)_sequencesim,AUTO-MUTE(SVM)_sequencesim,INPS3D_sequencesim,DDMut_sequencesim,SimBa-IB_sequencesim,SimBa-SYM_sequencesim,ThermoMPNN_sequencesim,RaSP_sequencesim,uniprot,ddg,organism,human
0,1BFM,A,M35W,M35W,P19267,M35W,0.7,-0.387839,1.7895557,0.7,0.75,1.5,0.94,-0.32352966,0.34,0.12603018,0.209,0.48,-0.5443429,0.72,0.542729,1.05,1.04,-0.0269835,-0.33,-0.2,-0.6,-0.3926,-0.509752288,-0.4,0.470345,-1.562,-0.5,-0.58,Core,HELIX,Variable,0,0,NO,18096639.0,M,35,W,a,a,a,a,a,a,a,a,a,a,a,a,a,a,a,a,a,a,a,a,a,P19267,0.7,Methanothermus fervidus,non-human
8,1E0X,A,W85A,W85A,P26514,W126A,-1.241999,2.19151,1.1104482,3.62,2.42,0.98,3.9,2.4340625,2.12,1.072548582,0.9369,2.03,2.578479,-1.03,2.43924,1.24,1.15,2.507235,1.15,3.3,3.0,0.1595,3.458175157,3.7,1.52118,2.961,4.5,-5.05,Core,LOOP,Conserved,0,2,NO,10235626.0,W,85,A,a,a,a,a,a,a,a,a,a,a,a,a,a,a,a,a,a,a,a,a,a,P26514,-1.241999,Streptomyces lividans,non-human
9,1E0X,A,W85F,W85F,P26514,W126F,-0.621,1.5812,0.58656242,2.32,1.89,0.28,1.11,0.99122334,1.68,1.066146405,0.1507,1.44,1.0661582,0.34,1.39636,1.3,1.15,1.431885,0.56,1.0,0.5,0.3989,2.794842881,1.5,-1.12115,3.223,2.4,-11.83,Core,LOOP,Conserved,0,0,NO,10235626.0,W,85,F,a,a,a,a,a,a,a,a,a,a,a,a,a,a,a,a,a,a,a,a,a,P26514,-0.621,Streptomyces lividans,non-human
10,1E0X,A,Y172A,Y172A,P26514,Y213A,-2.292922,1.94197,1.8801361,2.43,1.71,2.76,2.88,1.0464845,2.11,1.260384901,0.1967,2.37,1.4469011,-0.47,2.99005,2.66,1.32,2.186095,1.81,2.1,1.8,0.8581,1.763165317,2.3,3.7068,3.066,2.9,2.92,Core,LOOP,Conserved,0,2,NO,10235626.0,Y,172,A,a,a,a,a,a,a,a,a,a,a,a,a,a,a,a,a,a,a,a,a,a,P26514,-2.292922,Streptomyces lividans,non-human
11,1E0X,A,W274H,W274H,P26514,W315H,-0.14354067,2.10837,1.6120402,-0.52,1.6,2.64,0.38,1.4588192,2.12,1.624874722,1.4015,1.13,1.9648105,0.93,1.50129,0.86,1.44,1.455893,-0.26,1.1,0.9,0.4337,1.01852289,1.5,-9.11164,1.956,3.5,-1.95,Surface,LOOP,Conserved,0,1,NO,10235626.0,W,274,H,a,a,a,a,a,a,a,a,a,a,a,a,a,a,a,a,a,a,a,a,a,P26514,-0.14354067,Streptomyces lividans,non-human
13,1EY1,A,D118R,D118R,P0A780,D118R,1.41,-0.198927,0.35680305,-0.73,-0.12,0.81,0.36,-0.31410366,-0.09,-0.669118446,-0.0857,0.26,-0.21833497,0.15,0.353756,-0.09,0.4,-0.3398115,-0.07,0.3,0.6,0.2591,-0.141413032,-0.2,-0.754112,6.087,-0.9,-1.38,Surface,LOOP,Intermediate,2,2,NO,19854945.0,D,118,R,a,a,a,a,a,a,a,a,a,a,a,a,a,a,a,a,a,a,a,a,a,P0A780,1.41,Escherichia coli (strain K12),non-human
14,1EY1,A,D118K,D118K,P0A780,D118K,1.6,-0.172393,0.64679449,-0.58,0.34,1.31,0.34,-0.123175636,0.24,-0.743976753,-0.2776,-0.09,-0.001626859,-0.14,0.7498,-0.09,0.77,-0.2305555,-0.04,0.1,0.4,0.2309,-0.006469789,0.0,1.55674,0.383,0.1,-1.2,Surface,LOOP,Intermediate,2,2,NO,19854945.0,D,118,K,a,a,a,a,a,a,a,a,a,a,a,a,a,a,a,a,a,a,a,a,a,P0A780,1.6,Escherichia coli (strain K12),non-human
16,1FH5,H,S18N,S15N,1FH5,S18N,-0.6,0.247166,0.43335219,-0.18,0.13,0.26,1.19,,0.32,-0.147,-0.0115,0.85,-0.0,-0.24,0.0558163,0.3,1.15,,-0.08,0.6,0.2,0.3762,-0.04305204,0.0,-0.002605,0.659,0.2,2.24,Surface,SHEET,Intermediate,0,0,NO,,S,15,N,a,a,a,a,a,a,a,a,a,a,a,a,a,a,a,a,a,a,a,a,a,1FH5,-0.6,,non-human
17,2B8U,A,C3T,C3T,P05112,C27T,5.0,0.972723,1.7433551,-0.27,0.26,-1.74,0.59,0.61430013,1.28,0.448021744,0.0161,1.03,0.83666044,0.4,6.06932,1.74,1.15,1.2940615,2.78,0.1,-0.1,0.9412,-0.139557837,0.5,4.36756,-0.067,1.1,-3.93,Surface,LOOP,Variable,0,0,NO,16373475.0,C,3,T,a,a,a,a,a,a,a,a,a,a,a,a,a,a,a,a,a,a,a,a,a,P05112,5.0,Homo sapiens,human
18,2B8U,A,W91S,W91S,P05112,W115S,-1.4,1.79421,1.3000969,1.68,2.44,1.33,1.97,0.99850714,1.05,2.684474716,1.1516,-0.53,0.68546784,0.27,0.306862,1.98,1.75,2.0412,1.81,2.7,2.5,0.0364,4.012395242,1.4,2.62523,5.312,1.3,2.36,Surface,HELIX,Variable,0,2,NO,11164263.0,W,91,S,a,a,a,a,a,a,a,a,a,a,a,a,a,a,a,a,a,a,a,a,a,P05112,-1.4,Homo sapiens,human
20,2L7B,A,K146E,K154E,P02649,K164E,0.0,0.0631965,0.52442148,1.77,1.07,-1.34,1.06,0.08007698,0.13,0.885020346,0.1589,0.98,-0.006865265,0.42,0.71026,-0.33,1.15,0.24036925,1.76,1.5,0.9,0.2136,0.817646507,-0.7,-5.04711,3.903,-1.0,-5.93,Core,HELIX,Conserved,2,1,NO,22069485.0,K,154,E,a,a,a,a,a,a,a,a,a,a,a,a,a,a,a,a,a,a,a,a,a,P02649,0.0,Homo sapiens,human
21,2L7B,A,R136S,R144S,P02649,R154S,-0.2,1.04574,1.0436966,1.65,1.72,1.28,2.16,1.4223826,0.32,2.16370148,0.165,1.19,0.91534823,0.66,-0.807737,1.52,1.14,1.779355,1.86,1.4,0.8,0.0241,1.869885836,1.3,-0.861821,-2.085,1.1,1.66,Core,HELIX,Conserved,1,2,NO,22069485.0,R,144,S,a,a,a,a,a,a,a,a,a,a,a,a,a,a,a,a,a,a,a,a,a,P02649,-0.2,Homo sapiens,human
23,3HFV,A,S21C,S21C,O95363,S57C,-0.43,-0.571318,0.60008194,0.36,1.21,2.81,-0.22,-0.16914055,0.23,-0.13672208,0.0054,0.53,-0.000897135,0.46,-0.261229,0.73,1.18,-0.3938055,-0.58,0.2,0.2,-0.3267,0.622983584,0.0,-0.119685,0.222,0.0,-2.23,Surface,SHEET,Variable,0,0,NO,21601574.0,S,21,C,a,a,a,a,a,a,a,a,a,a,a,a,a,a,a,a,a,a,a,a,a,O95363,-0.43,Homo sapiens,human
24,3HFV,A,N244S,N244S,O95363,N280S,-0.51,-0.220103,1.2474113,0.81,0.31,-0.62,0.34,0.051001914,0.5,-0.351043745,0.0467,-0.11,0.000204887,0.67,1.41865,1.04,0.88,-0.0465865,0.74,0.2,-0.2,0.1074,1.108913741,0.0,-0.865291,2.985,-0.1,2.42,Surface,SHEET,Variable,0,0,NO,21601574.0,N,244,S,a,a,a,a,a,a,a,a,a,a,a,a,a,a,a,a,a,a,a,a,a,O95363,-0.51,Homo sapiens,human
25,3LB2,A,H55V,H55V,Q9NAV8,H56V,-5.1,-0.545302,-0.23173536,-1.13,-1.25,-0.77,0.36,0.3513493,0.35,-0.117592511,-0.249,0.28,0.16831633,-0.96,0.487079,-0.38,-0.35,0.0811995,-0.23,0.1,-0.1,0.0302,0.077593649,0.7,-3.18557,,2.4,1.12,Surface,HELIX,Conserved,0,0,NO,25330337.0,H,55,V,a,a,a,a,a,a,a,a,a,a,a,a,a,a,a,a,a,a,a,a,a,Q9NAV8,-5.1,Amphitrite ornata,non-human
26,3MON,B,R39G,R39G,P02882,R39G,-1.19423,1.14474,1.3977593,-0.21,0.79,1.19,0.35,0.9428396,1.44,-0.151989379,-0.2697,0.38,0.67117774,0.98,0.837624,0.71,1.19,0.9389405,1.07,0.7,0.6,0.2492,1.520127201,1.1,0.155894,2.519,3.1,1.78,Surface,SHEET,NONE,1,2,NO,30143736.0,R,39,G,a,a,a,a,a,a,a,a,a,a,a,a,a,a,a,a,a,a,a,a,a,P02882,-1.19423,Dioscoreophyllum cumminsii,non-human
29,5U28,A,A89V,A47V,O60885,A89V,-0.99,-0.70187,0.23554962,-0.31,0.89,0.48,0.69,-0.40283298,0.07,2.221144667,-0.738,1.25,-0.24583086,-1.74,2.91897,0.35,1.0,-0.1992745,1.19,-0.7,-1.5,0.5592,-0.101558541,-0.7,-0.940609,0.273,-0.6,1.46,Core,LOOP,Intermediate,0,1,NO,27403962.0,A,47,V,a,a,a,a,a,a,a,a,a,a,a,a,a,a,a,a,a,a,a,a,a,O60885,-0.99,Homo sapiens,human
30,6MNL,B,A420D,A88D,O60885,A420D,-0.44,0.396504,1.1309466,0.16,1.02,1.51,0.72,0.34552222,1.0,0.528746958,-0.0708,1.14,0.13266435,1.91,-0.326326,-0.17,1.5,0.5117675,0.08,0.4,0.2,0.1964,0.339299416,0.6,0.8109,1.106,1.0,-1.81,Surface,HELIX,Variable,1,0,NO,27403962.0,A,88,D,a,a,a,a,a,a,a,a,a,a,a,a,a,a,a,a,a,a,a,a,a,O60885,-0.44,Homo sapiens,human
31,6O9B,B,H71F,H71F,P61769,H71F,1.912045889,-0.21903,-0.057334891,-1.63,0.05,-0.56,-0.02,-0.23420793,0.59,-0.686243775,-0.2108,0.14,-0.30191725,0.61,-0.21367,-0.18,0.32,-0.1361416,-0.26,-0.0,-0.1,0.4855,-0.207106554,-0.3,-2.0492,-1.306,-0.3,1.09,Surface,SHEET,Intermediate,0,1,NO,12186550.0,H,71,F,a,a,a,a,a,a,a,a,a,a,a,a,a,a,a,a,a,a,a,a,a,P61769,1.912045889,Homo sapiens,human
32,6O9B,B,H33F,H33F,P61769,H33F,-0.119502868,-0.0941286,0.41756831,-1.67,-0.66,-0.44,0.38,0.15300086,0.16,-0.146897506,-0.3723,0.02,0.000389305,0.5,-1.00175,-1.99,0.66,0.13672715,0.29,-0.1,-0.2,0.2611,-0.248761277,0.0,-0.047821,-2.404,0.3,0.32,Surface,LOOP,Variable,0,1,NO,12186550.0,H,33,F,a,a,a,a,a,a,a,a,a,a,a,a,a,a,a,a,a,a,a,a,a,P61769,-0.119502868,Homo sapiens,human
36,6ULQ,B,D161Y,D103Y,P25440,D161Y,3.38,-0.15514,0.5733965,-0.45,0.15,-0.42,0.58,-0.16644964,0.71,0.051080167,-1.7436,0.02,-0.4350697,0.31,-1.01595,1.83,-0.38,-0.0574041,-0.27,0.6,0.8,-0.7823,-0.278871966,-0.5,1.84522,-1.743,-1.4,-0.19,Core,HELIX,Variable,1,2,NO,27403962.0,D,103,Y,a,a,a,a,a,a,a,a,a,a,a,a,a,a,a,a,a,a,a,a,a,P25440,3.38,Homo sapiens,human
37,6W79,A,W31F,W31F,P0C6X7,W3271F,-0.17,1.76394,0.88331859,2.6,2.01,1.68,1.04,1.8612299,1.2,-0.644366549,-0.6873,0.96,2.3286233,1.17,3.89687,2.39,1.52,1.610915,1.31,1.1,0.5,1.1991,2.21687284,2.5,-0.738561,4.87,4.3,1.03,Core,SHEET,Conserved,0,0,NO,17142288.0,W,31,F,a,a,a,a,a,a,a,a,a,a,a,a,a,a,a,a,a,a,a,a,a,P0C6X7,-0.17,Severe acute respiratory syndrome coronavirus,non-human
38,1G3P,A,N138G,N138G,P69168,N156G,-0.932122371,0.663199,1.8111955,-0.11,2.42,2.43,0.13,0.595013,0.94,1.123803312,-0.0761,0.19,0.10016073,0.81,-0.901432,1.69,0.94,0.706991,-0.09,0.5,0.3,-0.5901,1.03363609,0.3,1.37735,-0.469,0.4,-0.97,Surface,LOOP,NONE,0,0,YES,20394751.0,N,138,G,a,a,a,a,a,a,a,a,a,a,a,a,a,a,a,a,a,a,a,a,a,P69168,-0.932122371,Enterobacteria phage M13,non-human
39,1G3P,A,R144V,R144V,P69168,R162V,-0.908221797,-0.0776308,0.19301198,-0.38,-0.33,0.04,-0.44,0.22003308,0.88,0.429035068,-0.6417,0.17,0.010938332,-0.1,0.0978519,0.48,1.12,0.1832476,-0.27,0.4,0.3,-0.7414,0.134966237,0.1,-0.069832,0.768,0.1,0.31,Surface,SHEET,NONE,1,1,YES,20394751.0,R,144,V,a,a,a,a,a,a,a,a,a,a,a,a,a,a,a,a,a,a,a,a,a,P69168,-0.908221797,Enterobacteria phage M13,non-human
40,1G3P,A,D160L,D160L,P69168,D178L,0.549713193,0.598738,0.40040806,-0.11,0.63,-0.82,0.3,0.1384447,0.47,0.02523626,-0.139,-0.11,-0.025966294,-1.97,0.167809,,,0.4341025,-0.12,1.7,2.3,0.292,0.148380345,0.0,0.26073,2.772,0.2,-0.17,Surface,LOOP,NONE,1,2,YES,19232524.0,D,160,L,a,a,a,a,a,a,a,a,a,a,a,a,a,a,a,a,a,a,a,a,a,P69168,0.549713193,Enterobacteria phage M13,non-human
41,1G3P,A,D160Q,D160Q,P69168,D178Q,0.478011472,0.360958,0.9274828,-0.29,0.18,-0.48,0.11,0.16545762,0.47,-0.104816917,-0.0335,0.01,-0.0,-0.59,-0.244391,,,-0.0251705,-0.06,0.4,0.7,0.3625,0.543416768,0.0,0.18487,2.936,0.1,0.09,Surface,LOOP,NONE,1,1,YES,19232524.0,D,160,Q,a,a,a,a,a,a,a,a,a,a,a,a,a,a,a,a,a,a,a,a,a,P69168,0.478011472,Enterobacteria phage M13,non-human
42,1G83,A,V138W,V57W,P06241,V138W,-0.131453155,2.30559,1.6676688,1.19,0.37,1.07,0.82,0.5926478,1.18,2.273577817,0.4119,2.02,0.72445226,1.78,13.8324,1.23,1.15,2.44895,2.55,-0.7,-1.5,3.332,0.850266433,0.6,0.377271,6.388,1.1,-2.71,Core,SHEET,Conserved,0,1,YES,16142914.0,V,57,W,a,a,a,a,a,a,a,a,a,a,a,a,a,a,a,a,a,a,a,a,a,P06241,-0.131453155,Homo sapiens,human
43,1G83,A,V138S,V57S,P06241,V138S,4.165869981,2.84348,1.9218535,2.69,2.33,2.26,2.28,1.3795302,2.04,3.471362147,1.5877,2.49,1.9168323,2.74,1.89233,1.92,1.15,2.924635,2.33,2.3,2.0,3.0488,2.585313298,1.8,6.58772,6.515,2.0,1.41,Core,SHEET,Conserved,0,1,YES,16142914.0,V,57,S,a,a,a,a,a,a,a,a,a,a,a,a,a,a,a,a,a,a,a,a,a,P06241,4.165869981,Homo sapiens,human
44,1G83,A,V138H,V57H,P06241,V138H,-0.016730402,2.61289,1.9832583,0.7,1.66,1.7,1.25,1.1938547,1.92,2.505931155,2.4665,3.14,1.4723312,1.02,4.33281,1.75,1.15,2.87835,2.57,1.9,1.4,2.9518,1.541648135,1.4,6.27264,1.938,1.8,-0.46,Core,SHEET,Conserved,0,0,YES,16142914.0,V,57,H,a,a,a,a,a,a,a,a,a,a,a,a,a,a,a,a,a,a,a,a,a,P06241,-0.016730402,Homo sapiens,human
45,1GUA,B,S77T,S27T,P04049,S77T,-0.580783939,-0.507997,0.95761845,-0.0,0.77,0.21,0.18,-0.6580485,0.49,0.552612144,-0.5259,-0.44,-0.7233846,0.29,0.994342,0.07,1.44,0.031983,0.05,0.1,-0.5,-0.5383,0.281725561,-0.8,-0.00171,-0.564,-1.1,-0.12,Core,SHEET,Conserved,0,0,YES,17137592.0,S,27,T,a,a,a,a,a,a,a,a,a,a,a,a,a,a,a,a,a,a,a,a,a,P04049,-0.580783939,Homo sapiens,human
47,1GUA,B,C95A,C45A,P04049,C95A,0.079668579,1.75005,1.186068,0.89,-0.16,-0.06,0.32,0.43921036,1.59,0.208650094,-0.0767,0.05,0.87526405,0.7,0.263283,2.23,1.15,1.74067,0.7,0.7,0.4,0.5271,-0.086065946,1.1,2.06997,1.623,1.9,-4.1,Surface,HELIX,Intermediate,0,0,YES,17137592.0,C,45,A,a,a,a,a,a,a,a,a,a,a,a,a,a,a,a,a,a,a,a,a,a,P04049,0.079668579,Homo sapiens,human
49,1GWY,A,A8D,A8D,P07845,A8D,-1.6,0.236759,0.73091468,0.13,1.36,0.39,-0.24,0.06544599,0.55,0.067017063,-0.0061,0.67,0.08309569,0.36,-0.227213,-0.16,1.15,0.4347445,-0.15,0.6,0.3,0.0393,-0.383647283,0.2,0.143854,-3.071,0.4,0.66,Surface,SHEET,Variable,1,0,YES,29138096.0,A,8,D,a,a,a,a,a,a,a,a,a,a,a,a,a,a,a,a,a,a,a,a,a,P07845,-1.6,Stichodactyla helianthus,non-human
50,1H56,A,E55A,E54A,P23657,E55A,-1.6,0.530985,0.93667242,0.19,0.76,1.27,0.21,0.4801712,0.33,0.173,0.0419,0.03,0.4967127,-0.34,-0.208002,0.55,0.98,0.3530665,-0.1,0.6,0.7,-0.3567,0.107478067,0.5,-0.825965,-0.428,1.8,4.18,Surface,LOOP,Conserved,1,1,YES,11148032.0,E,54,A,a,a,a,a,a,a,a,a,a,a,a,a,a,a,a,a,a,a,a,a,a,P23657,-1.6,Proteus hauseri,non-human
51,1H56,A,K70A,K69A,P23657,K70A,-9.5,0.224853,0.19149649,0.77,1.25,1.13,1.19,0.28756383,0.13,0.995,0.8211,0.9,0.1862793,-0.55,0.40304,0.6,0.78,0.560404,0.84,0.7,0.1,1.1593,0.71964694,0.5,-1.96544,2.375,1.0,6.38,Core,SHEET,Conserved,1,2,YES,11148032.0,K,69,A,a,a,a,a,a,a,a,a,a,a,a,a,a,a,a,a,a,a,a,a,a,P23657,-9.5,Proteus hauseri,non-human
52,1HCP,A,C67S,C67S,P03372,C245S,1.99,2.35488,1.7131756,1.19,2.81,0.55,1.46,3.4717438,1.82,2.827282293,0.2182,2.42,3.5771585,3.18,-1.66866,2.21,2.62,2.689295,2.34,2.3,1.9,0.5643,1.667161519,4.2,7.67739,4.544,4.3,0.7,Core,HELIX,Conserved,0,0,YES,12051939.0,C,67,S,a,a,a,a,a,a,a,a,a,a,a,a,a,a,a,a,a,a,a,a,a,P03372,1.99,Homo sapiens,human
53,1J8I,A,R23A,R23A,P47992,R44A,-0.8,0.786588,1.2804607,0.37,0.4,-0.04,0.45,0.68632066,0.34,0.088922983,0.1244,0.2,0.69884294,1.75,0.22679,0.36,1.53,0.5583635,0.2,0.6,0.5,-0.1378,0.37409278,0.2,-1.03748,0.743,0.5,0.74,Surface,HELIX,Variable,1,2,YES,23102260.0,R,23,A,a,a,a,a,a,a,a,a,a,a,a,a,a,a,a,a,a,a,a,a,a,P47992,-0.8,Homo sapiens,human
54,1J8I,A,K25A,K25A,P47992,K46A,-0.1,0.504673,0.63974247,0.28,1.63,-0.02,1.29,0.15753569,0.13,0.569646374,0.6806,0.76,-0.0,0.94,-0.314939,0.1,1.15,0.6155275,0.04,0.6,0.2,-0.6394,0.139521992,-0.6,-3.78764,1.417,-0.7,-1.92,Surface,SHEET,Intermediate,1,2,YES,23102260.0,K,25,A,a,a,a,a,a,a,a,a,a,a,a,a,a,a,a,a,a,a,a,a,a,P47992,-0.1,Homo sapiens,human
55,1JL5,A,F1289L,F289L,P17778,F289L,-0.7,0.721262,1.2463197,1.95,1.7,2.77,0.97,-0.2683131,1.57,0.175959157,0.4755,-0.45,-0.26834092,,0.690171,1.07,1.16,1.2249225,1.7,0.9,0.3,0.564,1.681367433,-0.1,0.360491,3.438,-0.3,0.17,Core,LOOP,Conserved,0,0,YES,21764506.0,F,289,L,a,a,a,a,a,a,a,a,a,a,a,a,a,a,a,a,a,a,a,a,a,P17778,-0.7,Yersinia pestis,non-human
56,1JL5,A,I1309L,I309L,P17778,I309L,-0.2,0.575145,0.95364491,1.82,0.96,0.61,0.82,0.005830981,1.18,0.213263488,-0.7204,-0.3,-0.0,,0.652669,0.6,1.16,0.7967225,1.21,0.6,-0.1,0.546,0.972798409,0.0,0.19657,-0.742,0.0,0.26,Core,LOOP,Conserved,0,0,YES,21764506.0,I,309,L,a,a,a,a,a,a,a,a,a,a,a,a,a,a,a,a,a,a,a,a,a,P17778,-0.2,Yersinia pestis,non-human
59,1JLV,A,E64Q,E64Q,Q7KIF2,E64Q,2.301625239,0.341902,0.37703062,1.22,0.71,0.22,0.18,0.14838643,0.31,0.411541907,0.0754,1.07,-0.0,0.58,1.47779,0.35,2.03,0.2764695,-0.38,0.1,-0.3,0.6214,0.260853611,-0.3,0.454268,-0.012,-0.2,-0.22,Core,LOOP,Conserved,1,0,YES,17100654.0,E,64,Q,a,a,a,a,a,a,a,a,a,a,a,a,a,a,a,a,a,a,a,a,a,Q7KIF2,2.301625239,Anopheles cracens,non-human
62,1K85,A,V589A,V33A,P20533,V589A,1.77,1.15507,1.4381517,1.64,0.36,2.69,0.69,0.8411318,0.93,1.420884642,0.9727,1.98,1.2000635,1.38,0.768254,0.71,1.15,1.17116,1.8,1.5,1.2,0.6471,2.158365316,1.4,0.490963,0.899,2.2,0.3,Surface,SHEET,Conserved,0,1,YES,18022190.0,V,33,A,a,a,a,a,a,a,a,a,a,a,a,a,a,a,a,a,a,a,a,a,a,P20533,1.77,Niallia circulans,non-human
63,1K85,A,V640A,V84A,P20533,V640A,1.66,1.73723,2.1408069,1.56,2.29,2.03,2.3,1.1078253,0.8,1.942216507,0.3634,1.61,1.1812928,1.47,1.10642,0.78,1.78,1.62463,1.76,1.8,1.4,1.362,2.299398579,1.7,1.89941,5.525,2.0,1.86,Core,SHEET,Intermediate,0,1,YES,18022190.0,V,84,A,a,a,a,a,a,a,a,a,a,a,a,a,a,a,a,a,a,a,a,a,a,P20533,1.66,Niallia circulans,non-human
64,1KA6,A,L31P,L31P,O60880,L31P,1.71,2.91009,2.652056,1.76,1.97,1.09,3.82,3.926294,1.87,4.206024558,1.4244,3.05,2.3562465,0.68,8.75415,2.29,2.76,3.209295,1.47,2.4,2.0,2.2595,6.373348488,3.5,8.25485,19.015,2.9,8.58,Core,SHEET,Conserved,0,2,YES,14674764.0,L,31,P,a,a,a,a,a,a,a,a,a,a,a,a,a,a,a,a,a,a,a,a,a,O60880,1.71,Homo sapiens,human
65,1KA6,A,F87S,F87S,O60880,F87S,1.14,2.47486,2.2262757,3.58,3.74,1.24,2.82,2.810054,2.1,3.703617955,1.4795,2.81,1.9824909,0.84,2.86698,1.91,1.22,2.91811,2.83,3.4,3.1,1.9054,5.180953365,3.5,6.52296,10.349,2.6,4.17,Core,LOOP,Conserved,0,2,YES,14674764.0,F,87,S,a,a,a,a,a,a,a,a,a,a,a,a,a,a,a,a,a,a,a,a,a,O60880,1.14,Homo sapiens,human
67,1KA6,A,E67D,E67D,O60880,E67D,1.31,0.0961529,0.86578512,0.16,0.01,0.58,0.44,0.12315501,0.82,0.695729104,0.0745,0.48,0.038179196,0.43,0.0193151,0.32,2.9,0.03466475,0.09,0.5,0.2,0.4871,0.382897459,0.1,-0.263146,-1.278,0.1,1.11,Surface,SHEET,Conserved,0,1,YES,14674764.0,E,67,D,a,a,a,a,a,a,a,a,a,a,a,a,a,a,a,a,a,a,a,a,a,O60880,1.31,Homo sapiens,human
68,1LVM,B,L56V,L64V,P04517,L2093V,0.0,0.194125,0.42096783,1.89,-0.0,0.59,0.15,0.052014545,1.0,0.557687146,-0.0207,0.29,-0.007807353,1.45,0.415636,0.42,1.14,0.334117,0.42,0.7,0.4,-0.4701,0.283576821,0.1,-1.95903,-0.574,0.0,-3.12,Surface,SHEET,Variable,0,1,YES,17905838.0,L,64,V,a,a,a,a,a,a,a,a,a,a,a,a,a,a,a,a,a,a,a,a,a,P04517,0.0,Tobacco etch virus,non-human
69,1LVM,B,K45F,K53F,P04517,K2082F,-0.43,0.336938,0.61068178,1.5,0.1,-0.5,0.17,-0.8947154,0.91,-0.747775976,-1.3156,0.26,-0.00253669,0.76,5.85331,-0.13,1.1,0.0689525,1.59,-1.7,-2.7,0.949,-0.042665466,-2.1,-9.97446,-3.394,-1.2,2.0,Core,HELIX,Conserved,1,0,YES,17905838.0,K,53,F,a,a,a,a,a,a,a,a,a,a,a,a,a,a,a,a,a,a,a,a,a,P04517,-0.43,Tobacco etch virus,non-human
70,1LVM,B,E106G,E114G,P04517,E2143G,-1.4,0.185499,1.5137353,0.98,0.15,1.04,-1.12,-0.45535293,1.76,0.242925292,0.1252,-0.36,0.000728136,-1.23,-0.557535,0.84,-0.07,0.11473425,0.16,0.6,0.5,-0.8551,0.645874611,0.1,-1.10954,-0.218,0.0,1.2,Surface,LOOP,Variable,1,1,YES,17905838.0,E,114,G,a,a,a,a,a,a,a,a,a,a,a,a,a,a,a,a,a,a,a,a,a,P04517,-1.4,Tobacco etch virus,non-human
71,1LVM,B,S135G,S143G,P04517,S2172G,0.0,-0.0452244,1.6099961,0.53,0.69,2.31,-1.17,0.21708666,0.75,0.35091916,0.1972,0.04,0.23008385,0.88,-1.55509,0.58,1.15,-0.180663,0.26,0.1,0.1,-0.1797,0.000475793,0.2,-0.739806,-2.361,0.4,0.33,Surface,LOOP,Variable,0,0,YES,17905838.0,S,143,G,a,a,a,a,a,a,a,a,a,a,a,a,a,a,a,a,a,a,a,a,a,P04517,0.0,Tobacco etch virus,non-human
74,1MNF,A,D473C,D472C,P0A6F5,D473C,0.1,0.548568,0.60144902,-0.09,0.93,1.29,-0.21,0.086126864,-0.15,0.306047601,-0.051,0.17,-0.0,0.42,1.34668,1.33,0.88,0.28351225,-0.02,0.7,0.9,-0.0742,1.165710279,0.1,0.196425,6.977,0.6,-5.77,Surface,LOOP,Variable,1,0,YES,30661519.0,D,472,C,a,a,a,a,a,a,a,a,a,a,a,a,a,a,a,a,a,a,a,a,a,P0A6F5,0.1,Escherichia coli (strain K12),non-human
75,1N88,A,V43A,V43A,Q9RA57,V43A,2.82,2.48017,1.21824,1.85,2.89,1.69,3.2,3.053115,1.92,2.525372891,1.9266,2.74,2.2233832,1.59,-0.888929,2.09,2.93,2.588855,2.34,2.2,1.8,1.7592,1.521873372,3.5,4.09787,0.458,3.3,0.15,Core,HELIX,Intermediate,0,1,YES,15136744.0,V,43,A,a,a,a,a,a,a,a,a,a,a,a,a,a,a,a,a,a,a,a,a,a,Q9RA57,2.82,Thermus thermophilus,non-human
76,1N88,A,I8V,I8V,Q9RA57,I8V,1.52,1.01906,0.42194704,1.19,0.68,0.62,1.66,0.6941114,1.04,1.528778715,0.1986,1.22,0.9213345,0.8,-0.153068,0.46,1.11,1.112225,1.09,1.3,0.7,-0.2278,1.144407756,0.8,0.320312,-1.823,1.0,2.52,Core,SHEET,Conserved,0,1,YES,15136744.0,I,8,V,a,a,a,a,a,a,a,a,a,a,a,a,a,a,a,a,a,a,a,a,a,Q9RA57,1.52,Thermus thermophilus,non-human
77,1NAQ,A,S11V,S11V,P69488,S11V,-9.73,-1.23767,0.57133786,0.04,-1.05,-0.39,-0.33,-0.86244935,0.08,-0.103847376,-0.8117,-0.45,-0.893115,-1.31,-0.753893,0.56,1.15,-1.33222,-1.4,-1.0,-1.9,-0.1763,-0.528875435,-2.1,-5.83267,-3.023,-1.9,-1.63,Core,SHEET,Variable,0,1,YES,20639520.0,S,11,V,a,a,a,a,a,a,a,a,a,a,a,a,a,a,a,a,a,a,a,a,a,P69488,-9.73,Escherichia coli (strain K12),non-human
78,1NAQ,A,E59L,E59L,P69488,E59L,-2.89,0.229829,-0.10895281,-0.15,-1.17,-1.19,0.19,0.12672296,0.17,-0.518460859,-0.1848,-0.54,0.08282517,0.12,-0.712473,-1.02,0.32,0.37159,-0.5,-0.4,-0.6,0.0244,-0.635861289,0.1,-2.05477,-1.197,0.6,-0.83,Surface,SHEET,Intermediate,1,1,YES,20639520.0,E,59,L,a,a,a,a,a,a,a,a,a,a,a,a,a,a,a,a,a,a,a,a,a,P69488,-2.89,Escherichia coli (strain K12),non-human
79,1NAQ,A,E61T,E61T,P69488,E61T,-3.15,0.525762,0.93866261,0.18,0.12,-0.93,-0.26,0.31438607,0.63,-0.299426776,0.023,-0.41,0.7041408,0.23,-1.28815,-0.75,1.1,0.653152,0.12,-0.2,-0.8,-0.3625,0.482358958,0.2,-3.82271,-0.642,0.7,1.16,Core,SHEET,Conserved,1,1,YES,20639520.0,E,61,T,a,a,a,a,a,a,a,a,a,a,a,a,a,a,a,a,a,a,a,a,a,P69488,-3.15,Escherichia coli (strain K12),non-human
80,1NAQ,A,Q73V,Q73V,P69488,Q73V,4.13,-1.53019,-0.22261377,-0.16,-0.64,-1.03,-0.35,,0.38,-0.467739361,0.021,-0.2,-1.3569536,-0.84,0.180424,0.27,-1.63,-1.2644015,-1.14,-0.5,-1.1,-0.7309,-0.017315845,-0.9,-7.44407,-0.006,-1.3,-0.25,Core,HELIX,Variable,0,0,YES,20639520.0,Q,73,V,a,a,a,a,a,a,a,a,a,a,a,a,a,a,a,a,a,a,a,a,a,P69488,4.13,Escherichia coli (strain K12),non-human
81,1ON4,A,F42W,F42W,P54178,F61W,-2.87,0.663823,1.2312497,0.39,-0.04,0.78,0.32,0.16338715,0.81,0.156692587,0.4805,1.56,-0.0,0.22,0.839002,1.48,1.12,0.6982695,0.41,0.1,-0.4,-0.0312,0.94627422,0.3,0.033122,-0.152,0.4,0.2,Surface,LOOP,Conserved,0,0,YES,29131589.0,F,42,W,a,a,a,a,a,a,a,a,a,a,a,a,a,a,a,a,a,a,a,a,a,P54178,-2.87,Bacillus subtilis (strain 168),non-human
82,1ON4,A,W36F,W36F,P54178,W55F,4.25,0.899008,0.50696924,2.15,1.68,2.36,1.15,-0.0673957,0.25,1.30483342,-0.0517,2.44,-0.000536493,1.03,4.65699,1.29,1.15,1.074549,0.47,1.1,0.5,0.9758,1.439351027,-0.5,-3.65858,1.333,-0.2,2.19,Core,SHEET,Intermediate,0,0,YES,29131589.0,W,36,F,a,a,a,a,a,a,a,a,a,a,a,a,a,a,a,a,a,a,a,a,a,P54178,4.25,Bacillus subtilis (strain 168),non-human
84,1PRE,B,C159S,C159S,P09167,C182S,2.4,2.37558,1.2589854,-0.37,0.18,1.69,0.63,0.7040067,1.04,-0.38,-0.0144,1.18,1.003809,1.72,2.43508,1.6,1.11,2.145695,2.82,1.0,0.8,1.366,0.082453417,0.9,3.32031,0.0,1.4,0.69,Surface,LOOP,Conserved,0,0,YES,10593978.0,C,159,S,a,a,a,a,a,a,a,a,a,a,a,a,a,a,a,a,a,a,a,a,a,P09167,2.4,Aeromonas hydrophila,non-human
85,1PWU,A,D245G,D245G,P15917,D278G,0.8,0.662439,1.7149429,1.0,-0.11,0.22,0.96,-0.08835106,0.98,0.219090357,-0.4418,0.49,-0.014543486,1.2,2.12772,1.38,1.44,0.916431,1.16,0.2,-0.2,-0.1422,0.956233427,0.0,2.65825,4.322,0.1,1.89,Surface,HELIX,NONE,1,0,YES,19926859.0,D,245,G,a,a,a,a,a,a,a,a,a,a,a,a,a,a,a,a,a,a,a,a,a,P15917,0.8,Bacillus anthracis,non-human
88,1PWU,A,H91N,H91N,P15917,H124N,0.86,0.717439,0.34561466,0.84,2.98,2.93,1.21,-0.22605851,1.6,0.279536986,-1.0986,1.03,-0.001427109,0.34,0.794281,0.97,0.68,1.226998,2.57,1.5,1.0,0.4877,1.907016416,0.1,1.59871,6.383,0.1,-0.42,Core,LOOP,NONE,0,1,YES,19926859.0,H,91,N,a,a,a,a,a,a,a,a,a,a,a,a,a,a,a,a,a,a,a,a,a,P15917,0.86,Bacillus anthracis,non-human
91,1QK9,A,R35G,R35G,P51608,R111G,-0.425,0.968305,1.8228034,0.82,1.03,1.05,0.99,1.8963563,1.8,-0.011200193,0.0016,0.45,1.764175,2.53,0.292103,0.58,1.08,1.0605625,0.52,0.8,0.6,0.8407,1.62913356,1.2,-2.92705,2.958,2.8,-0.01,Surface,LOOP,Conserved,1,2,YES,26418480.0,R,35,G,a,a,a,a,a,a,a,a,a,a,a,a,a,a,a,a,a,a,a,a,a,P51608,-0.425,Homo sapiens,human
95,1R6R,A,I88N,I88N,P12823,I88N,0.13,2.89614,1.5029762,2.24,1.11,0.82,2.66,2.6984396,1.55,0.304227375,0.2764,0.92,2.9509914,1.99,0.336529,0.77,0.63,2.0211,0.22,0.6,0.4,1.6164,0.762835079,1.5,2.75412,1.267,3.4,-0.18,Core,HELIX,Conserved,0,2,YES,30808916.0,I,88,N,a,a,a,a,a,a,a,a,a,a,a,a,a,a,a,a,a,a,a,a,a,P12823,0.13,Dengue virus type 2 (strain Puerto Rico/PR159-S1/1969),non-human
98,1SPB,P,Q40L,Q41L,P00782,Q70L,1.1,-0.0859657,-0.11841476,-0.49,-0.24,-0.67,0.12,-0.4809809,0.38,-0.126224596,-0.1572,0.12,-0.1136713,-0.85,-1.54188,0.78,2.31,0.20691385,-0.16,-1.0,-1.6,-0.9907,-0.350926906,-0.6,-2.68164,-3.052,-0.2,-1.46,Surface,SHEET,Intermediate,0,1,YES,9265621.0,Q,41,L,a,a,a,a,a,a,a,a,a,a,a,a,a,a,a,a,a,a,a,a,a,P00782,1.1,Bacillus amyloliquefaciens,non-human
99,1UCD,A,G173A,G173A,P23540,G174A,0.08,0.44482,-0.057330143,-0.42,1.09,2.44,2.13,-0.19457129,1.28,0.35806887,-1.1035,0.04,-0.017171947,0.44,4.72286,2.26,0.86,0.3477935,1.19,-0.0,-0.8,2.1135,1.457922359,-0.3,-2.5515,-1.205,0.0,3.28,Core,LOOP,Intermediate,0,0,YES,15322360.0,G,173,A,a,a,a,a,a,a,a,a,a,a,a,a,a,a,a,a,a,a,a,a,a,P23540,0.08,Momordica charantia,non-human
100,1UCD,A,Y101A,Y101A,P23540,Y102A,6.69,1.32822,2.0814024,2.52,2.16,2.94,3.54,3.9228902,2.52,3.059316244,2.4451,3.37,3.3110142,1.35,3.36238,2.86,2.15,2.078655,1.48,2.9,2.5,3.0846,3.795313971,4.9,2.93606,13.248,4.9,4.94,Core,HELIX,Conserved,0,2,YES,15322360.0,Y,101,A,a,a,a,a,a,a,a,a,a,a,a,a,a,a,a,a,a,a,a,a,a,P23540,6.69,Momordica charantia,non-human
101,1UCD,A,A105L,A105L,P23540,A106L,2.92,0.982556,0.25109193,-1.07,-0.14,0.81,0.08,-0.943717,1.13,-0.926782284,-1.3136,0.9,-0.2215307,-0.04,4.60743,0.16,-0.39,0.9816305,0.01,-1.6,-2.6,-0.0386,1.183642288,-0.7,-2.75768,5.374,0.3,-1.36,Core,HELIX,Intermediate,0,2,YES,15322360.0,A,105,L,a,a,a,a,a,a,a,a,a,a,a,a,a,a,a,a,a,a,a,a,a,P23540,2.92,Momordica charantia,non-human
104,1X0X,A,Q295N,Q300N,P21695,Q295N,2.7,0.799237,1.3922627,0.51,1.95,1.35,1.27,-0.059818525,0.66,0.672351246,0.1099,1.68,-0.0,0.64,0.0805834,1.05,1.15,1.1816685,0.98,1.2,0.7,0.4436,0.285898036,0.2,-1.30813,0.109,0.2,0.6,Core,LOOP,Conserved,0,1,YES,29337541.0,Q,300,N,a,a,a,a,a,a,a,a,a,a,a,a,a,a,a,a,a,a,a,a,a,P21695,2.7,Homo sapiens,human
105,1Y9X,A,E54A,E54A,P60848,E54A,2.270554493,0.559494,0.46807035,0.14,0.98,0.88,1.46,0.4956631,0.38,0.442648426,0.3328,0.19,0.12361352,0.25,0.210456,0.53,0.82,0.596812,0.02,0.4,0.3,-0.0388,0.43748569,-0.1,-2.14668,-0.645,0.0,1.33,Core,HELIX,Conserved,1,1,YES,18779322.0,E,54,A,a,a,a,a,a,a,a,a,a,a,a,a,a,a,a,a,a,a,a,a,a,P60848,2.270554493,Saccharolobus shibatae (strain ATCC 51178 / DSM 5389 / JCM 8931 / NBRC 15437 / B12),non-human
106,1Y9X,A,V53E,V53E,P60848,V53E,4.8,2.27649,1.3796021,1.2,2.36,1.67,1.55,2.5372157,1.65,1.694128093,0.722,1.51,1.7073822,0.66,1.18841,1.62,2.83,2.48795,1.71,2.6,2.3,2.0341,2.166638289,2.9,12.9892,9.545,2.6,0.15,Core,HELIX,Conserved,1,0,YES,18571501.0,V,53,E,a,a,a,a,a,a,a,a,a,a,a,a,a,a,a,a,a,a,a,a,a,P60848,4.8,Saccharolobus shibatae (strain ATCC 51178 / DSM 5389 / JCM 8931 / NBRC 15437 / B12),non-human
107,1Y9X,A,K40N,K40N,P60848,K40N,3.1,0.985108,0.48786346,1.01,1.43,0.55,0.47,0.14137216,-0.08,0.451825582,0.4006,0.44,-0.050939716,0.1,0.372105,1.81,1.15,0.9369365,1.21,0.9,0.6,0.8966,1.080299088,0.2,-0.050262,4.075,0.3,2.96,Surface,SHEET,Conserved,1,2,YES,18571501.0,K,40,N,a,a,a,a,a,a,a,a,a,a,a,a,a,a,a,a,a,a,a,a,a,P60848,3.1,Saccharolobus shibatae (strain ATCC 51178 / DSM 5389 / JCM 8931 / NBRC 15437 / B12),non-human
108,1Y9X,A,R57L,R57L,P60848,R57L,-1.290630975,-0.110865,-0.048553073,0.61,1.29,0.24,-0.31,-0.19651522,0.66,-1.350143214,-0.3436,0.22,-0.002999825,0.58,1.07062,0.38,0.06,-0.09974505,-0.1,0.1,-0.1,-0.1611,-0.117722569,0.0,-5.3269,1.945,0.4,-0.28,Surface,HELIX,Intermediate,1,0,YES,18779322.0,R,57,L,a,a,a,a,a,a,a,a,a,a,a,a,a,a,a,a,a,a,a,a,a,P60848,-1.290630975,Saccharolobus shibatae (strain ATCC 51178 / DSM 5389 / JCM 8931 / NBRC 15437 / B12),non-human
111,2AGH,A,N307G,N17G,P06876,N307G,0.12,,1.3975514,0.32,0.87,0.66,0.66,1.0933354,0.39,0.190399187,0.0816,0.47,1.3111665,0.08,0.143502,1.03,0.11,0.4740475,0.52,0.5,0.3,0.3434,0.970888457,0.8,-0.271669,3.372,2.1,0.13,Surface,HELIX,NONE,0,0,YES,29890118.0,N,17,G,a,a,a,a,a,a,a,a,a,a,a,a,a,a,a,a,a,a,a,a,a,P06876,0.12,Mus musculus,non-human
112,2AGH,A,N307V,N17V,P06876,N307V,-0.15,,0.11264443,0.34,-0.22,-1.49,-0.24,0.9208658,-0.03,0.150335376,-0.5737,-0.17,0.4283257,-0.73,-0.391603,-0.46,-0.28,-0.361266,-0.11,0.1,-0.0,-0.3607,-0.068646634,0.2,-0.659524,-0.601,1.1,0.5,Surface,HELIX,NONE,0,1,YES,29890118.0,N,17,V,a,a,a,a,a,a,a,a,a,a,a,a,a,a,a,a,a,a,a,a,a,P06876,-0.15,Mus musculus,non-human
116,2C9Q,A,Y79W,Y79W,P12376,Y103W,1.233269598,0.352067,1.3157277,0.19,1.08,-0.06,1.04,0.44918174,1.59,2.064347988,-0.3987,1.24,0.7510884,1.58,0.715752,1.69,1.15,0.8926935,0.84,-0.1,-0.9,1.3433,0.49043953,1.0,-0.162906,5.37,1.3,1.64,Core,SHEET,Conserved,0,0,YES,24327203.0,Y,79,W,a,a,a,a,a,a,a,a,a,a,a,a,a,a,a,a,a,a,a,a,a,P12376,1.233269598,Pseudomonas syringae pv. tomato,non-human
118,2GST,A,F56S,F56S,P04905,F57S,0.5,2.76637,1.3648747,3.02,2.63,2.72,3.77,0.33458477,1.79,-0.423538001,0.8137,1.2,1.1524317,1.25,-0.355853,1.15,1.41,1.6928815,0.43,-0.3,-0.5,0.3086,0.638212141,0.3,0.818819,1.632,1.3,-0.25,Core,LOOP,Conserved,0,2,YES,16475815.0,F,56,S,a,a,a,a,a,a,a,a,a,a,a,a,a,a,a,a,a,a,a,a,a,P04905,0.5,Rattus norvegicus,non-human
119,2IN9,A,V67L,V67L,P9WHJ3,V318L,-2.5,-0.623374,0.5278713,0.68,1.35,1.43,1.23,-0.32585672,1.17,0.572356062,-0.1015,-0.45,-0.36081177,0.82,-1.47997,0.55,1.15,-0.154418,0.75,-0.1,-0.8,0.0331,0.562925113,-0.2,-0.259508,-2.043,-0.1,2.58,Core,SHEET,Intermediate,0,1,YES,28488863.0,V,67,L,a,a,a,a,a,a,a,a,a,a,a,a,a,a,a,a,a,a,a,a,a,P9WHJ3,-2.5,Mycobacterium tuberculosis (strain ATCC 25618 / H37Rv),non-human
121,2JIE,A,Q22S,Q28S,P22505,Q22S,0.208761239,0.533067,1.0683633,1.03,1.05,-0.36,1.36,0.34118092,0.73,0.043986682,0.7847,1.73,0.43907124,0.53,-0.953531,-0.46,1.15,0.9324335,-0.59,1.0,0.4,0.4999,2.768661431,0.8,-1.76077,1.41,0.9,-1.16,Core,HELIX,Conserved,0,1,YES,32258884.0,Q,28,S,a,a,a,a,a,a,a,a,a,a,a,a,a,a,a,a,a,a,a,a,a,P22505,0.208761239,Paenibacillus polymyxa,non-human
122,2JIE,A,T221A,T227A,P22505,T221A,-3.188511067,0.389473,0.78971098,1.27,1.68,1.29,1.69,0.185417,0.72,0.486108008,0.2851,0.98,0.008746157,1.62,2.25275,1.37,1.15,0.7997865,1.59,0.9,0.2,1.3994,0.487484898,0.1,0.810358,2.839,0.2,-0.54,Core,SHEET,Intermediate,0,0,YES,32258884.0,T,227,A,a,a,a,a,a,a,a,a,a,a,a,a,a,a,a,a,a,a,a,a,a,P22505,-3.188511067,Paenibacillus polymyxa,non-human
123,2JIE,A,N223Y,N229Y,P22505,N223Y,-5.729996718,-0.0914076,0.96174316,0.23,0.78,-0.76,0.0,-0.27557442,0.77,-0.913741692,-1.2466,0.86,-0.1364692,0.9,-0.789093,0.52,1.15,0.1533147,-2.17,-1.8,-2.6,-0.0209,-0.549212508,-1.1,-0.005859,-8.204,-0.7,-1.67,Core,SHEET,Intermediate,0,2,YES,32258884.0,N,229,Y,a,a,a,a,a,a,a,a,a,a,a,a,a,a,a,a,a,a,a,a,a,P22505,-5.729996718,Paenibacillus polymyxa,non-human
124,2JUC,A,R18A,R18A,Q06525,R225A,1.75,0.65962,1.5261483,0.62,0.45,1.41,0.33,0.91845787,0.71,0.08784757,0.2716,0.69,1.057683,1.05,0.673854,0.68,0.45,0.6018205,0.75,0.6,0.5,0.9284,0.489259922,0.6,0.178386,1.122,1.3,1.84,Surface,HELIX,Intermediate,1,2,YES,29132128.0,R,18,A,a,a,a,a,a,a,a,a,a,a,a,a,a,a,a,a,a,a,a,a,a,Q06525,1.75,Saccharomyces cerevisiae (strain ATCC 204508 / S288c),non-human
125,2JUC,A,C57D,C57D,Q06525,C264D,2.55,2.2585,0.90998115,0.49,-0.96,0.53,1.66,1.9278014,1.51,1.865491738,-0.2531,2.08,1.9644287,1.47,1.87469,-0.1,1.37,1.847845,1.56,1.9,1.6,0.5571,1.376304177,1.4,0.631095,-1.812,2.0,-2.49,Surface,HELIX,Conserved,1,0,YES,29132128.0,C,57,D,a,a,a,a,a,a,a,a,a,a,a,a,a,a,a,a,a,a,a,a,a,Q06525,2.55,Saccharomyces cerevisiae (strain ATCC 204508 / S288c),non-human
126,2JUC,A,C57S,C57S,Q06525,C264S,0.71,2.25806,1.1294016,2.1,-1.99,-0.15,1.23,1.270459,1.38,1.588264706,-0.3978,1.04,1.7031087,3.36,-1.04054,-0.19,1.36,1.98244,0.65,1.4,1.0,0.1491,0.347996193,0.7,-0.033026,-5.156,0.7,-2.21,Surface,HELIX,Conserved,0,0,YES,29132128.0,C,57,S,a,a,a,a,a,a,a,a,a,a,a,a,a,a,a,a,a,a,a,a,a,Q06525,0.71,Saccharomyces cerevisiae (strain ATCC 204508 / S288c),non-human
127,2JYS,A,T28D,T28D,P23074,T28D,-0.05,0.0493385,0.84865581,-0.27,-0.38,0.22,0.26,0.7418915,0.33,-0.394969876,-0.0003,-0.28,0.8505184,0.95,-0.193635,0.42,1.15,-0.1464306,0.01,-0.6,-0.7,0.4094,-0.251421078,0.3,1.65386,0.084,1.4,1.2,Surface,LOOP,Intermediate,1,0,YES,16799151.0,T,28,D,a,a,a,a,a,a,a,a,a,a,a,a,a,a,a,a,a,a,a,a,a,P23074,-0.05,Simian foamy virus type 1,non-human
128,2JYS,A,Q8R,Q5R,P23074,Q8R,-0.12,-0.323993,0.8053334,-0.01,-0.08,0.64,-0.04,-0.17026347,0.17,-0.468229472,0.0456,-0.1,-0.13686016,0.18,0.0519717,-0.46,0.86,-0.369158,-0.06,-0.3,0.2,0.0407,0.074431567,0.0,0.337566,3.155,0.2,0.48,Surface,LOOP,Conserved,1,1,YES,16799151.0,Q,5,R,a,a,a,a,a,a,a,a,a,a,a,a,a,a,a,a,a,a,a,a,a,P23074,-0.12,Simian foamy virus type 1,non-human
129,2JYS,A,H22L,H22L,P23074,H22L,-0.41,-1.23995,0.41832323,-0.06,-0.46,0.43,0.35,-1.9039972,0.18,-0.298164777,-1.3439,0.09,-2.4103947,-0.31,-0.942976,0.07,1.15,-2.25806,-0.81,-0.4,-0.8,-0.1919,-0.642237266,0.2,-1.10689,-1.305,1.5,0.9,Surface,SHEET,Intermediate,0,1,YES,16799151.0,H,22,L,a,a,a,a,a,a,a,a,a,a,a,a,a,a,a,a,a,a,a,a,a,P23074,-0.41,Simian foamy virus type 1,non-human
130,2JYS,A,S25T,S25T,P23074,S25T,-0.49,-0.481193,0.89034062,0.13,0.83,-0.33,0.47,-0.6129222,0.24,-0.118151449,-0.0918,-0.04,-0.7618939,0.86,0.195265,0.29,1.15,-0.476552,0.09,-0.0,-0.2,0.2376,0.152857397,-0.1,0.001087,1.536,-0.4,1.02,Surface,LOOP,Intermediate,0,0,YES,16799151.0,S,25,T,a,a,a,a,a,a,a,a,a,a,a,a,a,a,a,a,a,a,a,a,a,P23074,-0.49,Simian foamy virus type 1,non-human
131,2KGQ,A,A19D,A18D,P56552,A19D,0.24,1.76737,0.76210582,1.7,0.69,0.53,-0.13,0.20100878,1.26,0.129658912,-0.1862,0.7,0.20668298,1.18,0.793662,0.22,0.17,1.42001,0.04,-0.5,-0.7,0.3117,0.244458272,1.1,3.10456,0.907,3.4,-0.47,Surface,HELIX,NONE,1,0,YES,27616457.0,A,18,D,a,a,a,a,a,a,a,a,a,a,a,a,a,a,a,a,a,a,a,a,a,P56552,0.24,Pentadiplandra brazzeana,non-human
133,2KGQ,A,A19G,A18G,P56552,A19G,-0.06,1.56489,1.6418024,0.45,1.47,1.03,0.45,0.6610193,1.29,0.641266972,-0.3564,0.69,0.9573271,1.97,0.236189,0.22,-0.12,1.290065,0.6,-0.0,-0.0,0.5522,0.871087791,0.9,-0.876371,3.442,2.7,0.26,Surface,HELIX,NONE,0,0,YES,27616457.0,A,18,G,a,a,a,a,a,a,a,a,a,a,a,a,a,a,a,a,a,a,a,a,a,P56552,-0.06,Pentadiplandra brazzeana,non-human
135,2KV4,A,S9C,S9C,P01133,S979C,1.51,-0.336814,1.1775729,0.11,2.08,2.19,0.16,-0.87046707,0.61,-0.443095123,-0.1274,0.25,-0.0,0.49,-0.395289,0.64,-0.79,-0.307793,-0.42,-0.2,-0.6,-0.2276,0.473658492,-0.1,1.00023,0.138,1.2,-0.02,Surface,HELIX,Intermediate,0,0,YES,16274250.0,S,9,C,a,a,a,a,a,a,a,a,a,a,a,a,a,a,a,a,a,a,a,a,a,P01133,1.51,Homo sapiens,human
136,2LU3,A,V75T,V75T,Q9QZH4,V133T,0.71,0.99251,1.258116,1.42,-0.03,2.2,0.98,0.63616526,0.83,2.004091909,0.6049,0.36,0.62000966,1.85,0.204154,2.59,1.65,1.031495,0.23,1.4,1.0,0.9181,1.36575955,1.0,0.011591,3.494,1.0,-0.76,Core,SHEET,Intermediate,0,1,YES,29193585.0,V,75,T,a,a,a,a,a,a,a,a,a,a,a,a,a,a,a,a,a,a,a,a,a,Q9QZH4,0.71,Rattus norvegicus,non-human
138,2MPC,A,R42W,R42W,O15553,R42W,-2.08,-1.26294,0.43350283,0.61,0.16,-0.42,0.37,-0.31901142,0.4,-0.139326683,0.0136,-0.05,-0.17436591,-0.28,0.700404,0.86,0.31,-0.9349065,0.11,-0.5,-0.7,0.3456,-0.619920535,-0.7,-2.6473,1.987,-1.1,2.17,Surface,HELIX,Intermediate,1,0,YES,25006247.0,R,42,W,a,a,a,a,a,a,a,a,a,a,a,a,a,a,a,a,a,a,a,a,a,O15553,-2.08,Homo sapiens,human
140,2MWG,A,V90I,V90I,O34627,V90I,0.7,-0.041329,0.024413599,0.19,0.9,0.03,0.55,-0.22759604,0.51,-0.412384875,-0.2321,-0.01,-0.14940345,0.84,-0.353083,0.84,1.36,0.099765,0.63,-0.0,-0.6,0.1851,0.355658048,-0.2,-0.453892,6.899,-0.1,0.24,Core,SHEET,Intermediate,0,1,YES,23861663.0,V,90,I,a,a,a,a,a,a,a,a,a,a,a,a,a,a,a,a,a,a,a,a,a,O34627,0.7,Bacillus subtilis (strain 168),non-human
141,2MWG,A,T30M,T30M,O34627,T30M,-0.5,-0.112326,0.14395151,0.26,-0.05,0.37,0.44,-0.7388667,-0.05,-0.939449092,-0.4035,0.39,-0.7516329,1.3,-1.23744,-0.42,1.15,0.2306385,0.25,-0.8,-1.6,0.2339,-0.284780086,-1.0,-0.639867,-1.698,-0.9,-1.91,Core,SHEET,Conserved,0,2,YES,23861663.0,T,30,M,a,a,a,a,a,a,a,a,a,a,a,a,a,a,a,a,a,a,a,a,a,O34627,-0.5,Bacillus subtilis (strain 168),non-human
142,2MWG,A,N124Y,N124Y,O34627,N124Y,-2.6,-0.590597,0.64468453,0.06,-0.22,-1.18,0.05,-0.81079525,0.3,-0.003707717,-0.5592,0.01,-0.3713569,1.24,-0.774145,0.76,1.15,-0.190446,-0.12,-0.4,-0.6,-0.3944,0.271606679,-0.9,-1.81393,-1.852,-1.4,2.18,Surface,SHEET,Intermediate,0,2,YES,23861663.0,N,124,Y,a,a,a,a,a,a,a,a,a,a,a,a,a,a,a,a,a,a,a,a,a,O34627,-2.6,Bacillus subtilis (strain 168),non-human
143,2MWG,A,H22K,H22K,O34627,H22K,-0.3,0.956068,0.64453182,-0.87,-0.17,-0.75,0.23,-0.124239676,0.34,-0.691858224,-0.2016,0.12,0.002129492,-0.18,-0.066617,-0.53,0.8,0.2656895,-0.13,-0.3,-0.2,0.0056,0.408595077,0.1,-0.00657,-5.765,1.0,0.15,Surface,HELIX,Intermediate,1,1,YES,23861663.0,H,22,K,a,a,a,a,a,a,a,a,a,a,a,a,a,a,a,a,a,a,a,a,a,O34627,-0.3,Bacillus subtilis (strain 168),non-human
144,2PBD,P,Q138L,Q138L,P07737,Q139L,-1.82,-0.137932,-0.075020916,-0.38,-0.22,-0.92,0.16,-0.02453141,0.13,0.50210846,-0.0426,0.06,-0.0,-0.02,0.0815437,-0.22,1.46,-0.08778015,-0.04,0.5,0.7,0.5723,-0.026426553,-0.1,-2.1163,0.908,0.1,0.23,Surface,LOOP,Intermediate,0,1,YES,27101547.0,Q,138,L,a,a,a,a,a,a,a,a,a,a,a,a,a,a,a,a,a,a,a,a,a,P07737,-1.82,Homo sapiens,human
145,2PBD,P,T108M,T108M,P07737,T109M,-0.07,-0.318108,0.10075255,1.06,0.31,0.4,0.52,-0.60834026,-0.18,0.530458661,-0.8244,-0.21,-0.37496978,0.45,-1.30351,0.78,1.15,0.2372235,0.56,-1.0,-2.0,0.2174,0.618076075,-0.9,-4.13376,1.549,-0.6,1.82,Core,SHEET,Intermediate,0,2,YES,27101547.0,T,108,M,a,a,a,a,a,a,a,a,a,a,a,a,a,a,a,a,a,a,a,a,a,P07737,-0.07,Homo sapiens,human
146,2PBD,P,A20T,A20T,P07737,A21T,1.53,1.28314,1.9718919,1.58,2.24,1.38,0.99,0.8471792,1.07,1.768114673,-0.2582,1.22,1.0651705,0.45,-0.0681301,1.75,1.15,1.59734,1.74,0.5,-0.2,2.2812,0.80150383,1.4,2.90569,4.025,1.6,4.98,Core,SHEET,Conserved,0,0,YES,27101547.0,A,20,T,a,a,a,a,a,a,a,a,a,a,a,a,a,a,a,a,a,a,a,a,a,P07737,1.53,Homo sapiens,human
148,2Y3Z,A,V126M,V129M,Q5SIY4,V126M,2.25,0.228895,0.71162128,0.81,1.98,1.49,0.64,0.2950403,1.35,0.135862315,0.0748,0.95,0.6748594,0.62,1.32982,1.57,1.15,0.7544375,1.94,0.3,-0.5,1.6606,1.032384261,0.5,2.19182,6.74,0.5,-1.54,Core,LOOP,Intermediate,0,1,YES,11579229.0,V,129,M,a,a,a,a,a,a,a,a,a,a,a,a,a,a,a,a,a,a,a,a,a,Q5SIY4,2.25,Thermus thermophilus (strain ATCC 27634 / DSM 579 / HB8),non-human
149,2Y3Z,A,S92F,S95F,Q5SIY4,S92F,-0.39,0.23177,-0.21793619,0.75,-0.83,0.02,0.46,-0.2739535,0.67,-0.780979204,-0.8146,0.34,-0.34607875,0.69,-1.00114,-0.3,-0.94,0.203248,-0.01,-1.0,-1.5,-0.2474,-0.897628958,-1.1,2.0069,-2.041,-0.9,0.25,Surface,HELIX,Variable,0,2,YES,11579229.0,S,95,F,a,a,a,a,a,a,a,a,a,a,a,a,a,a,a,a,a,a,a,a,a,Q5SIY4,-0.39,Thermus thermophilus (strain ATCC 27634 / DSM 579 / HB8),non-human
151,2Y3Z,A,I11V,I14V,Q5SIY4,I11V,0.05,0.900567,0.82976167,1.09,0.66,0.97,0.79,0.76395553,1.51,0.493580577,0.4915,1.13,1.0030255,0.99,0.899021,1.13,1.15,1.0112735,-0.17,1.3,0.7,0.3174,0.458900576,1.0,0.369389,0.687,1.2,2.98,Core,LOOP,Conserved,0,1,YES,11579229.0,I,14,V,a,a,a,a,a,a,a,a,a,a,a,a,a,a,a,a,a,a,a,a,a,Q5SIY4,0.05,Thermus thermophilus (strain ATCC 27634 / DSM 579 / HB8),non-human
152,3BCI,A,E96Q,E93Q,Q9EYL5,E114Q,-1.368588,0.305949,0.98063188,-0.0,0.95,-0.58,-0.04,0.113749854,-0.12,0.488244183,-0.025,0.38,-0.0,0.57,-0.393274,0.53,1.15,0.199681,0.05,0.1,-0.3,0.2017,0.08969608,-0.2,-0.056973,-0.449,-0.3,1.67,Surface,LOOP,Conserved,1,0,YES,18077463.0,E,93,Q,a,a,a,a,a,a,a,a,a,a,a,a,a,a,a,a,a,a,a,a,a,Q9EYL5,-1.368588,Staphylococcus aureus,non-human
153,3BCI,A,T153V,T150V,Q9EYL5,T171V,1.136907,0.0653239,0.48501699,0.27,-0.11,2.16,0.17,-0.9723339,-0.06,0.214638028,-0.0014,0.2,-0.4291998,0.33,-1.69976,1.24,1.15,0.21546465,0.41,-0.4,-1.1,-0.4712,-0.210460064,-0.7,-4.41457,-3.173,-0.2,0.63,Core,LOOP,Conserved,0,1,YES,18077463.0,T,150,V,a,a,a,a,a,a,a,a,a,a,a,a,a,a,a,a,a,a,a,a,a,Q9EYL5,1.136907,Staphylococcus aureus,non-human
156,3CI5,A,D187Y,D187Y,P07830,D188Y,1.9,-0.206971,0.51471418,0.51,-0.2,0.16,0.49,-0.28270802,0.82,0.15631813,-1.2193,0.49,-0.29712635,-1.1,-0.486767,0.6,-0.34,0.2552145,-0.09,-0.6,-0.9,1.019,-0.485084528,-1.0,-1.36242,0.751,-1.3,0.48,Surface,HELIX,Variable,1,2,YES,10500162.0,D,187,Y,a,a,a,a,a,a,a,a,a,a,a,a,a,a,a,a,a,a,a,a,a,P07830,1.9,Dictyostelium discoideum,non-human
157,3DUF,G,A165G,A166G,P21873,A166G,0.9,0.596918,1.1493681,1.51,2.18,1.32,1.28,0.1848334,0.94,0.065966316,1.4257,0.8,0.11011471,1.57,-0.0218247,2.1,1.15,1.035724,1.27,1.4,0.8,0.9993,2.177693025,0.9,-0.142144,5.17,0.7,-0.16,Core,LOOP,Variable,0,0,YES,15769475.0,A,166,G,a,a,a,a,a,a,a,a,a,a,a,a,a,a,a,a,a,a,a,a,a,P21873,0.9,Geobacillus stearothermophilus,non-human
158,3GDK,A,Y217F,Y217F,P03962,Y217F,2.4,0.952713,0.44597386,0.7,0.19,-0.03,-0.06,0.21707538,1.24,0.779898864,0.112,0.45,0.080224305,2.29,-0.109171,0.6,-0.1,0.5631255,0.24,0.2,-0.0,-0.1239,0.313638104,0.1,-0.764149,0.553,0.2,-0.63,Surface,LOOP,Conserved,0,0,YES,30475611.0,Y,217,F,a,a,a,a,a,a,a,a,a,a,a,a,a,a,a,a,a,a,a,a,a,P03962,2.4,Saccharomyces cerevisiae (strain ATCC 204508 / S288c),non-human
160,3GQ4,A,R244E,R243E,P84131,R244E,-4.2,1.22301,0.67371782,0.21,0.61,0.19,0.59,0.7162304,0.66,1.329608147,-0.1758,1.45,0.7136391,-1.49,2.84036,0.64,1.33,1.561235,1.14,1.4,1.0,1.4477,2.112587726,1.3,-0.105229,2.011,1.6,-0.85,Core,LOOP,Conserved,2,1,YES,30032016.0,R,243,E,a,a,a,a,a,a,a,a,a,a,a,a,a,a,a,a,a,a,a,a,a,P84131,-4.2,Geobacillus stearothermophilus,non-human
168,3RW6,A,I264V,I169V,Q9UBU9,I264V,0.64,0.707868,0.49043672,1.13,1.3,0.51,1.01,0.4018131,0.88,0.696292833,0.3569,1.12,0.26924622,0.92,1.13537,1.52,0.47,0.6734655,0.88,1.1,0.6,0.6032,1.116782395,0.3,0.965695,2.127,0.4,-1.17,Core,LOOP,Conserved,0,1,YES,24535093.0,I,169,V,a,a,a,a,a,a,a,a,a,a,a,a,a,a,a,a,a,a,a,a,a,Q9UBU9,0.64,Homo sapiens,human
170,3RW6,A,L349I,L254I,Q9UBU9,L349I,-0.05,0.283707,0.86039017,0.42,0.22,0.66,0.25,0.10930713,1.09,0.509096542,-0.0871,0.64,0.016638413,0.5,0.492274,2.44,1.16,0.481071,0.62,0.3,-0.0,-0.2534,0.158749297,0.0,0.16971,0.831,0.0,-1.81,Surface,LOOP,Intermediate,0,0,YES,24535093.0,L,254,I,a,a,a,a,a,a,a,a,a,a,a,a,a,a,a,a,a,a,a,a,a,Q9UBU9,-0.05,Homo sapiens,human
171,3RW6,A,M216L,M121L,Q9UBU9,M216L,-0.27,0.700774,0.81790005,0.34,0.92,0.07,0.44,-0.13112843,0.9,1.231401797,-0.2769,0.42,-0.07848279,1.92,0.579233,0.58,-0.22,0.463688,0.75,0.3,-0.4,0.1104,-0.314583989,-0.6,-2.91545,2.777,-0.3,-0.88,Core,HELIX,Conserved,0,0,YES,24535093.0,M,121,L,a,a,a,a,a,a,a,a,a,a,a,a,a,a,a,a,a,a,a,a,a,Q9UBU9,-0.27,Homo sapiens,human
172,3S4M,A,I154F,I73F,Q16595,I154F,-0.095602294,2.03751,1.1374569,2.54,1.1,1.22,0.97,1.4992166,1.41,1.955812064,-0.4627,0.61,1.614995,1.6,7.32734,1.48,1.06,2.23453,2.01,0.4,-0.4,1.7938,2.654558988,1.3,1.53808,5.578,2.0,4.01,Core,SHEET,Conserved,0,0,YES,16787388.0,I,73,F,a,a,a,a,a,a,a,a,a,a,a,a,a,a,a,a,a,a,a,a,a,Q16595,-0.095602294,Homo sapiens,human
173,3S4M,A,S181F,S100F,Q16595,S181F,2.6,0.49198,-0.2303654,0.36,-0.59,0.03,1.56,0.15609822,0.83,1.306292704,-1.3006,-0.14,-0.0,-0.22,3.07532,0.14,0.81,0.058933,1.09,-2.1,-3.2,0.8603,0.55552342,-1.4,-0.246005,5.894,-0.1,0.43,Core,SHEET,Intermediate,0,2,YES,31074541.0,S,100,F,a,a,a,a,a,a,a,a,a,a,a,a,a,a,a,a,a,a,a,a,a,Q16595,2.6,Homo sapiens,human
176,4MOA,A,L175V,L136V,P05519,L175V,10.49,2.09827,1.1931775,2.25,1.25,2.07,1.38,1.2188945,1.52,0.051909203,0.5296,1.13,1.7657833,0.21,3.07555,2.25,1.9,2.13312,0.89,1.4,0.9,1.8132,2.087769532,1.5,0.461855,11.646,2.0,0.51,Core,HELIX,Conserved,0,1,YES,14529489.0,L,136,V,a,a,a,a,a,a,a,a,a,a,a,a,a,a,a,a,a,a,a,a,a,P05519,10.49,Bacillus thuringiensis subsp. israelensis,non-human
178,4N6V,0,H75W,H68W,P04080,H75W,-0.573613767,0.263496,0.07632085,-0.73,0.34,-0.75,,-0.10800207,0.32,-0.384531332,-0.1083,0.21,-0.061681226,-0.19,-0.783354,,,0.5137495,0.06,0.1,0.2,0.2762,-0.210284354,-0.1,3.8489,-2.109,0.0,-1.82,Surface,LOOP,Variable,0,1,YES,14691222.0,H,68,W,a,a,a,a,a,a,a,a,a,a,a,a,a,a,a,a,a,a,a,a,a,P04080,-0.573613767,Homo sapiens,human
179,4N6V,0,P79S,P72S,P04080,P79S,-1.744741874,-0.140663,1.0199641,0.58,1.19,1.88,,0.19410025,-0.15,0.114988035,0.2769,0.52,0.015510079,-0.05,0.497328,0.69,0.8,-0.0041045,0.04,-0.2,-0.2,0.1905,0.157018318,0.0,0.143661,1.561,0.2,-0.11,Surface,LOOP,Variable,0,0,YES,14691222.0,P,72,S,a,a,a,a,a,a,a,a,a,a,a,a,a,a,a,a,a,a,a,a,a,P04080,-1.744741874,Homo sapiens,human
180,4N6V,0,P36G,P29G,P04080,P36G,1.362332696,0.452459,1.646269,0.23,0.78,1.34,,0.31452864,-0.09,0.315531311,0.4228,0.42,0.42567915,2.39,1.13605,2.38,1.19,0.5781655,0.5,-0.0,-0.0,0.6229,0.270971964,0.2,-1.15995,4.806,0.8,-1.94,Surface,LOOP,Variable,0,0,YES,14691222.0,P,29,G,a,a,a,a,a,a,a,a,a,a,a,a,a,a,a,a,a,a,a,a,a,P04080,1.362332696,Homo sapiens,human
181,4NC0,A,T54W,T49W,4NC0,T54W,0.37,0.634468,0.47694846,0.68,0.89,1.4,0.42,,0.8,-0.072,-0.0015,0.65,-0.0,1.2,-0.331759,1.18,1.16,,0.24,-0.6,-0.8,1.2222,-0.419232363,-0.2,-1.08458,0.738,0.1,3.34,Surface,LOOP,Conserved,0,2,YES,,T,49,W,a,a,a,a,a,a,a,a,a,a,a,a,a,a,a,a,a,a,a,a,a,4NC0,0.37,,non-human
182,4NC0,A,T54Y,T49Y,4NC0,T54Y,0.43,0.665852,0.34244977,0.6,0.01,0.22,0.45,,0.65,0.385,-0.0215,0.51,-0.0,-0.27,0.164739,1.18,1.15,,0.09,-0.4,-0.6,1.0729,-0.1143467,-0.3,0.226114,-1.868,-0.1,1.19,Surface,LOOP,Conserved,0,2,YES,,T,49,Y,a,a,a,a,a,a,a,a,a,a,a,a,a,a,a,a,a,a,a,a,a,4NC0,0.43,,non-human
184,4NC0,A,T54R,T49R,4NC0,T54R,-0.2,0.36378,0.58933486,0.04,0.29,1.0,0.53,,0.44,0.034,0.101,1.08,-0.0,1.4,-0.105833,1.86,1.39,,0.12,-0.1,-0.3,1.07,-0.096837714,0.0,3.72166,0.033,0.4,0.12,Surface,LOOP,Conserved,1,2,YES,,T,49,R,a,a,a,a,a,a,a,a,a,a,a,a,a,a,a,a,a,a,a,a,a,4NC0,-0.2,,non-human
185,5CG0,A,L389A,L369A,O61594,L389A,-0.67,0.306047,3.398747,2.08,0.6,3.99,0.38,0.3912107,0.6,-0.535436231,0.7349,0.51,0.293181,0.49,1.18148,1.5,0.41,0.5767195,1.26,1.0,0.8,1.1731,1.121581348,0.4,1.19482,1.079,0.5,2.02,Surface,HELIX,Intermediate,0,2,YES,26785700.0,L,369,A,a,a,a,a,a,a,a,a,a,a,a,a,a,a,a,a,a,a,a,a,a,O61594,-0.67,Spodoptera frugiperda,non-human
187,5CG0,A,M262F,M242F,O61594,M262F,-0.53,0.286159,1.2132724,0.35,-0.35,-0.92,0.46,0.17513524,0.7,-0.638687044,-0.499,0.23,0.000934718,0.5,0.240001,1.09,1.28,0.4472115,-0.05,-0.0,-0.3,0.278,-0.239788854,0.0,0.294077,-4.815,0.2,-0.66,Surface,HELIX,Variable,0,0,YES,26785700.0,M,242,F,a,a,a,a,a,a,a,a,a,a,a,a,a,a,a,a,a,a,a,a,a,O61594,-0.53,Spodoptera frugiperda,non-human
190,5DV9,A,H489D,H512D,P08659,H489D,-0.286806883,0.444652,0.67000948,0.26,0.24,0.33,-0.14,-0.08100282,0.45,0.038813717,-0.1582,0.35,-0.0,0.21,0.098066,-0.35,0.91,0.03520695,-0.07,-1.0,-1.0,0.7514,-0.068369265,0.0,0.80936,-0.743,0.4,-0.67,Surface,LOOP,Variable,1,1,YES,28711358.0,H,512,D,a,a,a,a,a,a,a,a,a,a,a,a,a,a,a,a,a,a,a,a,a,P08659,-0.286806883,Photinus pyralis,non-human
191,5DV9,A,H489M,H512M,P08659,H489M,0.26290631,0.475838,0.15096959,-0.31,-0.34,-1.01,-0.5,-0.24459338,0.36,0.719362246,-0.2045,0.23,-0.12303533,-0.68,-0.19607,-0.38,0.91,0.301437,-0.08,1.1,1.6,0.3084,0.183484741,0.0,-0.220014,1.067,0.0,-0.98,Surface,LOOP,Variable,0,1,YES,28711358.0,H,512,M,a,a,a,a,a,a,a,a,a,a,a,a,a,a,a,a,a,a,a,a,a,P08659,0.26290631,Photinus pyralis,non-human
192,5NV6,A,L569R,L569R,Q15582,L569R,3.11,1.35123,1.9598112,1.5,3.94,1.99,1.38,0.9353006,2.11,0.242723018,1.7013,2.57,1.2447387,0.12,3.56812,2.22,1.54,2.046675,2.02,2.5,2.1,3.0253,3.428685014,1.7,15.5875,7.46,1.6,3.55,Core,HELIX,Conserved,1,0,YES,29524512.0,L,569,R,a,a,a,a,a,a,a,a,a,a,a,a,a,a,a,a,a,a,a,a,a,Q15582,3.11,Homo sapiens,human
193,5NV6,A,R533Q,R533Q,Q15582,R533Q,1.1,0.0739106,0.66711799,0.25,-0.3,0.96,0.05,0.21867286,0.73,-0.080188988,0.0198,0.05,0.15990278,0.64,-0.33272,0.65,0.69,0.006719,0.82,0.3,0.1,0.5295,0.255379441,0.1,-0.101021,0.741,0.2,0.01,Surface,LOOP,Intermediate,1,1,YES,29524512.0,R,533,Q,a,a,a,a,a,a,a,a,a,a,a,a,a,a,a,a,a,a,a,a,a,Q15582,1.1,Homo sapiens,human
194,5NV6,A,R555W,R555W,Q15582,R555W,-1.79,-0.199508,0.4868634,0.33,0.08,0.48,0.23,0.13085407,0.56,-0.40073423,-0.2145,0.27,-0.002123602,0.94,-2.13534,0.75,-0.13,-0.1085535,-0.65,-0.4,-0.6,-0.1086,0.09871654,-0.2,-2.93442,-6.638,-0.3,-1.12,Surface,HELIX,Variable,1,0,YES,29524512.0,R,555,W,a,a,a,a,a,a,a,a,a,a,a,a,a,a,a,a,a,a,a,a,a,Q15582,-1.79,Homo sapiens,human
196,5VP3,A,R39K,R39K,E0WVU4,R39K,-0.413479924,0.740642,2.0003062,1.43,0.68,1.49,0.61,0.37273243,0.64,1.048110438,-0.411,1.28,0.3097936,0.41,0.621676,1.29,0.53,1.2997275,-0.28,0.8,0.3,0.1981,0.887227145,0.9,5.54885,-0.236,1.1,0.56,Core,HELIX,Intermediate,0,0,YES,26803749.0,R,39,K,a,a,a,a,a,a,a,a,a,a,a,a,a,a,a,a,a,a,a,a,a,E0WVU4,-0.413479924,Mnemiopsis leidyi,non-human
197,5VP3,A,V183T,V183T,E0WVU4,V183T,-0.353728489,1.57195,2.2466613,1.73,1.73,1.64,1.21,0.45993054,0.98,1.36515148,0.2363,0.87,1.144362,2.06,0.603791,2.11,1.91,1.48547,0.81,1.5,1.1,0.8836,1.382285945,1.0,0.581738,2.039,1.0,3.1,Core,HELIX,Intermediate,0,1,YES,26803749.0,V,183,T,a,a,a,a,a,a,a,a,a,a,a,a,a,a,a,a,a,a,a,a,a,E0WVU4,-0.353728489,Mnemiopsis leidyi,non-human
198,5VP3,A,S128G,S128G,E0WVU4,S128G,0.377629063,0.63331,1.738979,1.59,1.98,1.55,1.34,0.38369578,0.37,1.388491634,0.1548,0.31,0.4332807,-0.03,1.22772,0.17,1.06,0.7925615,2.46,1.0,0.4,0.9423,0.860848902,0.7,-0.042386,0.9,0.8,0.41,Core,HELIX,Intermediate,0,0,YES,26803749.0,S,128,G,a,a,a,a,a,a,a,a,a,a,a,a,a,a,a,a,a,a,a,a,a,E0WVU4,0.377629063,Mnemiopsis leidyi,non-human
199,6IJR,C,R288H,R94H,P37231,R316H,0.06,0.229538,1.1594936,1.37,1.18,1.13,0.96,0.29948843,0.57,0.813320525,0.5074,1.06,0.22366041,2.05,0.947534,0.65,-0.13,0.796459,-0.09,0.7,0.2,0.516,0.230608066,0.1,-3.55172,4.638,0.1,0.23,Surface,HELIX,Intermediate,1,1,YES,28208577.0,R,94,H,a,a,a,a,a,a,a,a,a,a,a,a,a,a,a,a,a,a,a,a,a,P37231,0.06,Homo sapiens,human
201,6IJR,C,E460K,E266K,P37231,E488K,-0.17,0.370622,0.81700556,0.05,1.97,-0.08,0.44,-0.15614538,0.12,1.332938656,-0.2035,1.21,-0.0,0.77,-2.88269,1.28,0.72,0.993681,0.89,-0.1,-0.8,0.1729,1.171589919,0.1,1.40546,4.481,0.2,2.75,Core,LOOP,Intermediate,2,1,YES,28208577.0,E,266,K,a,a,a,a,a,a,a,a,a,a,a,a,a,a,a,a,a,a,a,a,a,P37231,-0.17,Homo sapiens,human
202,6IJR,C,P467L,P273L,P37231,P495L,0.11,1.04178,-0.70072339,0.57,0.1,0.66,0.63,0.5017757,0.95,-0.064449438,-0.4848,0.24,-0.0,-0.62,1.71374,0.72,-0.83,1.11078,-0.06,0.1,0.2,0.5524,-0.833925032,-0.2,-0.38261,4.334,0.1,0.63,Surface,HELIX,Conserved,0,2,YES,28208577.0,P,273,L,a,a,a,a,a,a,a,a,a,a,a,a,a,a,a,a,a,a,a,a,a,P37231,0.11,Homo sapiens,human
203,6IM5,A,Y421H,Y228H,P28347,Y421H,2.95,0.924411,1.7337696,1.78,2.13,0.71,1.64,1.1367698,1.66,1.48654307,1.1434,1.44,1.2482778,1.18,1.53183,2.2,1.15,1.2067155,1.85,2.1,1.7,1.0711,2.158303394,1.6,2.27264,4.931,1.8,0.34,Core,SHEET,Conserved,0,1,YES,30903741.0,Y,228,H,a,a,a,a,a,a,a,a,a,a,a,a,a,a,a,a,a,a,a,a,a,P28347,2.95,Homo sapiens,human
205,6QJF,B,E334Q,E35Q,P78352,E334Q,1.68,-0.0876774,0.82075406,0.65,0.51,0.58,0.11,0.119341575,0.45,-0.231441747,0.109,0.34,-0.0,0.59,-0.0553997,0.42,0.24,-0.1939855,0.25,0.1,-0.2,0.0761,0.411567646,-0.3,-1.25525,-0.44,-0.5,1.78,Core,LOOP,Variable,1,0,YES,24845085.0,E,35,Q,a,a,a,a,a,a,a,a,a,a,a,a,a,a,a,a,a,a,a,a,a,P78352,1.68,Homo sapiens,human
206,6QJF,B,E401R,E102R,P78352,E401R,-5.49,-0.324487,0.7614676,0.25,0.25,-0.86,-0.16,-0.15769677,0.39,0.606961334,-0.4356,0.6,-0.000695117,-0.54,0.332415,-1.03,0.16,0.0287295,1.16,-0.2,-0.5,0.1556,-0.228567806,-0.1,0.527354,1.309,-0.1,2.58,Surface,SHEET,Intermediate,2,1,YES,24845085.0,E,102,R,a,a,a,a,a,a,a,a,a,a,a,a,a,a,a,a,a,a,a,a,a,P78352,-5.49,Homo sapiens,human
210,6TJ8,A,D143K,D143K,P27302,D143K,6.384,-0.172393,1.7483488,0.42,0.21,0.74,0.44,-0.13033435,0.03,-0.016,-0.1273,0.29,-0.072324805,-0.8,-1.28643,1.6,1.48,0.118325,-0.49,-0.2,-0.4,-0.0459,0.765706885,0.0,2.06813,-0.249,0.1,0.64,Surface,LOOP,Variable,2,2,YES,28145457.0,D,143,K,a,a,a,a,a,a,a,a,a,a,a,a,a,a,a,a,a,a,a,a,a,P27302,6.384,Escherichia coli (strain K12),non-human
211,6TJ8,A,H192P,H192P,P27302,H192P,0.537,-0.570006,1.38874,-0.6,1.04,2.61,-0.02,-0.21403906,0.3,0.006,-0.5611,0.44,-0.047078922,0.39,-1.39639,0.3,1.07,-0.239746,-0.43,0.4,0.3,0.1073,1.04099018,0.1,0.309221,-0.99,0.0,-2.69,Surface,SHEET,Variable,0,1,YES,28145457.0,H,192,P,a,a,a,a,a,a,a,a,a,a,a,a,a,a,a,a,a,a,a,a,a,P27302,0.537,Escherichia coli (strain K12),non-human
212,6UJH,A,D324E,D303E,P61964,D324E,4.14,0.409127,1.3916051,-0.02,0.59,0.39,1.67,-0.014804103,0.8,0.541338176,-0.3626,0.56,-0.022214655,-0.07,1.07721,1.67,0.89,,0.22,-0.0,-0.6,2.2358,1.317451385,0.2,0.382733,6.713,0.3,-5.58,Core,LOOP,Conserved,0,1,YES,20939513.0,D,303,E,a,a,a,a,a,a,a,a,a,a,a,a,a,a,a,a,a,a,a,a,a,P61964,4.14,Homo sapiens,human
214,6UJH,A,S146A,S125A,P61964,S146A,8.5,0.188733,0.66115037,0.43,1.88,1.44,0.05,-0.3028242,0.38,-1.190780588,0.0788,1.65,-0.36866972,-0.32,1.5457,0.4,-0.22,,0.55,0.3,-0.5,1.6197,-0.67834139,-1.0,-2.87881,0.402,-0.5,2.84,Core,SHEET,Conserved,0,0,YES,20939513.0,S,125,A,a,a,a,a,a,a,a,a,a,a,a,a,a,a,a,a,a,a,a,a,a,P61964,8.5,Homo sapiens,human
