uniprot,AF_mut,ddg,temperature,ph,measure,method,effect,SS,DOI,gene,organism,pLDDT,human,mutatex,rosetta,rasp,ddgun_seq,ddgun_seq_cat,ddgun_3d,ddgun_3d_cat,thermompnn,mutatex_rosetta,mutatex_rasp,mutatex_ddgun_seq,mutatex_ddgun_3d,mutatex_thermompnn,rosetta_rasp,rosetta_ddgun_seq,rosetta_ddgun_3d,rosetta_thermompnn,rasp_ddgun_seq,rasp_ddgun_3d,rasp_thermompnn,ddgun_seq_ddgun_3d,ddgun_seq_thermompnn,ddgun_3d_thermompnn,mutatex_rosetta_rasp,mutatex_rosetta_ddgun_seq,mutatex_rosetta_ddgun_3d,mutatex_rosetta_thermompnn,mutatex_rasp_ddgun_seq,mutatex_rasp_ddgun_3d,mutatex_rasp_thermompnn,mutatex_ddgun_seq_ddgun_3d,mutatex_ddgun_seq_thermompnn,mutatex_ddgun_3d_thermompnn,rosetta_rasp_ddgun_seq,rosetta_rasp_ddgun_3d,rosetta_rasp_thermompnn,rosetta_ddgun_seq_ddgun_3d,rosetta_ddgun_seq_thermompnn,rosetta_ddgun_3d_thermompnn,rasp_ddgun_seq_ddgun_3d,rasp_ddgun_seq_thermompnn,rasp_ddgun_3d_thermompnn,ddgun_seq_ddgun_3d_thermompnn,mutatex_rosetta_rasp_ddgun_seq,mutatex_rosetta_rasp_ddgun_3d,mutatex_rosetta_rasp_thermompnn,mutatex_rosetta_ddgun_seq_ddgun_3d,mutatex_rosetta_ddgun_seq_thermompnn,mutatex_rosetta_ddgun_3d_thermompnn,mutatex_rasp_ddgun_seq_ddgun_3d,mutatex_rasp_ddgun_seq_thermompnn,mutatex_rasp_ddgun_3d_thermompnn,mutatex_ddgun_seq_ddgun_3d_thermompnn,rosetta_rasp_ddgun_seq_ddgun_3d,rosetta_rasp_ddgun_seq_thermompnn,rosetta_rasp_ddgun_3d_thermompnn,rosetta_ddgun_seq_ddgun_3d_thermompnn,rasp_ddgun_seq_ddgun_3d_thermompnn,average_all,average_nonthermo,AA,pos,MT,ThermoMPNN>=25%sim
P04049,C96M,0.337,298.15,7.0,Fluorescence,Urea,destabilizing,E,10.1016/j.jmb.2006.10.079,RAF1,Homo sapiens,85.82,human,-1.77168,-0.56837,-0.0071217969328635,0.0,Neutral,0.0,Neutral,0.6003,-1.170025,-0.8894008984664317,-0.88584,-0.88584,-0.58569,-0.2877458984664318,-0.284185,-0.284185,0.0159649999999999,-0.0035608984664317,-0.0035608984664317,0.2965891015335682,0.0,0.30015,0.30015,-0.7823905989776211,-0.7800166666666666,-0.7800166666666666,-0.5799166666666666,-0.5929339323109545,-0.5929339323109545,-0.3928339323109545,-0.59056,-0.39046,-0.39046,-0.1918305989776212,-0.1918305989776212,0.0082694010223787,-0.1894566666666667,0.0106433333333333,0.0106433333333333,-0.0023739323109545,0.1977260676890454,0.1977260676890454,0.2000999999999999,-0.5867929492332158,-0.5867929492332158,-0.4367179492332158,-0.5850124999999999,-0.4349375,-0.4349375,-0.4447004492332158,-0.2946254492332159,-0.2946254492332159,-0.292845,-0.1438729492332159,0.006202050766784,0.006202050766784,0.0079824999999999,0.1482945507667841,-0.2911452994888105,-0.4694343593865726,C,96,M,False
P22505,N223R,-3.976,298.15,7.5,"PTS, Fluorescence",Thermal,destabilizing,-,10.1021/acsomega.9b04105,BGLB,Paenibacillus polymyxa,98.89,non-human,-0.99989,-0.40374,-0.3130549401282556,-0.1,Increase,-0.4,Increase,0.0546,-0.701815,-0.6564724700641278,-0.549945,-0.699945,-0.472645,-0.3583974700641278,-0.25187,-0.40187,-0.17457,-0.2065274700641278,-0.3565274700641277,-0.1292274700641278,-0.25,-0.0227,-0.1727,-0.5722283133760852,-0.50121,-0.60121,-0.4496766666666666,-0.4709816467094185,-0.5709816467094185,-0.4194483133760852,-0.4999633333333333,-0.34843,-0.44843,-0.2722649800427518,-0.3722649800427519,-0.2207316467094185,-0.3012466666666666,-0.1497133333333333,-0.2497133333333333,-0.2710183133760852,-0.1194849800427518,-0.2194849800427518,-0.1484666666666666,-0.4541712350320639,-0.5291712350320639,-0.4155212350320639,-0.4759075,-0.3622575,-0.4372575,-0.4532362350320639,-0.3395862350320639,-0.4145862350320639,-0.3613225,-0.3041987350320639,-0.1905487350320639,-0.2655487350320639,-0.212285,-0.1896137350320639,-0.3603474900213759,-0.4433369880256511,N,223,R,False
Q15582,M619K,3.34,298.15,7.4,"CD, DSF",Urea,destabilizing,E,10.1016/j.jmb.2018.03.001,TGFBI,Homo sapiens,97.21,human,4.92225,4.87007,2.893302818061422,1.0,Decrease,1.1,Decrease,2.0547,4.89616,3.907776409030711,2.961125,3.011125,3.488475,3.881686409030711,2.935035,2.985035,3.4623850000000003,1.946651409030711,1.996651409030711,2.474001409030711,1.05,1.52735,1.57735,4.228540939353807,3.59744,3.630773333333333,3.949006666666667,2.938517606020474,2.971850939353807,3.2900842726871407,2.34075,2.658983333333333,2.6923166666666667,2.9211242726871407,2.954457606020474,3.2726909393538075,2.3233566666666667,2.6415900000000003,2.674923333333333,1.6644342726871406,1.982667606020474,2.016000939353807,1.3849,3.4214057045153554,3.446405704515356,3.685080704515356,2.97308,3.211755,3.236755,2.478888204515356,2.7175632045153555,2.7425632045153554,2.2692375,2.465843204515356,2.7045182045153555,2.7295182045153554,2.2561925,1.7620007045153554,2.8067204696769035,2.9571245636122843,M,619,K,False
P48052,L41V,0.97,298.15,7.0,Fluorescence,Urea,destabilizing,H,10.1006/jmbi.1998.2158,CPA2,Homo sapiens,95.59,human,1.85194,2.8017,2.2645939512191084,0.5,Decrease,0.5,Decrease,1.7349,2.32682,2.058266975609554,1.17597,1.17597,1.79342,2.5331469756095544,1.65085,1.65085,2.2683,1.3822969756095542,1.3822969756095542,1.9997469756095545,0.5,1.11745,1.11745,2.3060779837397027,1.71788,1.71788,2.129513333333333,1.5388446504063695,1.5388446504063695,1.950477983739703,0.9506466666666666,1.3622800000000002,1.3622800000000002,1.8554313170730363,1.8554313170730363,2.2670646504063696,1.2672333333333332,1.6788666666666667,1.6788666666666667,1.088197983739703,1.499831317073036,1.499831317073036,0.9116333333333334,1.854558487804777,1.854558487804777,2.163283487804777,1.4134099999999998,1.7221349999999995,1.7221349999999995,1.279133487804777,1.5878584878047772,1.5878584878047772,1.14671,1.5165734878047772,1.825298487804777,1.825298487804777,1.38415,1.249873487804777,1.608855658536518,1.5836467902438216,L,41,V,False
P47992,R30A,0.1,298.15,6.0,Fluorescence,Urea,destabilizing,-,10.1021/bi300842j,XCL1,Homo sapiens,70.15,human,0.52334,-0.36224,0.44112443896903,0.1,Decrease,0.0,Neutral,-0.1903,0.08055,0.482232219484515,0.31167,0.26167,0.16652,0.0394422194845149,-0.13112,-0.18112,-0.27627,0.270562219484515,0.220562219484515,0.1254122194845149,0.05,-0.0451499999999999,-0.09515,0.2007414796563433,0.0870333333333333,0.0537,-0.0097333333333333,0.3548214796563433,0.32148814632301,0.2580548129896766,0.20778,0.1443466666666666,0.1110133333333333,0.0596281463230099,0.0262948129896766,-0.0371385203436566,-0.0874133333333333,-0.1508466666666666,-0.18418,0.1803748129896766,0.1169414796563433,0.0836081463230099,-0.0301,0.1755561097422575,0.1505561097422575,0.1029811097422574,0.065275,0.0177,-0.0072999999999999,0.2661161097422575,0.2185411097422575,0.1935411097422575,0.10826,0.0447211097422574,-0.0028538902577425,-0.0278538902577425,-0.113135,0.0877061097422574,0.0853207398281716,0.1404448877938059,R,30,A,False
P40040,D14A,-0.3,322.15,6.0,"CD, Fluorescence",Urea,stabilizing,H,10.1016/j.febslet.2015.06.002,THO1,Saccharomyces cerevisiae (strain ATCC 204508 / S288c),97.79,non-human,-0.31814,-0.00476,-0.139045747662006,-0.7,Increase,-0.5,Increase,-0.0048,-0.1614499999999999,-0.228592873831003,-0.5090699999999999,-0.40907,-0.16147,-0.071902873831003,-0.3523799999999999,-0.25238,-0.0047799999999999,-0.4195228738310029,-0.319522873831003,-0.071922873831003,-0.6,-0.3524,-0.2524,-0.1539819158873353,-0.3409666666666666,-0.2743,-0.1092333333333333,-0.385728582554002,-0.3190619158873353,-0.1539952492206686,-0.5060466666666666,-0.3409799999999999,-0.2743133333333333,-0.281268582554002,-0.2146019158873353,-0.0495352492206686,-0.4015866666666666,-0.2365199999999999,-0.1698533333333333,-0.4463485825540019,-0.2812819158873353,-0.2146152492206686,-0.4015999999999999,-0.2904864369155014,-0.2404864369155014,-0.1166864369155015,-0.380725,-0.2569249999999999,-0.206925,-0.4142964369155015,-0.2904964369155015,-0.2404964369155015,-0.3807349999999999,-0.3359514369155015,-0.2121514369155015,-0.1621514369155015,-0.3023899999999999,-0.3359614369155014,-0.2777909579436676,-0.3323891495324012,D,14,A,False
P22505,M326A,1.298,298.15,7.5,"PTS, Fluorescence",Thermal,destabilizing,S,10.1021/acsomega.9b04105,BGLB,Paenibacillus polymyxa,97.76,non-human,2.76947,1.22041,2.8463120022256985,1.3,Decrease,1.1,Decrease,1.4889,1.99494,2.807891001112849,2.034735,1.934735,2.129185,2.033361001112849,1.260205,1.160205,1.354655,2.0731560011128494,1.9731560011128493,2.167606001112849,1.2000000000000002,1.39445,1.29445,2.2787306674085666,1.7632933333333334,1.696626666666667,1.82626,2.305260667408566,2.2385940007418994,2.368227334075233,1.723156666666667,1.85279,1.7861233333333333,1.7889073340752326,1.7222406674085662,1.8518740007419,1.2068033333333337,1.3364366666666667,1.26977,1.748770667408566,1.8784040007419,1.811737334075233,1.2963000000000002,2.034048000556425,1.9840480005564247,2.0812730005564246,1.59747,1.694695,1.6446950000000002,2.0039455005564246,2.1011705005564245,2.051170500556424,1.6645925,1.6166805005564244,1.7139055005564243,1.6639055005564247,1.2773275,1.6838030005564246,1.787515333704283,1.84723840044514,M,326,A,False
P37231,P495L,-0.11,283.15,8.0,CD,Urea,stabilizing,H,10.3390/ijms18020361,PPARG,Homo sapiens,89.34,human,1.87425,0.98946,-0.6402088960870456,0.1,Decrease,-0.1,Increase,0.7779,1.431855,0.6170205519564772,0.987125,0.8871249999999999,1.326075,0.1746255519564772,0.54473,0.44473,0.88368,-0.2701044480435228,-0.3701044480435227,0.0688455519564772,0.0,0.43895,0.33895,0.7411670346376514,0.9879033333333336,0.9212366666666668,1.21387,0.4446803679709848,0.3780137013043181,0.6706470346376515,0.62475,0.9173833333333334,0.8507166666666667,0.1497503679709848,0.0830837013043181,0.3757170346376515,0.32982,0.6224533333333334,0.5557866666666667,-0.2134029653623485,0.0792303679709848,0.0125637013043181,0.2593,0.5808752759782386,0.5308752759782386,0.7503502759782386,0.7159275,0.9354025,0.8854025000000001,0.3085102759782386,0.5279852759782386,0.4779852759782386,0.6630375,0.0873127759782386,0.3067877759782386,0.2567877759782386,0.44184,0.0344227759782386,0.5002335173188257,0.4447002207825908,P,495,L,False
P47992,R56A,0.1,298.15,6.0,Fluorescence,Urea,destabilizing,E,10.1021/bi300842j,XCL1,Homo sapiens,89.83,human,0.56919,0.5432,1.0808245950127056,0.3,Decrease,0.1,Decrease,0.5395,0.556195,0.8250072975063527,0.4345949999999999,0.334595,0.554345,0.8120122975063528,0.4216,0.3216,0.54135,0.6904122975063528,0.5904122975063528,0.8101622975063527,0.2,0.4197499999999999,0.31975,0.7310715316709019,0.4707966666666667,0.40413,0.55063,0.6500048650042352,0.5833381983375685,0.7298381983375685,0.3230633333333333,0.4695633333333333,0.4028966666666666,0.6413415316709019,0.5746748650042353,0.7211748650042352,0.3143999999999999,0.4608999999999999,0.3942333333333334,0.4936081983375686,0.6401081983375686,0.5734415316709018,0.3131666666666666,0.6233036487531763,0.5733036487531764,0.6831786487531764,0.3780975,0.4879725,0.4379725,0.5125036487531763,0.6223786487531764,0.5723786487531763,0.3771724999999999,0.5060061487531764,0.6158811487531765,0.5658811487531764,0.370675,0.5050811487531764,0.5221190991687842,0.5186429190025411,R,56,A,False
A2IC68,Y146A,-0.89,298.15,7.4,Fluorescence,GdmCl,stabilizing,S,10.1107/S2052252516016675,FIMH,Escherichia coli,91.62,non-human,0.80566,1.22619,0.7598265160337381,2.6,Decrease,0.7,Decrease,0.1129,1.015925,0.7827432580168691,1.70283,0.75283,0.45928,0.993008258016869,1.913095,0.963095,0.669545,1.6799132580168692,0.729913258016869,0.436363258016869,1.65,1.3564500000000002,0.40645,0.9305588386779128,1.54395,0.9106166666666664,0.7149166666666668,1.388495505344579,0.755162172011246,0.559462172011246,1.3685533333333335,1.1728533333333333,0.53952,1.5286721720112462,0.8953388386779126,0.6996388386779127,1.50873,1.31303,0.6796966666666666,1.3532755053445795,1.157575505344579,0.524242172011246,1.1376333333333333,1.3479191290084347,0.8729191290084346,0.7261441290084345,1.3329625,1.1861875,0.7111874999999999,1.2163716290084343,1.0695966290084344,0.5945966290084346,1.05464,1.3215041290084346,1.1747291290084343,0.6997291290084344,1.1597725,1.0431816290084346,1.0340960860056232,1.218335303206748,Y,146,A,False
P25440,E140K,3.48,283.15,7.5,"CD, Fluorescence",Urea,destabilizing,H,10.1371/journal.pone.0159180,BRD2,Homo sapiens,97.49,human,1.21327,1.68946,0.7847217854765078,0.4,Decrease,0.1,Decrease,1.7284,1.451365,0.998995892738254,0.806635,0.6566350000000001,1.470835,1.2370908927382538,1.04473,0.89473,1.70893,0.592360892738254,0.4423608927382539,1.256560892738254,0.25,1.0642,0.9142,1.229150595158836,1.10091,1.00091,1.54371,0.799330595158836,0.6993305951588359,1.242130595158836,0.57109,1.1138899999999998,1.01389,0.9580605951588358,0.8580605951588359,1.4008605951588358,0.72982,1.27262,1.17262,0.428240595158836,0.971040595158836,0.8710405951588359,0.7427999999999999,1.0218629463691271,0.946862946369127,1.353962946369127,0.8506825,1.2577825,1.1827825,0.624497946369127,1.031597946369127,0.956597946369127,0.8604175000000001,0.7435454463691269,1.150645446369127,1.075645446369127,0.979465,0.7532804463691269,0.985975297579418,0.8374903570953016,E,140,K,False
P04080,P36G,1.362,298.15,6.0,CD,thermal,destabilizing,-,10.1110/ps.03270904,CSTB,Homo sapiens,97.43,human,1.46109,2.16429,0.1991853903640772,0.7,Decrease,0.1,Decrease,0.4243,1.81269,0.8301376951820386,1.080545,0.780545,0.942695,1.1817376951820384,1.4321449999999998,1.132145,1.294295,0.4495926951820386,0.1495926951820386,0.3117426951820386,0.3999999999999999,0.5621499999999999,0.26215,1.2748551301213589,1.4417933333333333,1.2417933333333333,1.3498933333333332,0.7867584634546924,0.5867584634546924,0.6948584634546924,0.7536966666666666,0.8617966666666667,0.6617966666666667,1.0211584634546922,0.8211584634546923,0.9292584634546924,0.9880966666666664,1.0961966666666665,0.8961966666666666,0.3330617967880257,0.4411617967880257,0.2411617967880257,0.4080999999999999,1.1311413475910193,0.9811413475910192,1.0622163475910191,1.106345,1.18742,1.03742,0.6150688475910193,0.6961438475910193,0.5461438475910193,0.6713475,0.7908688475910192,0.8719438475910192,0.7219438475910193,0.8471474999999999,0.3558713475910193,0.8414775650606794,0.9249130780728152,P,36,G,False
O34627,N124F,-1.1,298.15,7.9,Fluorescence,Thermal,stabilizing,E,10.1371/journal.pcbi.1003129,PFYP,Bacillus subtilis (strain 168),97.56,non-human,0.04141,-0.81667,-0.6522775319998997,-1.2,Increase,-1.1,Increase,-0.1721,-0.38763,-0.3054337659999498,-0.579295,-0.5292950000000001,-0.065345,-0.7344737659999498,-1.008335,-0.958335,-0.494385,-0.9261387659999498,-0.8761387659999499,-0.4121887659999498,-1.15,-0.6860499999999999,-0.63605,-0.4758458439999666,-0.65842,-0.6250866666666667,-0.3157866666666667,-0.6036225106666332,-0.5702891773333,-0.2609891773332999,-0.7528633333333333,-0.4435633333333333,-0.41023,-0.8896491773332998,-0.8563158439999666,-0.5470158439999665,-1.03889,-0.72959,-0.6962566666666667,-0.9840925106666332,-0.6747925106666331,-0.6414591773332999,-0.8240333333333333,-0.6568843829999749,-0.631884382999975,-0.3999093829999749,-0.768815,-0.53684,-0.5118400000000001,-0.727716882999975,-0.4957418829999749,-0.4707418829999749,-0.6076725,-0.9422368829999748,-0.7102618829999748,-0.6852618829999749,-0.8221925,-0.7810943829999749,-0.6499395886666499,-0.7455075063999799,N,124,F,False
P81662,E2A,0.23,,7.4,Isothermal titration calorimetry,Thermal,stabilizing,S,10.1016/j.abb.2017.11.005,ACTP1,Stichodactyla helianthus,86.39,non-human,0.1812,0.99218,0.4508391748656692,-0.2,Increase,-0.1,Increase,-0.4862,0.5866899999999999,0.3160195874328346,-0.0094,0.0406,-0.1525,0.7215095874328346,0.3960899999999999,0.44609,0.2529899999999999,0.1254195874328346,0.1754195874328346,-0.0176804125671654,-0.15,-0.3431,-0.2931,0.5414063916218897,0.3244599999999999,0.3577933333333332,0.2290599999999999,0.1440130582885564,0.1773463916218897,0.0486130582885563,-0.0396,-0.1683333333333333,-0.135,0.414339724955223,0.4476730582885563,0.318939724955223,0.2307266666666666,0.1019933333333332,0.1353266666666666,0.050279724955223,-0.0784536083781102,-0.0451202750447769,-0.2620666666666666,0.3560547937164173,0.3810547937164172,0.2845047937164173,0.2183449999999999,0.1217949999999999,0.1467949999999999,0.0830097937164172,-0.0135402062835827,0.0114597937164172,-0.15125,0.2857547937164172,0.1892047937164173,0.2142047937164172,0.0514949999999999,-0.0838402062835827,0.1396698624776115,0.2648438349731338,E,2,A,False
P02882,R39G,-1.194,298.15,5.5,CD,Thermal,stabilizing,-,10.1038/s41598-018-31177-z,MONB,Dioscoreophyllum cumminsii,97.45,non-human,1.05308,1.63844,1.5494342083434889,3.1,Decrease,1.0,Decrease,0.2971,1.3457599999999998,1.3012571041717444,2.07654,1.02654,0.67509,1.5939371041717445,2.36922,1.31922,0.96777,2.3247171041717447,1.2747171041717444,0.9232671041717444,2.05,1.69855,0.64855,1.4136514027811629,1.9305066666666668,1.2305066666666666,0.9962066666666666,1.9008380694478293,1.2008380694478296,0.9665380694478296,1.7176933333333333,1.4833933333333336,0.7833933333333333,2.0959580694478297,1.3959580694478295,1.1616580694478296,1.9128133333333333,1.6785133333333333,0.9785133333333332,1.8831447361144964,1.648844736114497,0.9488447361144964,1.4657,1.835238552085872,1.310238552085872,1.1345135520858722,1.69788,1.522155,0.997155,1.6756285520858722,1.4999035520858723,0.9749035520858722,1.362545,1.821968552085872,1.6462435520858725,1.1212435520858723,1.508885,1.4866335520858724,1.4396757013905814,1.6681908416686977,R,39,G,False
P40040,I35A,0.9,322.15,6.0,"CD, Fluorescence",Urea,destabilizing,H,10.1016/j.febslet.2015.06.002,THO1,Saccharomyces cerevisiae (strain ATCC 204508 / S288c),94.53,non-human,1.55857,1.28707,1.660725582219991,1.1,Decrease,0.9,Decrease,0.9099,1.42282,1.6096477911099956,1.329285,1.229285,1.234235,1.4738977911099953,1.193535,1.093535,1.098485,1.3803627911099956,1.2803627911099955,1.2853127911099955,1.0,1.00495,0.90495,1.502121860739997,1.3152133333333331,1.2485466666666667,1.2518466666666666,1.4397651940733305,1.3730985274066638,1.376398527406664,1.18619,1.18949,1.1228233333333333,1.34926519407333,1.2825985274066636,1.2858985274066634,1.09569,1.09899,1.0323233333333333,1.220241860739997,1.223541860739997,1.1568751940733304,0.9699666666666666,1.401591395554998,1.351591395554998,1.354066395554998,1.21141,1.213885,1.163885,1.304823895554998,1.307298895554998,1.257298895554998,1.1171175,1.2369488955549977,1.2394238955549977,1.1894238955549976,1.0492425,1.1426563955549978,1.236044263703332,1.3012731164439983,I,35,A,False
P22505,R243K,1.463,298.15,7.5,"PTS, Fluorescence",Thermal,destabilizing,H,10.1021/acsomega.9b04105,BGLB,Paenibacillus polymyxa,98.94,non-human,1.21617,1.20782,2.8537078427673506,0.9,Decrease,0.7,Decrease,0.4931,1.211995,2.0349389213836755,1.058085,0.958085,0.854635,2.0307639213836755,1.05391,0.95391,0.85046,1.8768539213836752,1.7768539213836752,1.673403921383675,0.8,0.69655,0.5965499999999999,1.7592326142557837,1.1079966666666663,1.04133,0.9723633333333334,1.6566259475891172,1.5899592809224503,1.5209926142557837,0.9387233333333332,0.8697566666666666,0.80309,1.6538426142557838,1.587175947589117,1.5182092809224503,0.93594,0.8669733333333333,0.8003066666666666,1.4845692809224502,1.4156026142557836,1.3489359475891167,0.6977000000000001,1.5444244606918378,1.4944244606918378,1.4426994606918375,1.0059975,0.9542725,0.9042725,1.417469460691838,1.365744460691838,1.3157444606918378,0.8273174999999999,1.415381960691838,1.3636569606918378,1.3136569606918378,0.8252299999999999,1.2367019606918377,1.2284663071278918,1.3755395685534704,R,243,K,False
P61769,H33F,-0.12,298.15,7.4,Fluorescence,Urea,stabilizing,S,10.1021/bi025944a,B2M,Homo sapiens,96.04,human,-0.71413,-0.73469,-0.3641915437536314,0.3,Decrease,0.0,Neutral,0.1145,-0.72441,-0.5391607718768157,-0.207065,-0.357065,-0.299815,-0.5494407718768157,-0.2173449999999999,-0.367345,-0.3100949999999999,-0.0320957718768157,-0.1820957718768157,-0.1248457718768157,0.15,0.20725,0.05725,-0.6043371812512105,-0.38294,-0.48294,-0.4447733333333333,-0.2594405145845437,-0.3594405145845438,-0.3212738479178771,-0.1380433333333333,-0.0998766666666666,-0.1998766666666666,-0.2662938479178771,-0.3662938479178771,-0.3281271812512105,-0.1448966666666666,-0.1067299999999999,-0.2067299999999999,-0.0213971812512104,0.0167694854154562,-0.0832305145845438,0.1381666666666666,-0.3782528859384078,-0.4532528859384078,-0.4246278859384078,-0.287205,-0.25858,-0.33358,-0.1945803859384078,-0.1659553859384078,-0.2409553859384078,-0.0749075,-0.1997203859384078,-0.1710953859384078,-0.2460953859384078,-0.0800475,0.0125771140615921,-0.2330852572922719,-0.3026023087507262,H,33,F,False
P25440,D161N,2.21,283.15,7.5,"CD, Fluorescence",Urea,destabilizing,H,10.1371/journal.pone.0159180,BRD2,Homo sapiens,96.8,human,1.21014,0.12823,0.3119501972514649,-0.1,Increase,-0.0,Neutral,-0.1887,0.669185,0.7610450986257324,0.55507,0.60507,0.51072,0.2200900986257324,0.014115,0.064115,-0.0302349999999999,0.1059750986257324,0.1559750986257324,0.0616250986257324,-0.05,-0.14435,-0.09435,0.550106732417155,0.41279,0.4461233333333333,0.3832233333333333,0.4740300657504883,0.5073633990838217,0.4444633990838216,0.3700466666666666,0.3071466666666666,0.3404799999999999,0.1133933990838216,0.1467267324171549,0.0838267324171549,0.00941,-0.05349,-0.0201566666666666,0.0706500657504883,0.0077500657504882,0.0410833990838216,-0.0962333333333333,0.3875800493128662,0.4125800493128662,0.3654050493128662,0.3095925,0.2624174999999999,0.2874175,0.3555225493128662,0.3083475493128662,0.3333475493128662,0.2303599999999999,0.0850450493128662,0.0378700493128662,0.0628700493128662,-0.0401175,0.0058125493128662,0.2269366995419107,0.310064039450293,D,161,N,False
P40040,K13A,0.4,322.15,6.0,"CD, Fluorescence",Urea,destabilizing,H,10.1016/j.febslet.2015.06.002,THO1,Saccharomyces cerevisiae (strain ATCC 204508 / S288c),97.81,non-human,0.72488,0.71667,0.9139787292366596,1.2,Decrease,0.5,Decrease,1.0105,0.7207749999999999,0.8194293646183297,0.96244,0.61244,0.86769,0.8153243646183298,0.958335,0.6083350000000001,0.863585,1.0569893646183297,0.7069893646183298,0.9622393646183298,0.85,1.1052499999999998,0.75525,0.7851762430788866,0.8805166666666665,0.6471833333333333,0.8173499999999999,0.9462862430788864,0.7129529097455531,0.8831195764122198,0.8082933333333333,0.97846,0.7451266666666667,0.9435495764122198,0.7102162430788864,0.8803829097455532,0.8055566666666666,0.9757233333333332,0.74239,0.8713262430788865,1.0414929097455532,0.8081595764122199,0.9035,0.8888821823091648,0.7138821823091649,0.8415071823091649,0.7853874999999999,0.9130125,0.7380125,0.8347146823091649,0.9623396823091648,0.7873396823091648,0.858845,0.8326621823091649,0.9602871823091648,0.7852871823091648,0.8567925,0.9061196823091648,0.8443381215394433,0.8111057458473319,K,13,A,False
P61769,H104A,2.629,298.15,7.4,Fluorescence,Urea,destabilizing,-,10.1021/bi025944a,B2M,Homo sapiens,98.64,human,1.62933,3.29082,1.9377780910881923,3.1,Decrease,2.3,Decrease,1.1932,2.460075,1.783554045544096,2.364665,1.964665,1.411265,2.6142990455440964,3.19541,2.79541,2.24201,2.518889045544096,2.118889045544096,1.5654890455440962,2.7,2.1466000000000003,1.7466,2.285976030362731,2.673383333333333,2.4067166666666666,2.037783333333333,2.222369363696064,1.9557026970293967,1.586769363696064,2.34311,1.9741766666666667,1.70751,2.776199363696064,2.5095326970293974,2.1405993636960643,2.8969399999999994,2.5280066666666667,2.26134,2.4459260303627306,2.076992697029397,1.8103260303627309,2.1977333333333333,2.489482022772048,2.289482022772048,2.012782022772048,2.5800374999999995,2.3033375,2.1033375,2.241777022772048,1.965077022772048,1.765077022772048,2.0556325,2.6571495227720483,2.3804495227720484,2.180449522772048,2.471005,2.132744522772048,2.2418546818480323,2.4515856182176385,H,104,A,False
P04049,S77A,1.5730000000000002,298.15,7.0,Fluorescence,Urea,destabilizing,H,10.1016/j.jmb.2006.10.079,RAF1,Homo sapiens,89.98,human,0.40812,0.48537,0.17439253654565,0.0,Neutral,-0.0,Neutral,0.8699,0.446745,0.291256268272825,0.20406,0.20406,0.63901,0.329881268272825,0.242685,0.242685,0.677635,0.087196268272825,0.087196268272825,0.5221462682728251,0.0,0.43495,0.43495,0.3559608455152167,0.29783,0.29783,0.5877966666666666,0.1941708455152166,0.1941708455152166,0.4841375121818833,0.13604,0.4260066666666666,0.4260066666666666,0.2199208455152167,0.2199208455152167,0.5098875121818834,0.16179,0.4517566666666666,0.4517566666666666,0.0581308455152166,0.3480975121818834,0.3480975121818834,0.2899666666666666,0.2669706341364125,0.2669706341364125,0.4844456341364125,0.2233725,0.4408475,0.4408475,0.1456281341364125,0.3631031341364125,0.3631031341364125,0.319505,0.1649406341364125,0.3824156341364125,0.3824156341364125,0.3388175,0.2610731341364125,0.3229637560909417,0.21357650730913,S,77,A,False
P22505,W328C,2.664,298.15,7.5,"PTS, Fluorescence",Thermal,destabilizing,B,10.1021/acsomega.9b04105,BGLB,Paenibacillus polymyxa,98.59,non-human,2.61883,3.09388,3.0170398418138835,4.0,Decrease,2.2,Decrease,0.7528,2.856355,2.817934920906942,3.309415,2.409415,1.685815,3.0554599209069417,3.54694,2.64694,1.92334,3.508519920906941,2.608519920906942,1.8849199209069416,3.1,2.3764,1.4764000000000002,2.909916613937961,3.23757,2.63757,2.15517,3.211956613937961,2.611956613937961,2.1295566139379614,2.93961,2.45721,1.85721,3.370306613937961,2.770306613937961,2.287906613937961,3.0979600000000005,2.61556,2.01556,3.072346613937961,2.5899466139379608,1.989946613937961,2.3176,3.18243746045347,2.732437460453471,2.370637460453471,2.9781775,2.6163775,2.1663775,2.958967460453472,2.597167460453471,2.147167460453471,2.3929075,3.077729960453471,2.715929960453471,2.265929960453472,2.5116700000000005,2.4924599604534707,2.6137583069689807,2.985949968362777,W,328,C,False
P48052,E29A,0.3,298.15,7.0,Fluorescence,Urea,destabilizing,E,10.1006/jmbi.1998.2158,CPA2,Homo sapiens,98.64,human,0.90344,-0.0568,0.4496431605277301,-0.2,Increase,-0.2,Increase,-0.2027,0.42332,0.676541580263865,0.35172,0.35172,0.35037,0.196421580263865,-0.1284,-0.1284,-0.12975,0.124821580263865,0.124821580263865,0.123471580263865,-0.2,-0.20135,-0.20135,0.4320943868425766,0.2155466666666667,0.2155466666666667,0.2146466666666666,0.3843610535092434,0.3843610535092434,0.3834610535092433,0.1678133333333333,0.1669133333333333,0.1669133333333333,0.0642810535092433,0.0642810535092433,0.0633810535092433,-0.1522666666666667,-0.1531666666666666,-0.1531666666666666,0.01654772017591,0.01564772017591,0.01564772017591,-0.2009,0.2740707901319325,0.2740707901319325,0.2733957901319325,0.11166,0.110985,0.110985,0.2382707901319325,0.2375957901319325,0.2375957901319325,0.075185,-0.0017892098680674,-0.0024642098680674,-0.0024642098680674,-0.164875,-0.0382642098680674,0.1155971934212883,0.179256632105546,E,29,A,False
P04049,A97G,0.863,298.15,7.0,Fluorescence,Urea,destabilizing,E,10.1016/j.jmb.2006.10.079,RAF1,Homo sapiens,88.92,human,1.29932,1.95374,1.436975869289483,0.0,Neutral,0.0,Neutral,0.9789,1.62653,1.3681479346447416,0.64966,0.64966,1.13911,1.6953579346447416,0.97687,0.97687,1.46632,0.7184879346447415,0.7184879346447415,1.2079379346447414,0.0,0.48945,0.48945,1.563345289763161,1.0843533333333333,1.0843533333333333,1.410653333333333,0.9120986230964944,0.9120986230964944,1.2383986230964945,0.4331066666666667,0.7594066666666667,0.7594066666666667,1.1302386230964945,1.1302386230964945,1.4565386230964943,0.6512466666666666,0.9775466666666668,0.9775466666666668,0.4789919564298276,0.8052919564298276,0.8052919564298276,0.3263,1.1725089673223708,1.1725089673223708,1.4172339673223708,0.813265,1.05799,1.05799,0.6840739673223708,0.9287989673223708,0.9287989673223708,0.569555,0.8476789673223708,1.0924039673223709,1.0924039673223709,0.73316,0.6039689673223707,0.9448226448815804,0.9380071738578966,A,97,G,False
P48052,Y88L,2.78,298.15,7.0,Fluorescence,Urea,destabilizing,E,10.1006/jmbi.1998.2158,CPA2,Homo sapiens,98.48,human,1.35248,1.59082,2.372561924583363,0.7,Decrease,0.4,Decrease,2.1932,1.47165,1.8625209622916807,1.02624,0.8762399999999999,1.77284,1.9816909622916807,1.14541,0.99541,1.89201,1.5362809622916815,1.3862809622916814,2.282880962291681,0.55,1.4466,1.2966,1.7719539748611208,1.2144333333333333,1.1144333333333332,1.7121666666666666,1.475013974861121,1.375013974861121,1.9727473081944544,0.8174933333333333,1.4152266666666666,1.3152266666666663,1.5544606415277875,1.4544606415277876,2.052193974861121,0.89694,1.4946733333333333,1.3946733333333334,1.1575206415277877,1.7552539748611211,1.655253974861121,1.0977333333333334,1.5039654811458407,1.4289654811458408,1.877265481145841,1.010825,1.459125,1.384125,1.2062604811458408,1.6545604811458408,1.5795604811458408,1.16142,1.2658454811458408,1.7141454811458408,1.6391454811458408,1.221005,1.4164404811458406,1.4348436540972271,1.2831723849166727,Y,88,L,False
A2IC68,Y57A,1.435,298.15,7.4,Fluorescence,GdmCl,destabilizing,-,10.1107/S2052252516016675,FIMH,Escherichia coli,94.06,non-human,0.08509,0.51939,1.0231039797333423,1.3,Decrease,0.5,Decrease,0.7994,0.30224,0.5540969898666712,0.692545,0.292545,0.442245,0.7712469898666712,0.909695,0.509695,0.659395,1.161551989866671,0.7615519898666712,0.9112519898666712,0.9,1.0497,0.6496999999999999,0.5425279932444474,0.6348266666666667,0.36816,0.46796,0.8027313265777808,0.5360646599111142,0.6358646599111141,0.6283633333333333,0.7281633333333333,0.4614966666666666,0.9474979932444476,0.6808313265777808,0.7806313265777808,0.7731300000000001,0.8729300000000001,0.6062633333333333,0.941034659911114,1.040834659911114,0.7741679932444474,0.8664666666666667,0.7318959949333357,0.5318959949333356,0.6067459949333356,0.60112,0.67597,0.47597,0.7270484949333356,0.8018984949333355,0.6018984949333356,0.6711225,0.8356234949333357,0.9104734949333356,0.7104734949333356,0.7796975,0.9056259949333356,0.7044973299555571,0.6855167959466686,Y,57,A,False
P04080,H75W,-0.574,298.15,6.0,CD,thermal,stabilizing,G,10.1110/ps.03270904,CSTB,Homo sapiens,95.5,human,-1.26921,-0.33061,-0.5998875966028605,-0.1,Increase,-0.1,Increase,0.3383,-0.79991,-0.9345487983014302,-0.684605,-0.684605,-0.4654549999999999,-0.4652487983014303,-0.215305,-0.215305,0.0038449999999999,-0.3499437983014302,-0.3499437983014302,-0.1307937983014302,-0.1,0.1191499999999999,0.1191499999999999,-0.7332358655342869,-0.5666066666666667,-0.5666066666666667,-0.4205066666666666,-0.6563658655342869,-0.6563658655342869,-0.5102658655342868,-0.4897366666666667,-0.3436366666666666,-0.3436366666666666,-0.3434991988676202,-0.3434991988676202,-0.1973991988676201,-0.17687,-0.03077,-0.03077,-0.2666291988676201,-0.1205291988676201,-0.1205291988676201,0.0460999999999999,-0.5749268991507152,-0.5749268991507152,-0.4653518991507151,-0.449955,-0.34038,-0.34038,-0.5172743991507152,-0.4076993991507151,-0.4076993991507151,-0.2827275,-0.2826243991507152,-0.1730493991507151,-0.1730493991507151,-0.0480775,-0.1153968991507151,-0.3435679327671435,-0.4799415193205721,H,75,W,False
P81662,D9A,-1.26,,7.4,Isothermal titration calorimetry,Thermal,destabilizing,G,10.1016/j.abb.2017.11.005,ACTP1,Stichodactyla helianthus,97.17,non-human,-0.28594,0.98265,0.538227445609867,-0.3,Increase,-0.2,Increase,0.3576,0.3483549999999999,0.1261437228049335,-0.29297,-0.24297,0.0358299999999999,0.7604387228049335,0.341325,0.391325,0.670125,0.1191137228049335,0.1691137228049335,0.4479137228049334,-0.25,0.0287999999999999,0.0787999999999999,0.4116458152032889,0.1322366666666666,0.1655699999999999,0.3514366666666666,-0.015904184796711,0.0174291485366223,0.203295815203289,-0.26198,-0.0761133333333333,-0.04278,0.4069591485366223,0.4402924818699557,0.6261591485366224,0.1608833333333333,0.3467499999999999,0.3800833333333333,0.0127424818699556,0.1986091485366223,0.2319424818699556,-0.0474666666666666,0.2337343614024667,0.2587343614024667,0.3981343614024667,0.0491774999999999,0.1885774999999999,0.2135774999999999,-0.0619281385975332,0.0774718614024667,0.1024718614024667,-0.107085,0.2552193614024667,0.3946193614024667,0.4196193614024667,0.2100624999999999,0.0989568614024667,0.1820895742683111,0.1469874891219734,D,9,A,False
P22505,S19A,-0.951,298.15,7.5,"PTS, Fluorescence",Thermal,destabilizing,H,10.1021/acsomega.9b04105,BGLB,Paenibacillus polymyxa,98.81,non-human,-0.43965,-1.26939,-0.2281739790415127,-0.2,Increase,-0.3,Increase,-0.6957,-0.85452,-0.3339119895207563,-0.319825,-0.3698249999999999,-0.5676749999999999,-0.7487819895207564,-0.734695,-0.784695,-0.982545,-0.2140869895207563,-0.2640869895207564,-0.4619369895207563,-0.25,-0.4478499999999999,-0.49785,-0.6457379930138375,-0.6363466666666666,-0.6696799999999999,-0.80158,-0.2892746596805042,-0.3226079930138375,-0.4545079930138375,-0.3132166666666667,-0.4451166666666666,-0.47845,-0.5658546596805042,-0.5991879930138376,-0.7310879930138375,-0.5897966666666666,-0.7216966666666668,-0.75503,-0.2427246596805042,-0.3746246596805042,-0.4079579930138375,-0.3985666666666667,-0.5343034947603782,-0.5593034947603781,-0.6582284947603781,-0.55226,-0.6511849999999999,-0.6761849999999999,-0.2919559947603782,-0.3908809947603782,-0.4158809947603781,-0.4088375,-0.4993909947603782,-0.5983159947603782,-0.6233159947603781,-0.6162725,-0.3559684947603782,-0.5221523298402521,-0.4874427958083025,S,19,A,False
Q9UBU9,L267I,0.11,298.15,7.0,fluorescence,Urea,destabilizing,-,10.1039/c3cp54818j,NXF1,Homo sapiens,97.55,human,0.69797,0.64932,1.8881452216255168,0.4,Decrease,0.3,Decrease,0.1262,0.673645,1.2930576108127585,0.5489850000000001,0.498985,0.412085,1.2687326108127583,0.52466,0.4746599999999999,0.38776,1.1440726108127584,1.0940726108127583,1.0071726108127583,0.35,0.2631,0.2131,1.0784784072085056,0.58243,0.5490966666666667,0.4911633333333334,0.9953717405418387,0.9620384072085054,0.904105073875172,0.46599,0.4080566666666667,0.3747233333333333,0.9791550738751722,0.9458217405418388,0.8878884072085055,0.4497733333333333,0.39184,0.3585066666666667,0.8627150738751722,0.8047817405418388,0.7714484072085055,0.2754,0.9088588054063792,0.8838588054063792,0.8404088054063792,0.5118225,0.4683725,0.4433725,0.8215288054063791,0.7780788054063791,0.7530788054063791,0.3810425,0.8093663054063791,0.7659163054063791,0.7409163054063791,0.36888,0.6785863054063791,0.6769392036042529,0.7870870443251033,L,267,I,False
P40040,D38N,2.6,322.15,6.0,"CD, Fluorescence",Urea,destabilizing,H,10.1016/j.febslet.2015.06.002,THO1,Saccharomyces cerevisiae (strain ATCC 204508 / S288c),93.29,non-human,0.57986,1.80306,-0.2231863568325304,0.2,Decrease,-0.0,Neutral,1.407,1.1914600000000002,0.1783368215837348,0.38993,0.28993,0.99343,0.7899368215837348,1.00153,0.90153,1.6050300000000002,-0.0115931784162651,-0.1115931784162652,0.5919068215837349,0.1,0.8035,0.7035,0.7199112143891567,0.8609733333333335,0.7943066666666668,1.2633066666666668,0.1855578810558232,0.1188912143891565,0.5878912143891566,0.2599533333333333,0.7289533333333335,0.6622866666666667,0.5932912143891566,0.5266245477224899,0.99562454772249,0.6676866666666667,1.1366866666666666,1.0700200000000002,-0.0077287856108434,0.4612712143891566,0.3946045477224899,0.5356666666666666,0.5899334107918676,0.5399334107918675,0.8916834107918675,0.6457300000000001,0.99748,0.94748,0.1391684107918674,0.4909184107918674,0.4409184107918674,0.5467150000000001,0.4449684107918674,0.7967184107918674,0.7467184107918674,0.852515,0.3459534107918674,0.6277889405279117,0.4719467286334941,D,38,N,False
P22505,N223H,-2.583,298.15,7.5,"PTS, Fluorescence",Thermal,destabilizing,-,10.1021/acsomega.9b04105,BGLB,Paenibacillus polymyxa,98.89,non-human,0.35206,-1.38333,-0.8413781502430034,-0.3,Increase,-0.4,Increase,-0.5465,-0.515635,-0.2446590751215017,0.0260299999999999,-0.02397,-0.09722,-1.1123540751215018,-0.841665,-0.8916649999999999,-0.964915,-0.5706890751215017,-0.6206890751215017,-0.6939390751215018,-0.35,-0.42325,-0.47325,-0.6242160500810011,-0.4437566666666666,-0.47709,-0.5259233333333333,-0.2631060500810011,-0.2964393834143344,-0.3452727167476678,-0.11598,-0.1648133333333333,-0.1981466666666667,-0.8415693834143344,-0.8749027167476678,-0.9237360500810012,-0.6944433333333334,-0.7432766666666666,-0.7766099999999999,-0.5137927167476678,-0.5626260500810011,-0.5959593834143345,-0.4155,-0.5431620375607508,-0.5681620375607508,-0.6047870375607508,-0.4328174999999999,-0.4694425,-0.4944425,-0.2973295375607508,-0.3339545375607509,-0.3589545375607508,-0.22361,-0.7311770375607508,-0.7678020375607508,-0.7928020375607508,-0.6574575,-0.5219695375607508,-0.5198580250405005,-0.5145296300486006,N,223,H,False
P40040,K27A,0.6,322.15,6.0,"CD, Fluorescence",Urea,destabilizing,H,10.1016/j.febslet.2015.06.002,THO1,Saccharomyces cerevisiae (strain ATCC 204508 / S288c),96.05,non-human,0.85434,1.46259,0.7954911621962887,1.5,Decrease,0.5,Decrease,1.0662,1.158465,0.8249155810981443,1.17717,0.67717,0.96027,1.1290405810981443,1.481295,0.981295,1.264395,1.1477455810981445,0.6477455810981443,0.9308455810981444,1.0,1.2831,0.7831,1.0374737207320963,1.27231,0.9389766666666668,1.1277100000000002,1.0499437207320963,0.7166103873987629,0.905343720732096,0.9514466666666668,1.14018,0.8068466666666666,1.2526937207320965,0.9193603873987628,1.1080937207320962,1.1541966666666668,1.34293,1.0095966666666667,0.9318303873987628,1.1205637207320962,0.7872303873987629,1.022066666666667,1.1531052905490722,0.9031052905490722,1.0446552905490722,1.0792325,1.2207825,0.9707825,0.9124577905490722,1.054007790549072,0.8040077905490721,0.980135,1.0645202905490725,1.206070290549072,0.956070290549072,1.1321975,0.9654227905490722,1.0297701936993815,1.0224842324392578,K,27,A,False
P51608,F155S,-0.43,298.15,7.5,CD,Urea,destabilizing,-,10.1021/acs.biochem.5b00790,MECP2,Homo sapiens,87.87,human,4.84586,6.17823,5.996910722359474,4.5,Decrease,4.5,Decrease,2.9505,5.5120450000000005,5.421385361179738,4.67293,4.67293,3.89818,6.087570361179737,5.339115,5.339115,4.564365,5.248455361179737,5.248455361179737,4.4737053611797375,4.5,3.72525,3.72525,5.673666907453158,5.174696666666667,5.174696666666667,4.658196666666667,5.114256907453158,5.114256907453158,4.597756907453158,4.615286666666667,4.098786666666666,4.098786666666666,5.558380240786491,5.558380240786491,5.041880240786491,5.05941,4.54291,4.54291,4.998970240786491,4.482470240786491,4.482470240786491,3.9835,5.380250180589869,5.380250180589869,4.992875180589868,5.0060225,4.6186475,4.6186475,4.960692680589869,4.573317680589868,4.573317680589868,4.19909,5.293785180589868,4.906410180589868,4.906410180589868,4.532182499999999,4.486852680589868,4.828583453726579,5.204200144471895,F,155,S,False
P40040,Q11G,2.0,322.15,6.0,"CD, Fluorescence",Urea,destabilizing,H,10.1016/j.febslet.2015.06.002,THO1,Saccharomyces cerevisiae (strain ATCC 204508 / S288c),97.58,non-human,1.85453,3.02109,1.3054156877773706,2.0,Decrease,1.2,Decrease,1.4667,2.43781,1.5799728438886853,1.927265,1.527265,1.660615,2.163252843888685,2.510545,2.110545,2.243895,1.6527078438886853,1.2527078438886852,1.3860578438886852,1.6,1.73335,1.3333499999999998,2.060345229259124,2.291873333333333,2.0252066666666666,2.1141066666666664,1.7199818959257902,1.4533152292591236,1.5422152292591236,1.6848433333333332,1.7737433333333332,1.5070766666666664,2.108835229259124,1.8421685625924569,1.9310685625924568,2.0736966666666667,2.162596666666667,1.89593,1.5018052292591235,1.5907052292591235,1.324038562592457,1.5555666666666668,2.0452589219443427,1.8452589219443427,1.9119339219443423,2.018905,2.08558,1.88558,1.5899864219443427,1.6566614219443427,1.4566614219443426,1.6303074999999998,1.8816264219443424,1.9483014219443424,1.748301421944343,1.9219475,1.4930289219443424,1.8079559479628948,1.876207137555474,Q,11,G,False
P22505,W402R,-2.615,298.15,7.5,"PTS, Fluorescence",Thermal,destabilizing,-,10.1021/acsomega.9b04105,BGLB,Paenibacillus polymyxa,98.63,non-human,-1.09452,2.72925,5.389704752420474,5.4,Decrease,4.3,Decrease,3.652,0.817365,2.147592376210237,2.15274,1.6027399999999998,1.27874,4.059477376210237,4.064625,3.514625,3.190625,5.394852376210237,4.844852376210238,4.520852376210238,4.85,4.526,3.976,2.341478250806825,2.34491,1.978243333333333,1.7622433333333334,3.231728250806825,2.865061584140158,2.649061584140158,2.8684933333333333,2.6524933333333336,2.2858266666666665,4.506318250806825,4.139651584140158,3.92365158414016,4.143083333333333,3.9270833333333335,3.5604166666666663,5.029901584140158,4.813901584140158,4.447234917473492,4.450666666666667,3.1061086881051185,2.8311086881051186,2.6691086881051187,2.8336825,2.6716825,2.3966825,3.4987961881051186,3.3367961881051187,3.0617961881051183,3.0643700000000003,4.454738688105119,4.292738688105119,4.017738688105119,4.0203125,4.685426188105119,3.396072458736746,3.344886950484095,W,402,R,False
P22505,Y297A,-1.072,298.15,7.5,"PTS, Fluorescence",Thermal,destabilizing,-,10.1021/acsomega.9b04105,BGLB,Paenibacillus polymyxa,98.77,non-human,3.56767,3.01395,4.410413306694265,2.9,Decrease,3.1,Decrease,1.5455,3.29081,3.989041653347132,3.233835,3.333835,2.556585,3.712181653347132,2.956975,3.056975,2.279725,3.655206653347133,3.755206653347132,2.9779566533471327,3.0,2.22275,2.32275,3.6640111022314215,3.16054,3.227206666666667,2.70904,3.626027768898088,3.692694435564755,3.174527768898088,3.189223333333333,2.671056666666667,2.7377233333333333,3.4414544355647547,3.508121102231421,2.989954435564755,3.00465,2.4864833333333336,2.55315,3.470137768898088,2.951971102231422,3.0186377688980883,2.515166666666667,3.473008326673566,3.523008326673566,3.134383326673566,3.145405,2.75678,2.8067800000000003,3.494520826673566,3.1058958266735663,3.155895826673566,2.7782925,3.356090826673566,2.9674658266735663,3.017465826673566,2.6398625,2.9889783266735663,3.089588884449044,3.3984066613388526,Y,297,A,False
P04049,A85G,2.149,298.15,7.0,Fluorescence,Urea,destabilizing,H,10.1016/j.jmb.2006.10.079,RAF1,Homo sapiens,83.41,human,1.67418,2.01599,1.6737024094666682,0.0,Neutral,0.0,Neutral,1.3432,1.845085,1.673941204733334,0.83709,0.83709,1.50869,1.844846204733334,1.007995,1.007995,1.679595,0.8368512047333341,0.8368512047333341,1.508451204733334,0.0,0.6716,0.6716,1.7879574698222227,1.2300566666666668,1.2300566666666668,1.67779,1.115960803155556,1.115960803155556,1.5636941364888894,0.55806,1.005793333333333,1.005793333333333,1.2298974698222227,1.2298974698222227,1.677630803155556,0.6719966666666667,1.11973,1.11973,0.557900803155556,1.0056341364888894,1.0056341364888894,0.4477333333333333,1.340968102366667,1.340968102366667,1.6767681023666672,0.9225425,1.2583425,1.2583425,0.836970602366667,1.172770602366667,1.172770602366667,0.754345,0.922423102366667,1.258223102366667,1.258223102366667,0.8397975,0.754225602366667,1.117845401577778,1.0727744818933336,A,85,G,False
P04049,I58F,1.2990000000000002,298.15,7.0,Fluorescence,Urea,destabilizing,E,10.1016/j.jmb.2006.10.079,RAF1,Homo sapiens,90.97,human,15.85666,1.10034,2.503111826640033,0.0,Neutral,0.0,Neutral,1.6392,8.4785,9.179885913320016,7.92833,7.92833,8.74793,1.8017259133200163,0.55017,0.55017,1.36977,1.2515559133200165,1.2515559133200165,2.0711559133200166,0.0,0.8196,0.8196,6.486703942213345,5.652333333333334,5.652333333333334,6.198733333333333,6.119923942213344,6.119923942213344,6.666323942213343,5.2855533333333335,5.831953333333334,5.831953333333334,1.201150608880011,1.201150608880011,1.747550608880011,0.36678,0.91318,0.91318,0.834370608880011,1.3807706088800111,1.3807706088800111,0.5464,4.8650279566600085,4.8650279566600085,5.274827956660008,4.23925,4.64905,4.64905,4.589942956660008,4.999742956660008,4.999742956660008,4.373965,0.9008629566600084,1.3106629566600083,1.3106629566600083,0.684885,1.0355779566600083,3.516551971106672,3.892022365328007,I,58,F,False
P22505,I247E,-1.241,298.15,7.5,"PTS, Fluorescence",Thermal,destabilizing,I,10.1021/acsomega.9b04105,BGLB,Paenibacillus polymyxa,98.9,non-human,3.33283,4.13469,3.695682654580433,1.2,Decrease,1.5,Decrease,1.3695,3.73376,3.5142563272902168,2.266415,2.416415,2.351165,3.915186327290217,2.667345,2.817345,2.752095,2.4478413272902166,2.597841327290217,2.5325913272902163,1.35,1.2847499999999998,1.43475,3.721067551526812,2.8891733333333334,2.989173333333333,2.9456733333333336,2.742837551526811,2.842837551526811,2.799337551526812,2.010943333333333,1.967443333333333,2.0674433333333333,3.0101242181934773,3.110124218193478,3.066624218193478,2.27823,2.2347300000000003,2.33473,2.131894218193478,2.088394218193478,2.1883942181934777,1.3564999999999998,3.0908006636451084,3.1658006636451086,3.1331756636451087,2.54188,2.509255,2.584255,2.432128163645108,2.3995031636451083,2.4745031636451085,1.8505825,2.632593163645108,2.599968163645108,2.6749681636451084,2.0510475,1.9412956636451084,2.538783775763405,2.772640530916086,I,247,E,False
P03069,K263A,0.41,288.15,7.0,CD,Urea,destabilizing,H,10.1016/j.jmb.2003.12.069,GCN4,Saccharomyces cerevisiae (strain ATCC 204508 / S288c),97.98,non-human,0.08899,0.43401,0.2443925878783226,0.3,Decrease,0.1,Decrease,-0.2432,0.2615,0.1666912939391613,0.194495,0.094495,-0.077105,0.3392012939391613,0.367005,0.267005,0.095405,0.2721962939391613,0.1721962939391613,0.0005962939391613,0.2,0.0283999999999999,-0.0716,0.2557975292927742,0.2743333333333333,0.2076666666666666,0.0932666666666666,0.2111275292927742,0.1444608626261075,0.0300608626261075,0.1629966666666666,0.0485966666666666,-0.01807,0.3261341959594409,0.2594675292927742,0.1450675292927742,0.2780033333333333,0.1636033333333333,0.0969366666666666,0.2147975292927741,0.1003975292927741,0.0337308626261075,0.0522666666666666,0.2668481469695806,0.2168481469695806,0.1310481469695806,0.2307499999999999,0.14495,0.09495,0.1833456469695806,0.0975456469695806,0.0475456469695806,0.0614475,0.2696006469695807,0.1838006469695806,0.1338006469695806,0.1477025,0.1002981469695806,0.1540320979797204,0.2334785175756645,K,263,A,False
P04049,A118L,1.951,298.15,7.0,Fluorescence,Urea,destabilizing,G,10.1016/j.jmb.2006.10.079,RAF1,Homo sapiens,87.48,human,2.47483,4.22143,2.3018628401232912,0.0,Neutral,-0.0,Neutral,1.838,3.34813,2.3883464200616453,1.237415,1.237415,2.156415,3.2616464200616457,2.110715,2.110715,3.029715,1.1509314200616456,1.1509314200616456,2.069931420061645,0.0,0.919,0.919,2.999374280041097,2.2320866666666666,2.2320866666666666,2.844753333333333,1.5922309467077636,1.5922309467077636,2.2048976133744302,0.8249433333333333,1.43761,1.43761,2.174430946707764,2.174430946707764,2.78709761337443,1.4071433333333332,2.01981,2.01981,0.7672876133744304,1.3799542800410969,1.3799542800410969,0.6126666666666667,2.2495307100308226,2.2495307100308226,2.709030710030823,1.674065,2.133565,2.133565,1.1941732100308229,1.653673210030823,1.653673210030823,1.0782075,1.6308232100308229,2.0903232100308227,2.0903232100308227,1.5148575,1.0349657100308227,1.8060204733538816,1.799624568024658,A,118,L,False
P04049,V60A,2.251,298.15,7.0,Fluorescence,Urea,destabilizing,E,10.1016/j.jmb.2006.10.079,RAF1,Homo sapiens,89.82,human,4.21652,3.03605,3.4217963888969747,0.0,Neutral,0.0,Neutral,2.0446,3.626285,3.819158194448488,2.10826,2.10826,3.13056,3.2289231944484875,1.518025,1.518025,2.540325,1.7108981944484871,1.7108981944484871,2.733198194448488,0.0,1.0223,1.0223,3.558122129632325,2.417523333333333,2.417523333333333,3.0990566666666672,2.546105462965658,2.546105462965658,3.2276387962989914,1.405506666666667,2.08704,2.08704,2.152615462965658,2.152615462965658,2.8341487962989915,1.0120166666666666,1.69355,1.69355,1.1405987962989916,1.822132129632325,1.822132129632325,0.6815333333333333,2.668591597224244,2.668591597224244,3.179741597224244,1.8131425,2.3242925000000003,2.3242925000000003,1.909579097224244,2.4207290972242435,2.4207290972242435,1.56528,1.6144615972242438,2.1256115972242435,2.1256115972242435,1.2701625,1.3665990972242437,2.119827731482829,2.134873277779395,V,60,A,False
P48052,Q75G,0.49,298.15,7.0,Fluorescence,Urea,destabilizing,H,10.1006/jmbi.1998.2158,CPA2,Homo sapiens,97.22,human,0.8595,0.85476,0.4819152577489172,0.6,Decrease,0.2,Decrease,0.3413,0.85713,0.6707076288744587,0.72975,0.52975,0.6004,0.6683376288744586,0.7273799999999999,0.52738,0.59803,0.5409576288744586,0.3409576288744586,0.4116076288744585,0.4,0.47065,0.27065,0.732058419249639,0.77142,0.6380866666666666,0.6851866666666666,0.6471384192496391,0.5138050859163058,0.5609050859163057,0.5531666666666667,0.6002666666666666,0.4669333333333333,0.645558419249639,0.5122250859163057,0.5593250859163057,0.5515866666666666,0.5986866666666666,0.4653533333333333,0.4273050859163057,0.4744050859163057,0.3410717525829723,0.3804333333333333,0.6990438144372293,0.5990438144372293,0.6343688144372293,0.628565,0.66389,0.56389,0.5353538144372294,0.5706788144372293,0.4706788144372293,0.5002,0.5341688144372293,0.5694938144372292,0.4694938144372292,0.4990149999999999,0.4058038144372293,0.5562458762914863,0.5992350515497835,Q,75,G,False
P25440,D160Y,4.02,283.15,7.5,"CD, Fluorescence",Urea,destabilizing,H,10.1371/journal.pone.0159180,BRD2,Homo sapiens,96.59,human,0.94279,-0.26531,-0.1369701368301645,-0.8,Increase,-0.7,Increase,0.7329,0.33874,0.4029099315849177,0.0713949999999999,0.121395,0.837845,-0.2011400684150822,-0.532655,-0.4826549999999999,0.233795,-0.4684850684150823,-0.4184850684150822,0.2979649315849177,-0.75,-0.03355,0.01645,0.1801699543899451,-0.0408399999999999,-0.0075066666666666,0.4701266666666666,0.0019399543899451,0.0352732877232785,0.5129066210566119,-0.1857366666666666,0.2918966666666666,0.32523,-0.4007600456100548,-0.3674267122767214,0.1102066210566118,-0.5884366666666666,-0.1108033333333333,-0.0774699999999999,-0.5456567122767215,-0.0680233789433882,-0.0346900456100548,-0.2557,-0.0648725342075411,-0.0398725342075411,0.3183524657924589,-0.2056299999999999,0.152595,0.177595,-0.1735450342075411,0.1846799657924588,0.2096799657924588,0.0439225,-0.4755700342075411,-0.1173450342075411,-0.0923450342075411,-0.2581025,-0.2260175342075411,-0.0377650228050274,-0.1918980273660329,D,160,Y,False
O34627,V120I,-1.4,298.15,7.9,Fluorescence,Thermal,stabilizing,E,10.1371/journal.pcbi.1003129,PFYP,Bacillus subtilis (strain 168),98.15,non-human,-0.44848,-0.5881,0.1691735932332128,-0.1,Increase,-0.2,Increase,-0.1422,-0.5182899999999999,-0.1396532033833936,-0.27424,-0.32424,-0.29534,-0.2094632033833935,-0.3440499999999999,-0.39405,-0.36515,0.0345867966166063,-0.0154132033833936,0.0134867966166064,-0.15,-0.1211,-0.1711,-0.2891354689222623,-0.37886,-0.4121933333333332,-0.3929266666666666,-0.1264354689222624,-0.1597688022555957,-0.140502135588929,-0.2494933333333333,-0.2302266666666666,-0.2635599999999999,-0.1729754689222623,-0.2063088022555957,-0.187042135588929,-0.2960333333333333,-0.2767666666666666,-0.3101,-0.0436088022555957,-0.024342135588929,-0.0576754689222624,-0.1474,-0.2418516016916967,-0.2668516016916967,-0.2524016016916968,-0.3341449999999999,-0.3196949999999999,-0.344695,-0.1448266016916968,-0.1303766016916968,-0.1553766016916968,-0.22267,-0.1797316016916967,-0.1652816016916967,-0.1902816016916968,-0.257575,-0.0682566016916968,-0.2182677344611311,-0.2334812813533574,V,120,I,False
P03372,C245A,2.09,298.15,6.5,fluorescence / CD,GdmCl,destabilizing,H,10.1016/S0022-2836(02)00236-X,ESR1,Homo sapiens,96.79,human,-0.55058,0.47789,0.0639998612712816,3.8,Decrease,3.4,Decrease,0.2198,-0.0363449999999999,-0.2432900693643591,1.62471,1.42471,-0.1653899999999999,0.2709449306356408,2.138945,1.938945,0.3488449999999999,1.9319999306356408,1.7319999306356408,0.1418999306356408,3.6,2.0099,1.8099,-0.0028967129095727,1.2424366666666666,1.109103333333333,0.0490366666666666,1.1044732870904272,0.9711399537570938,-0.0889267129095727,2.216473333333333,1.1564066666666666,1.0230733333333333,1.4472966204237605,1.3139632870904272,0.2538966204237605,2.5592966666666666,1.49923,1.3658966666666668,2.421333287090427,1.361266620423761,1.2279332870904272,2.4732666666666665,0.9478274653178204,0.8478274653178204,0.0527774653178204,1.7818275,0.9867775,0.8867775,1.6783549653178205,0.8833049653178204,0.7833049653178203,1.717305,1.93547246531782,1.1404224653178203,1.0404224653178205,1.9744225,1.8709499653178203,1.235184976878547,1.4382619722542562,C,245,A,False
Q16595,G130V,2.5,298.15,7.0,CD,Thermal,destabilizing,E,10.1111/j.1742-4658.2008.06512.x,FXN,Homo sapiens,97.89,human,5.90646,7.38946,2.449928546309661,1.1,Decrease,-0.1,Increase,1.0466,6.647959999999999,4.178194273154831,3.5032300000000003,2.90323,3.47653,4.91969427315483,4.24473,3.64473,4.21803,1.7749642731548303,1.1749642731548304,1.7482642731548306,0.5,1.0733,0.4733,5.24861618210322,4.79864,4.398639999999999,4.78084,3.152129515436554,2.752129515436554,3.1343295154365536,2.302153333333333,2.6843533333333336,2.284353333333333,3.646462848769888,3.246462848769887,3.628662848769887,2.7964866666666666,3.178686666666666,2.7786866666666667,1.1499761821032204,1.5321761821032205,1.13217618210322,0.6821999999999999,4.211462136577415,3.911462136577415,4.198112136577415,3.57398,3.86063,3.56063,2.339097136577416,2.625747136577415,2.3257471365774154,1.988265,2.709847136577415,2.996497136577415,2.696497136577415,2.359015,1.1241321365774153,2.9654080910516103,3.349169709261932,G,130,V,False
P54178,F61W,-2.87,298.15,7.0,CD,Urea,stabilizing,-,10.1021/acs.biochem.7b00833,YPMQ,Bacillus subtilis (strain 168),89.82,non-human,2.66289,2.08946,0.7960373289656816,0.4,Decrease,0.5,Decrease,0.2423,2.376175,1.7294636644828407,1.531445,1.581445,1.452595,1.442748664482841,1.24473,1.29473,1.16588,0.5980186644828408,0.6480186644828407,0.5191686644828408,0.45,0.32115,0.37115,1.8494624429885604,1.71745,1.7507833333333334,1.6648833333333333,1.286309109655227,1.3196424429885605,1.2337424429885606,1.18763,1.10173,1.135063333333333,1.0951657763218938,1.128499109655227,1.0425991096552272,0.9964866666666666,0.9105866666666668,0.94392,0.5653457763218939,0.4794457763218938,0.5127791096552271,0.3807666666666667,1.4870968322414204,1.5120968322414203,1.4476718322414204,1.4130875,1.3486625,1.3736625,1.0897318322414202,1.0253068322414205,1.0503068322414204,0.9512975,0.9463743322414204,0.8819493322414204,0.9069493322414204,0.80794,0.4845843322414204,1.1151145548276136,1.2896774657931362,F,61,W,False
P04049,N56M,-0.271,298.15,7.0,Fluorescence,Urea,stabilizing,E,10.1016/j.jmb.2006.10.079,RAF1,Homo sapiens,89.49,human,-0.74564,0.07075,0.1860702646461581,-0.0,Neutral,-0.0,Neutral,0.2138,-0.337445,-0.2797848676769209,-0.37282,-0.37282,-0.26592,0.128410132323079,0.035375,0.035375,0.1422749999999999,0.093035132323079,0.093035132323079,0.199935132323079,0.0,0.1069,0.1069,-0.1629399117846139,-0.2249633333333333,-0.2249633333333333,-0.1536966666666666,-0.1865232451179472,-0.1865232451179472,-0.1152565784512806,-0.2485466666666666,-0.17728,-0.17728,0.0856067548820527,0.0856067548820527,0.1568734215487193,0.0235833333333333,0.0948499999999999,0.0948499999999999,0.0620234215487193,0.133290088215386,0.133290088215386,0.0712666666666666,-0.1222049338384604,-0.1222049338384604,-0.0687549338384604,-0.1687225,-0.1152725,-0.1152725,-0.1398924338384604,-0.0864424338384604,-0.0864424338384604,-0.13296,0.0642050661615395,0.1176550661615395,0.1176550661615395,0.0711374999999999,0.0999675661615395,-0.0458366225589736,-0.0977639470707683,N,56,M,False
P04049,I58A,3.274,298.15,7.0,Fluorescence,Urea,destabilizing,E,10.1016/j.jmb.2006.10.079,RAF1,Homo sapiens,90.97,human,4.32975,3.56361,3.412683448103472,0.0,Neutral,0.0,Neutral,2.0578,3.94668,3.871216724051736,2.164875,2.164875,3.193775,3.4881467240517363,1.781805,1.781805,2.810705,1.706341724051736,1.706341724051736,2.735241724051736,0.0,1.0289,1.0289,3.768681149367824,2.63112,2.63112,3.3170533333333334,2.580811149367824,2.580811149367824,3.266744482701157,1.44325,2.129183333333333,2.129183333333333,2.3254311493678244,2.3254311493678244,3.0113644827011576,1.18787,1.8738033333333333,1.8738033333333333,1.137561149367824,1.8234944827011568,1.8234944827011568,0.6859333333333333,2.826510862025868,2.826510862025868,3.340960862025868,1.97334,2.48779,2.48779,1.935608362025868,2.450058362025868,2.450058362025868,1.5968874999999998,1.7440733620258682,2.258523362025868,2.258523362025868,1.4053525,1.367620862025868,2.227307241350579,2.261208689620694,I,58,A,False
P22505,L174R,-0.336,298.15,7.5,"PTS, Fluorescence",Thermal,destabilizing,I,10.1021/acsomega.9b04105,BGLB,Paenibacillus polymyxa,98.83,non-human,1.3843,1.47109,1.2470405775486222,0.9,Decrease,0.9,Decrease,0.7791,1.427695,1.315670288774311,1.14215,1.14215,1.0817,1.359065288774311,1.185545,1.185545,1.125095,1.0735202887743112,1.0735202887743112,1.013070288774311,0.9,0.83955,0.83955,1.367476859182874,1.251796666666667,1.251796666666667,1.2114966666666669,1.1771135258495409,1.1771135258495409,1.1368135258495409,1.0614333333333332,1.0211333333333334,1.0211333333333334,1.2060435258495408,1.2060435258495408,1.1657435258495408,1.0903633333333334,1.0500633333333331,1.0500633333333331,1.0156801925162071,0.9753801925162074,0.9753801925162074,0.8597,1.2506076443871557,1.2506076443871557,1.2203826443871555,1.1638475,1.1336225,1.1336225,1.1078351443871557,1.0776101443871555,1.0776101443871555,0.99085,1.1295326443871556,1.0993076443871554,1.0993076443871554,1.0125475,0.9565351443871556,1.1135884295914371,1.1804861155097246,L,174,R,False
Q10ST8,Y75A,1.482,298.15,7.0,CD,Thermal,destabilizing,H,10.1002/prot.21520,LTP2,Oryza sativa subsp. japonica,87.05,non-human,0.66583,1.64286,1.16061510498768,3.5,Decrease,1.9,Decrease,1.4464,1.154345,0.91322255249384,2.082915,1.282915,1.056115,1.40173755249384,2.57143,1.77143,1.54463,2.33030755249384,1.53030755249384,1.30350755249384,2.7,2.4732,1.6732,1.1564350349958934,1.93623,1.402896666666667,1.251696666666667,1.77548170166256,1.2421483683292267,1.0909483683292267,2.021943333333333,1.8707433333333328,1.33741,2.1011583683292265,1.567825034995893,1.416625034995893,2.34762,2.19642,1.6630866666666666,2.18687170166256,2.03567170166256,1.5023383683292266,2.2821333333333333,1.74232627624692,1.34232627624692,1.22892627624692,1.9271725,1.8137725,1.4137725,1.80661127624692,1.69321127624692,1.29321127624692,1.8780575,2.05086877624692,1.93746877624692,1.53746877624692,2.122315,2.00175377624692,1.7192841841646134,1.7738610209975358,Y,75,A,False
P37231,R385A,-0.19,283.15,8.0,CD,Urea,destabilizing,-,10.3390/ijms18020361,PPARG,Homo sapiens,94.06,human,1.98053,1.64422,0.7496144943657962,0.5,Decrease,0.3,Decrease,0.0638,1.812375,1.365072247182898,1.240265,1.140265,1.022165,1.1969172471828982,1.07211,0.97211,0.85401,0.624807247182898,0.5248072471828981,0.4067072471828981,0.4,0.2819,0.1819,1.458121498121932,1.3749166666666666,1.30825,1.2295166666666666,1.0767148314552653,1.0100481647885986,0.9313148314552654,0.9268433333333332,0.84811,0.7814433333333333,0.964611498121932,0.8979448314552654,0.8192114981219322,0.8147399999999999,0.7360066666666666,0.66934,0.5165381647885987,0.4378048314552654,0.3711381647885987,0.2879333333333333,1.218591123591449,1.168591123591449,1.109541123591449,1.1061875,1.0471374999999998,0.9971375,0.882536123591449,0.823486123591449,0.773486123591449,0.7110825,0.798458623591449,0.7394086235914491,0.689408623591449,0.6270049999999999,0.403353623591449,0.8730274157276326,1.0348728988731593,R,385,A,False
P40040,V23A,0.5,322.15,6.0,"CD, Fluorescence",Urea,destabilizing,-,10.1016/j.febslet.2015.06.002,THO1,Saccharomyces cerevisiae (strain ATCC 204508 / S288c),96.47,non-human,0.55829,0.71667,1.6065171591930745,1.7,Decrease,1.1,Decrease,0.6141,0.63748,1.0824035795965372,1.1291449999999998,0.829145,0.586195,1.1615935795965373,1.208335,0.908335,0.665385,1.653258579596537,1.3532585795965373,1.1103085795965373,1.4,1.15705,0.8570500000000001,0.9604923863976916,0.9916533333333334,0.7916533333333334,0.6296866666666667,1.288269053064358,1.0882690530643582,0.9263023863976916,1.11943,0.9574633333333332,0.7574633333333334,1.3410623863976916,1.1410623863976916,0.9790957197310248,1.1722233333333334,1.0102566666666666,0.8102566666666667,1.468839053064358,1.3068723863976914,1.1068723863976917,1.1380333333333332,1.1453692897982686,0.9953692897982688,0.8738942897982687,1.0187400000000002,0.8972650000000001,0.7472650000000001,1.2412017897982688,1.1197267897982686,0.9697267897982688,0.9930975,1.2807967897982686,1.1593217897982686,1.0093217897982687,1.0326925,1.2551542897982684,1.0492628598655125,1.1362954318386147,V,23,A,False
Q8XDZ4,F138L,1.64,298.15,7.4,CD,Thermal,destabilizing,H,10.7554/eLife.01584,SPY,Escherichia coli O157:H7,95.31,non-human,1.5054,2.62347,1.5022655183394622,0.3,Decrease,0.2,Decrease,-0.0678,2.064435,1.5038327591697311,0.9027,0.8527,0.7188,2.062867759169732,1.461735,1.4117350000000002,1.277835,0.9011327591697312,0.8511327591697311,0.7172327591697311,0.25,0.1161,0.0661,1.8770451727798207,1.47629,1.4429566666666669,1.35369,1.1025551727798206,1.0692218394464874,0.9799551727798208,0.6684666666666668,0.5792,0.5458666666666666,1.4752451727798208,1.4419118394464876,1.3526451727798208,1.0411566666666667,0.95189,0.9185566666666668,0.6674218394464875,0.5781551727798208,0.5448218394464873,0.1440666666666666,1.4827838795848656,1.4577838795848657,1.3908338795848656,1.1572175,1.0902675,1.0652675,0.8769163795848656,0.8099663795848655,0.7849663795848656,0.4844,1.1564338795848657,1.0894838795848656,1.0644838795848657,0.7639175,0.4836163795848656,1.0105559197232437,1.2262271036678924,F,138,L,False
P22505,Y21A,3.443,298.15,7.5,"PTS, Fluorescence",Thermal,destabilizing,H,10.1021/acsomega.9b04105,BGLB,Paenibacillus polymyxa,98.83,non-human,2.62521,3.73197,3.259778942757188,1.8,Decrease,2.0,Decrease,2.4863,3.17859,2.942494471378594,2.212605,2.312605,2.555755,3.495874471378594,2.765985,2.865985,3.109135,2.529889471378594,2.6298894713785943,2.8730394713785943,1.9,2.14315,2.24315,3.2056529809190626,2.7190600000000003,2.7857266666666667,2.9478266666666664,2.5616629809190625,2.6283296475857294,2.790429647585729,2.1417366666666666,2.3038366666666668,2.370503333333333,2.9305829809190627,2.997249647585729,3.159349647585729,2.5106566666666668,2.672756666666667,2.7394233333333333,2.353259647585729,2.5153596475857296,2.582026314252396,2.0954333333333333,2.854239735689297,2.904239735689297,3.025814735689297,2.539295,2.66087,2.71087,2.4212472356892967,2.5428222356892967,2.592822235689297,2.2278775,2.697937235689297,2.819512235689297,2.869512235689297,2.5045675000000003,2.386519735689297,2.650543157126198,2.683391788551438,Y,21,A,False
P04049,L121A,2.5340000000000003,298.15,7.0,Fluorescence,Urea,destabilizing,T,10.1016/j.jmb.2006.10.079,RAF1,Homo sapiens,86.94,human,3.52682,3.17755,3.3652774874277447,0.1,Decrease,0.1,Decrease,1.2398,3.352185,3.446048743713872,1.81341,1.81341,2.38331,3.2714137437138726,1.638775,1.638775,2.208675,1.7326387437138724,1.7326387437138724,2.3025387437138725,0.1,0.6699,0.6699,3.3565491624759147,2.268123333333333,2.268123333333333,2.6480566666666667,2.3306991624759146,2.3306991624759146,2.7106324958092483,1.2422733333333331,1.6222066666666668,1.6222066666666668,2.214275829142581,2.214275829142581,2.594209162475915,1.12585,1.5057833333333337,1.5057833333333337,1.1884258291425815,1.5683591624759148,1.5683591624759148,0.4799333333333333,2.542411871856936,2.542411871856936,2.827361871856936,1.7260924999999998,2.0110425,2.0110425,1.7730243718569358,2.057974371856936,2.057974371856936,1.241655,1.685706871856936,1.970656871856936,1.970656871856936,1.1543375,1.2012693718569365,1.918241247904624,2.053929497485549,L,121,A,False
Q9UBU9,L317I,0.85,298.15,7.0,fluorescence,Urea,destabilizing,S,10.1039/c3cp54818j,NXF1,Homo sapiens,95.99,human,2.65198,1.99218,1.8068774245240904,1.1,Decrease,0.9,Decrease,0.7415,2.32208,2.2294287122620453,1.87599,1.77599,1.69674,1.8995287122620448,1.54609,1.44609,1.36684,1.4534387122620451,1.3534387122620453,1.2741887122620452,1.0,0.92075,0.8207500000000001,2.150345808174697,1.91472,1.848053333333333,1.7952200000000005,1.8529524748413635,1.786285808174697,1.7334524748413636,1.55066,1.4978266666666666,1.43116,1.6330191415080302,1.5663524748413635,1.51351914150803,1.3307266666666666,1.277893333333333,1.211226666666667,1.26895914150803,1.2161258081746968,1.1494591415080302,0.9138333333333334,1.8877593561310229,1.8377593561310228,1.7981343561310228,1.6610400000000003,1.6214150000000005,1.5714150000000002,1.6147143561310229,1.5750893561310226,1.5250893561310228,1.34837,1.4497643561310227,1.4101393561310227,1.3601393561310229,1.18342,1.1370943561310225,1.5320895707540154,1.6902074849048183,L,317,I,False
P25440,R419W,0.02,283.15,7.5,"CD, Fluorescence",Urea,destabilizing,H,10.1371/journal.pone.0159180,BRD2,Homo sapiens,98.57,human,-0.31042,0.95884,-0.0926721781722039,0.1,Decrease,-0.1,Increase,0.2932,0.32421,-0.2015460890861019,-0.1052099999999999,-0.20521,-0.0086099999999999,0.4330839109138981,0.52942,0.42942,0.62602,0.003663910913898,-0.0963360890861019,0.100263910913898,0.0,0.1966,0.0966,0.1852492739425987,0.2494733333333333,0.1828066666666666,0.3138733333333333,-0.1010307260574013,-0.1676973927240679,-0.0366307260574012,-0.1034733333333333,0.0275933333333333,-0.0390733333333333,0.3220559406092654,0.2553892739425987,0.3864559406092653,0.3196133333333333,0.45068,0.3840133333333333,-0.0308907260574013,0.1001759406092653,0.0335092739425987,0.0977333333333333,0.163936955456949,0.113936955456949,0.212236955456949,0.162105,0.260405,0.210405,-0.1007730445430509,-0.0024730445430509,-0.0524730445430509,-0.0043049999999999,0.216541955456949,0.314841955456949,0.264841955456949,0.31301,0.050131955456949,0.141491303637966,0.1111495643655592,R,419,W,False
P48052,I86V,1.31,298.15,7.0,Fluorescence,Urea,destabilizing,-,10.1006/jmbi.1998.2158,CPA2,Homo sapiens,98.06,human,1.36429,1.05918,1.76447894948686,0.4,Decrease,0.3,Decrease,0.8128,1.211735,1.56438447474343,0.882145,0.832145,1.088545,1.41182947474343,0.72959,0.67959,0.93599,1.08223947474343,1.03223947474343,1.28863947474343,0.35,0.6064,0.5564,1.3959829831622868,0.9411566666666666,0.9078233333333332,1.0787566666666668,1.17625631649562,1.1429229831622865,1.31385631649562,0.6880966666666666,0.8590300000000001,0.8256966666666666,1.0745529831622866,1.0412196498289532,1.2121529831622866,0.5863933333333333,0.7573266666666667,0.7239933333333334,0.8214929831622867,0.99242631649562,0.9590929831622867,0.5042666666666666,1.1469872373717152,1.121987237371715,1.250187237371715,0.7808674999999999,0.9090675,0.8840675,0.9571922373717148,1.0853922373717149,1.060392237371715,0.7192725,0.8809147373717149,1.0091147373717149,0.984114737371715,0.642995,0.8193197373717149,0.9501248249144768,0.977589789897372,I,86,V,False
P40040,L15A,1.3,322.15,6.0,"CD, Fluorescence",Urea,destabilizing,H,10.1016/j.febslet.2015.06.002,THO1,Saccharomyces cerevisiae (strain ATCC 204508 / S288c),96.22,non-human,1.29376,1.09762,2.0925398514958125,2.6,Decrease,1.5,Decrease,1.2237,1.19569,1.6931499257479063,1.94688,1.39688,1.25873,1.5950799257479062,1.84881,1.29881,1.16066,2.3462699257479063,1.7962699257479062,1.6581199257479062,2.05,1.91185,1.36185,1.4946399504986043,1.6637933333333332,1.2971266666666663,1.2050266666666667,1.9954332838319373,1.6287666171652708,1.536666617165271,1.7979200000000002,1.70582,1.3391533333333332,1.9300532838319373,1.5633866171652706,1.471286617165271,1.7325400000000002,1.64044,1.2737733333333334,2.064179950498604,1.972079950498604,1.6054132838319373,1.7745666666666666,1.770979962873953,1.4959799628739532,1.4269049628739532,1.622845,1.55377,1.27877,1.8715749628739533,1.8024999628739533,1.5274999628739532,1.654365,1.8225399628739527,1.7534649628739531,1.478464962873953,1.60533,1.8540599628739527,1.6346033085826353,1.7167839702991623,L,15,A,False
O34627,N124Y,-2.6,298.15,7.9,Fluorescence,Thermal,stabilizing,E,10.1371/journal.pcbi.1003129,PFYP,Bacillus subtilis (strain 168),97.56,non-human,-0.12356,-0.88537,-0.4367919526895292,-1.4,Increase,-1.1,Increase,-0.3781,-0.5044649999999999,-0.2801759763447646,-0.7617799999999999,-0.61178,-0.25083,-0.6610809763447646,-1.142685,-0.992685,-0.6317349999999999,-0.9183959763447646,-0.7683959763447646,-0.4074459763447646,-1.25,-0.8890499999999999,-0.73905,-0.4819073175631763,-0.8029766666666666,-0.7029766666666667,-0.4623433333333333,-0.6534506508965098,-0.5534506508965098,-0.3128173175631764,-0.87452,-0.6338866666666666,-0.5338866666666666,-0.9073873175631764,-0.8073873175631764,-0.5667539842298431,-1.1284566666666669,-0.8878233333333333,-0.7878233333333333,-0.9789306508965098,-0.7382973175631764,-0.6382973175631764,-0.9593666666666666,-0.7114304881723823,-0.6364304881723823,-0.4559554881723823,-0.8772325,-0.6967574999999999,-0.6217575,-0.7650879881723823,-0.5846129881723823,-0.5096129881723823,-0.7504149999999999,-0.9555404881723822,-0.7750654881723822,-0.7000654881723822,-0.9408675,-0.8287229881723823,-0.7206369921149216,-0.7891443905379059,N,124,Y,False
P04049,T68A,0.109,298.15,7.0,Fluorescence,Urea,destabilizing,E,10.1016/j.jmb.2006.10.079,RAF1,Homo sapiens,89.28,human,1.33753,0.8415,0.3974389956816404,0.0,Neutral,0.0,Neutral,0.0381,1.089515,0.8674844978408203,0.668765,0.668765,0.6878150000000001,0.6194694978408202,0.42075,0.42075,0.4398,0.1987194978408202,0.1987194978408202,0.2177694978408202,0.0,0.01905,0.01905,0.8588229985605468,0.7263433333333333,0.7263433333333333,0.7390433333333334,0.5783229985605468,0.5783229985605468,0.5910229985605469,0.4458433333333333,0.4585433333333333,0.4585433333333333,0.4129796652272134,0.4129796652272134,0.4256796652272134,0.2805,0.2932,0.2932,0.1324796652272134,0.1451796652272134,0.1451796652272134,0.0127,0.6441172489204101,0.6441172489204101,0.6536422489204101,0.5447575,0.5542825,0.5542825,0.4337422489204101,0.4432672489204101,0.4432672489204101,0.3439075,0.3097347489204101,0.3192597489204101,0.3192597489204101,0.2199,0.1088847489204101,0.4357614992802734,0.5152937991363281,T,68,A,False
P48052,V79G,1.1,298.15,7.0,Fluorescence,Urea,destabilizing,H,10.1006/jmbi.1998.2158,CPA2,Homo sapiens,97.64,human,0.24381,1.06769,1.1282559874260438,0.8,Decrease,0.4,Decrease,0.2109,0.65575,0.686032993713022,0.5219050000000001,0.321905,0.227355,1.097972993713022,0.933845,0.7338450000000001,0.6392950000000001,0.964127993713022,0.7641279937130219,0.669577993713022,0.6000000000000001,0.5054500000000001,0.30545,0.8132519958086813,0.7038333333333334,0.5705,0.5074666666666667,0.7240219958086813,0.590688662475348,0.5276553291420146,0.48127,0.4182366666666667,0.2849033333333333,0.998648662475348,0.8653153291420147,0.8022819958086814,0.7558966666666667,0.6928633333333334,0.5595300000000001,0.7760853291420147,0.7130519958086813,0.579718662475348,0.4703000000000001,0.8099389968565109,0.709938996856511,0.662663996856511,0.6278750000000001,0.5806000000000001,0.4806,0.643016496856511,0.595741496856511,0.495741496856511,0.4136775,0.848986496856511,0.801711496856511,0.701711496856511,0.6196475,0.634788996856511,0.6417759979043406,0.7279511974852088,V,79,G,False
P12376,Y103W,1.233,308.15,7.4,"CD,Fluorescence",GdnHCl,destabilizing,E,10.1007/s00775-013-1071-8,COPC,Pseudomonas syringae pv. tomato,98.86,non-human,2.26681,1.70748,0.8966916914219843,1.3,Decrease,1.1,Decrease,1.5798,1.987145,1.581750845710992,1.783405,1.683405,1.923305,1.3020858457109925,1.50374,1.40374,1.64364,1.0983458457109925,0.9983458457109922,1.2382458457109922,1.2000000000000002,1.4399000000000002,1.3399,1.623660563807328,1.7580966666666666,1.6914299999999998,1.8513633333333328,1.4878338971406615,1.4211672304739948,1.581100563807328,1.5556033333333332,1.715536666666667,1.6488699999999998,1.3013905638073282,1.2347238971406616,1.3946572304739948,1.3691600000000002,1.5290933333333332,1.4624266666666668,1.0988972304739948,1.2588305638073285,1.1921638971406614,1.3266000000000002,1.542745422855496,1.4927454228554962,1.612695422855496,1.5935725,1.7135224999999998,1.6635225,1.3908754228554965,1.510825422855496,1.4608254228554962,1.5616525,1.251042922855496,1.3709929228554962,1.3209929228554962,1.4218200000000003,1.219122922855496,1.475130281903664,1.4541963382843968,Y,103,W,False
P11309,E142D,3.22,283.15,7.5,CD,Urea,destabilizing,H,10.1371/journal.pone.0064824,PIM1,Homo sapiens,98.32,human,0.15825,0.53299,0.5456903692792275,0.2,Decrease,0.2,Decrease,-0.0946,0.34562,0.3519701846396137,0.179125,0.179125,0.031825,0.5393401846396138,0.366495,0.366495,0.2191949999999999,0.3728451846396138,0.3728451846396138,0.2255451846396137,0.2,0.0527,0.0527,0.4123101230930758,0.29708,0.29708,0.1988799999999999,0.3013134564264092,0.3013134564264092,0.2031134564264091,0.1860833333333333,0.0878833333333333,0.0878833333333333,0.4262267897597425,0.4262267897597425,0.3280267897597425,0.3109966666666666,0.2127966666666666,0.2127966666666666,0.3152301230930758,0.2170301230930758,0.2170301230930758,0.1018,0.3592325923198068,0.3592325923198068,0.2855825923198068,0.27281,0.19916,0.19916,0.2759850923198069,0.2023350923198069,0.2023350923198069,0.1159125,0.3696700923198068,0.2960200923198068,0.2960200923198068,0.2095975,0.2127725923198068,0.2570550615465379,0.3273860738558455,E,142,D,False
P51608,T158M,-0.25,298.15,7.5,CD,Urea,destabilizing,T,10.1021/acs.biochem.5b00790,MECP2,Homo sapiens,86.97,human,0.64132,1.07755,-0.0481102947816391,-0.0,Neutral,-0.2,Increase,0.7172,0.859435,0.2966048526091804,0.32066,0.22066,0.67926,0.5147198526091804,0.538775,0.438775,0.897375,-0.0240551473908195,-0.1240551473908195,0.3345448526091804,-0.1,0.3586,0.2585999999999999,0.5569199017394536,0.5729566666666667,0.50629,0.8120233333333333,0.1977365684061203,0.1310699017394536,0.436803235072787,0.1471066666666666,0.4528399999999999,0.3861733333333333,0.3431465684061203,0.2764799017394536,0.5822132350727869,0.2925166666666667,0.5982500000000001,0.5315833333333333,-0.0827034315938797,0.2230299017394536,0.1563632350727869,0.1723999999999999,0.4176899263045902,0.3676899263045902,0.5969899263045901,0.3797175,0.6090175,0.5590175,0.0983024263045902,0.3276024263045902,0.2776024263045902,0.28963,0.2073599263045902,0.4366599263045901,0.3866599263045902,0.3986875,0.1172724263045902,0.3646599508697268,0.2941519410436721,T,158,M,False
P54178,W55A,8.93,298.15,7.0,CD,Urea,destabilizing,E,10.1021/acs.biochem.7b00833,YPMQ,Bacillus subtilis (strain 168),98.58,non-human,5.83222,5.64592,5.225032099767974,1.0,Decrease,1.6,Decrease,1.7956,5.73907,5.528626049883988,3.41611,3.716110000000001,3.81391,5.435476049883987,3.32296,3.62296,3.72076,3.112516049883987,3.412516049883987,3.510316049883987,1.3,1.3978000000000002,1.6978,5.567724033255992,4.15938,4.35938,4.42458,4.019084033255992,4.219084033255991,4.284284033255992,2.8107400000000005,2.87594,3.075940000000001,3.956984033255992,4.156984033255991,4.222184033255991,2.74864,2.8138400000000003,3.01384,2.608344033255991,2.6735440332559914,2.873544033255991,1.4652,4.425793024941994,4.575793024941994,4.624693024941994,3.519535,3.568435,3.718435,3.4143130249419937,3.463213024941994,3.613213024941994,2.5569550000000003,3.367738024941993,3.4166380249419936,3.5666380249419936,2.51038,2.405158024941993,3.516462016627996,3.860634419953596,W,55,A,False
P04049,C81A,-0.283,298.15,7.0,Fluorescence,Urea,stabilizing,H,10.1016/j.jmb.2006.10.079,RAF1,Homo sapiens,90.11,human,-0.1995,0.23401,1.290094377247552,0.0,Neutral,0.0,Neutral,0.343,0.0172549999999999,0.545297188623776,-0.09975,-0.09975,0.07175,0.762052188623776,0.117005,0.117005,0.288505,0.645047188623776,0.645047188623776,0.816547188623776,0.0,0.1715,0.1715,0.4415347924158506,0.0115033333333333,0.0115033333333333,0.1258366666666666,0.3635314590825173,0.3635314590825173,0.4778647924158506,-0.0665,0.0478333333333333,0.0478333333333333,0.5080347924158507,0.5080347924158507,0.622368125749184,0.0780033333333333,0.1923366666666666,0.1923366666666666,0.4300314590825173,0.5443647924158507,0.5443647924158507,0.1143333333333333,0.331151094311888,0.331151094311888,0.416901094311888,0.0086274999999999,0.0943775,0.0943775,0.272648594311888,0.358398594311888,0.358398594311888,0.035875,0.381026094311888,0.466776094311888,0.466776094311888,0.1442525,0.408273594311888,0.277934062874592,0.2649208754495104,C,81,A,False
P04049,L112A,2.593,298.15,7.0,Fluorescence,Urea,destabilizing,-,10.1016/j.jmb.2006.10.079,RAF1,Homo sapiens,86.78,human,3.4956,3.33776,3.41656104679835,0.0,Neutral,0.0,Neutral,2.507,3.41668,3.4560805233991747,1.7478,1.7478,3.0013,3.3771605233991746,1.66888,1.66888,2.92238,1.708280523399175,1.708280523399175,2.9617805233991747,0.0,1.2535,1.2535,3.416640348932783,2.277786666666666,2.277786666666666,3.1134533333333336,2.3040536822661166,2.3040536822661166,3.139720348932783,1.1652,2.0008666666666666,2.0008666666666666,2.251440348932783,2.251440348932783,3.0871070155994498,1.1125866666666666,1.9482533333333327,1.9482533333333327,1.1388536822661166,1.9745203489327832,1.9745203489327832,0.8356666666666667,2.562480261699587,2.562480261699587,3.189230261699587,1.70834,2.33509,2.33509,1.7280402616995874,2.354790261699588,2.354790261699588,1.50065,1.6885802616995873,2.3153302616995872,2.3153302616995872,1.46119,1.4808902616995874,2.126153507799725,2.04998420935967,L,112,A,False
P22505,N166A,3.397,298.15,7.5,"PTS, Fluorescence",Thermal,destabilizing,-,10.1021/acsomega.9b04105,BGLB,Paenibacillus polymyxa,98.84,non-human,0.6723,-0.22891,0.6203327389065516,1.7,Decrease,1.1,Decrease,1.6267,0.221695,0.6463163694532759,1.18615,0.88615,1.1495,0.1957113694532758,0.735545,0.435545,0.698895,1.1601663694532758,0.8601663694532758,1.123516369453276,1.4,1.66335,1.36335,0.3545742463021838,0.7144633333333333,0.5144633333333334,0.69003,0.997544246302184,0.7975442463021839,0.9731109129688504,1.157433333333333,1.333,1.133,0.6971409129688505,0.4971409129688506,0.6727075796355172,0.85703,1.0325966666666666,0.8325966666666668,1.1401109129688505,1.3156775796355171,1.1156775796355172,1.4755666666666667,0.6909306847266379,0.540930684726638,0.672605684726638,0.8108475,0.9425225,0.7925225,1.023158184726638,1.154833184726638,1.004833184726638,1.27475,0.7978556847266379,0.929530684726638,0.7795306847266379,1.0494475,1.261758184726638,0.9150704564844252,0.7727445477813103,N,166,A,False
P48052,I38V,-0.42,298.15,7.0,Fluorescence,Urea,stabilizing,H,10.1006/jmbi.1998.2158,CPA2,Homo sapiens,95.41,human,0.50657,0.27109,1.0589309787717034,0.1,Decrease,0.1,Decrease,0.3953,0.38883,0.7827504893858517,0.3032849999999999,0.3032849999999999,0.450935,0.6650104893858517,0.185545,0.185545,0.333195,0.5794654893858517,0.5794654893858517,0.7271154893858517,0.1,0.2476499999999999,0.2476499999999999,0.6121969929239012,0.2925533333333333,0.2925533333333333,0.3909866666666666,0.5551669929239011,0.5551669929239011,0.6536003262572344,0.2355233333333333,0.3339566666666666,0.3339566666666666,0.4766736595905678,0.4766736595905678,0.5751069929239011,0.15703,0.2554633333333333,0.2554633333333333,0.4196436595905679,0.5180769929239012,0.5180769929239012,0.1984333333333333,0.4841477446929259,0.4841477446929259,0.5579727446929259,0.244415,0.3182399999999999,0.3182399999999999,0.4413752446929259,0.5152002446929258,0.5152002446929258,0.2754675,0.3825052446929259,0.4563302446929259,0.4563302446929259,0.2165975,0.4135577446929259,0.4053151631286173,0.4073181957543407,I,38,V,False
P04049,A118G,1.963,298.15,7.0,Fluorescence,Urea,destabilizing,G,10.1016/j.jmb.2006.10.079,RAF1,Homo sapiens,87.48,human,1.91153,2.43265,1.7811582642484354,0.0,Neutral,0.0,Neutral,2.047,2.17209,1.8463441321242176,0.955765,0.955765,1.979265,2.106904132124218,1.216325,1.216325,2.239825,0.8905791321242177,0.8905791321242177,1.9140791321242177,0.0,1.0235,1.0235,2.041779421416145,1.44806,1.44806,2.1303933333333336,1.2308960880828117,1.2308960880828117,1.9132294214161447,0.6371766666666666,1.31951,1.31951,1.4046027547494786,1.4046027547494786,2.086936088082812,0.8108833333333334,1.4932166666666669,1.4932166666666669,0.5937194214161451,1.2760527547494789,1.2760527547494789,0.6823333333333333,1.5313345660621087,1.5313345660621087,2.0430845660621086,1.086045,1.597795,1.597795,0.9231720660621088,1.434922066062109,1.434922066062109,0.9896325,1.053452066062109,1.5652020660621089,1.5652020660621089,1.1199125,0.9570395660621088,1.3620563773747392,1.2250676528496869,A,118,G,False
P22505,N296A,2.25,298.15,7.5,"PTS, Fluorescence",Thermal,stabilizing,-,10.1021/acsomega.9b04105,BGLB,Paenibacillus polymyxa,98.92,non-human,0.34073,0.19592,0.8819868094489693,1.0,Decrease,0.6,Decrease,1.1186,0.268325,0.6113584047244847,0.670365,0.470365,0.729665,0.5389534047244847,0.59796,0.39796,0.6572600000000001,0.9409934047244848,0.7409934047244846,1.0002934047244847,0.8,1.0593,0.8593,0.4728789364829898,0.5122166666666667,0.3788833333333333,0.5517500000000001,0.7409056031496565,0.6075722698163232,0.7804389364829897,0.64691,0.8197766666666667,0.6864433333333334,0.6926356031496566,0.5593022698163231,0.7321689364829899,0.5986400000000001,0.7715066666666667,0.6381733333333334,0.8273289364829898,1.0001956031496564,0.866862269816323,0.9062,0.6046592023622424,0.5046592023622424,0.6343092023622423,0.5341625,0.6638124999999999,0.5638125,0.7056792023622424,0.8353292023622423,0.7353292023622424,0.7648325,0.6694767023622424,0.7991267023622424,0.6991267023622423,0.7286300000000001,0.9001467023622423,0.6895394682414949,0.6037273618897939,N,296,A,False
P51608,R133H,-0.24,298.15,7.5,CD,Urea,destabilizing,S,10.1021/acs.biochem.5b00790,MECP2,Homo sapiens,92.0,human,0.1017,-0.07857,0.5574268034333404,0.6,Decrease,0.2,Decrease,0.3256,0.0115649999999999,0.3295634017166702,0.35085,0.15085,0.21365,0.2394284017166701,0.260715,0.060715,0.123515,0.5787134017166702,0.3787134017166702,0.4415134017166702,0.4,0.4628,0.2628,0.1935189344777801,0.2077099999999999,0.0743766666666666,0.1162433333333333,0.4197089344777802,0.2863756011444467,0.3282422678111135,0.3005666666666666,0.3424333333333333,0.2090999999999999,0.3596189344777801,0.2262856011444468,0.2681522678111134,0.2404766666666666,0.2823433333333333,0.14901,0.4524756011444468,0.4943422678111135,0.3610089344777802,0.3752,0.2951392008583351,0.195139200858335,0.2265392008583351,0.2057824999999999,0.2371825,0.1371824999999999,0.3647817008583351,0.3961817008583351,0.296181700858335,0.306825,0.3197142008583351,0.3511142008583351,0.2511142008583351,0.2617575,0.420756700858335,0.28435946723889,0.2761113606866681,R,133,H,False
P40040,Y4F,2.4,322.15,6.0,"CD, Fluorescence",Urea,destabilizing,G,10.1016/j.febslet.2015.06.002,THO1,Saccharomyces cerevisiae (strain ATCC 204508 / S288c),95.55,non-human,2.0397,0.4017,-0.0765624535925207,1.0,Decrease,0.4,Decrease,1.1016,1.2207,0.9815687732037396,1.51985,1.21985,1.57065,0.1625687732037396,0.70085,0.40085,0.7516499999999999,0.4617187732037396,0.1617187732037396,0.5125187732037396,0.7,1.0508,0.7507999999999999,0.7882791821358263,1.1471333333333331,0.9471333333333332,1.1809999999999998,0.9877125154691596,0.7877125154691598,1.0215791821358264,1.1465666666666663,1.3804333333333332,1.1804333333333332,0.4417125154691597,0.2417125154691597,0.4755791821358264,0.6005666666666666,0.8344333333333332,0.6344333333333333,0.4411458488024931,0.6750125154691599,0.4750125154691598,0.8338666666666666,0.8412093866018697,0.6912093866018697,0.8666093866018697,0.96035,1.1357499999999998,0.98575,0.8407843866018697,1.0161843866018696,0.8661843866018698,1.135325,0.4312843866018698,0.6066843866018699,0.4566843866018698,0.7258249999999999,0.6062593866018698,0.8110729244012465,0.7529675092814958,Y,4,F,False
Q15059,H395R,-2.03,283.15,7.5,"CD, Fluorescence",Urea,destabilizing,H,10.1371/journal.pone.0159180,BRD3,Homo sapiens,96.49,human,-0.15636,2.52925,0.0904703997213185,0.2,Decrease,0.0,Neutral,1.1679,1.1864450000000002,-0.0329448001393407,0.02182,-0.07818,0.5057699999999999,1.3098601998606594,1.3646250000000002,1.264625,1.848575,0.1452351998606592,0.0452351998606592,0.6291851998606592,0.1,0.68395,0.58395,0.8211201332404396,0.8576300000000002,0.7909633333333335,1.1802633333333334,0.0447034665737728,-0.0219632000928938,0.3673367999071061,0.0145466666666666,0.4038466666666666,0.33718,0.9399067999071063,0.8732401332404396,1.2625401332404396,0.9097500000000002,1.29905,1.2323833333333334,0.0968234665737728,0.4861234665737728,0.4194567999071061,0.4559666666666666,0.6658400999303298,0.6158400999303297,0.9078150999303296,0.6432225000000001,0.9351975,0.8851975000000001,0.0335275999303296,0.3255025999303296,0.2755025999303296,0.3028849999999999,0.7049300999303297,0.9969050999303296,0.9469050999303296,0.9742875,0.3645925999303296,0.6385433999535531,0.5326720799442638,H,395,R,False
P22505,E225H,1.515,298.15,7.5,"PTS, Fluorescence",Thermal,destabilizing,E,10.1021/acsomega.9b04105,BGLB,Paenibacillus polymyxa,98.88,non-human,1.85773,0.83707,0.2463752655560847,-0.8,Increase,-0.8,Increase,0.9253,1.3474,1.0520526327780424,0.528865,0.528865,1.391515,0.5417226327780423,0.0185349999999999,0.0185349999999999,0.881185,-0.2768123672219577,-0.2768123672219577,0.5858376327780423,-0.8,0.0626499999999999,0.0626499999999999,0.9803917551853616,0.6315999999999999,0.6315999999999999,1.2067,0.4347017551853616,0.4347017551853616,1.0098017551853615,0.08591,0.66101,0.66101,0.0944817551853615,0.0944817551853615,0.6695817551853617,-0.25431,0.3207899999999999,0.3207899999999999,-0.4512082448146384,0.1238917551853615,0.1238917551853615,-0.2249,0.5352938163890211,0.5352938163890211,0.9666188163890213,0.2736999999999999,0.705025,0.705025,0.1260263163890211,0.5573513163890211,0.5573513163890211,0.2957575,-0.1291386836109788,0.3021863163890211,0.3021863163890211,0.0405924999999999,-0.1070811836109788,0.3777458775926807,0.2682350531112168,E,225,H,False
P04049,D80A,0.493,298.15,7.0,Fluorescence,Urea,destabilizing,H,10.1016/j.jmb.2006.10.079,RAF1,Homo sapiens,89.34,human,1.67571,0.81122,-0.0496128970805909,0.0,Neutral,0.0,Neutral,0.296,1.243465,0.8130485514597046,0.837855,0.837855,0.985855,0.3808035514597045,0.40561,0.40561,0.55361,-0.0248064485402954,-0.0248064485402954,0.1231935514597045,0.0,0.148,0.148,0.8124390343064697,0.8289766666666667,0.8289766666666667,0.9276433333333332,0.542032367639803,0.542032367639803,0.6406990343064697,0.55857,0.6572366666666667,0.6572366666666667,0.2538690343064697,0.2538690343064697,0.3525357009731364,0.2704066666666667,0.3690733333333333,0.3690733333333333,-0.0165376323601969,0.0821290343064696,0.0821290343064696,0.0986666666666666,0.6093292757298523,0.6093292757298523,0.6833292757298522,0.6217325,0.6957325,0.6957325,0.4065242757298523,0.4805242757298523,0.4805242757298523,0.4929275,0.1904017757298522,0.2644017757298523,0.2644017757298523,0.276805,0.0615967757298522,0.4555528504865682,0.4874634205838818,D,80,A,False
P22505,M224A,4.098,298.15,7.5,"PTS, Fluorescence",Thermal,destabilizing,-,10.1021/acsomega.9b04105,BGLB,Paenibacillus polymyxa,98.8,non-human,4.02283,2.38231,2.394279509106444,1.1,Decrease,1.0,Decrease,2.4336,3.20257,3.208554754553222,2.561415,2.511415,3.228215,2.388294754553222,1.741155,1.691155,2.4079550000000003,1.747139754553222,1.697139754553222,2.413939754553222,1.05,1.7668,1.7168,2.9331398363688144,2.501713333333333,2.46838,2.9462466666666667,2.505703169702148,2.4723698363688147,2.9502365030354816,2.0409433333333333,2.51881,2.4854766666666666,1.958863169702148,1.9255298363688145,2.403396503035481,1.4941033333333331,1.97197,1.9386366666666668,1.4980931697021482,1.975959836368815,1.9426265030354808,1.5112,2.4748548772766106,2.4498548772766107,2.8082548772766107,2.126285,2.484685,2.459685,2.129277377276611,2.487677377276611,2.462677377276611,2.1391075,1.7191473772766108,2.077547377276611,2.052547377276611,1.7289775,1.7319698772766112,2.2221699181844072,2.1798839018212885,M,224,A,False
P22505,E409D,0.909,298.15,7.5,"PTS, Fluorescence",Thermal,destabilizing,G,10.1021/acsomega.9b04105,BGLB,Paenibacillus polymyxa,98.51,non-human,1.17389,0.35952,1.5161449434033882,0.3,Decrease,0.2,Decrease,0.7888,0.7667050000000001,1.345017471701694,0.7369450000000001,0.686945,0.981345,0.937832471701694,0.32976,0.27976,0.57416,0.908072471701694,0.8580724717016941,1.152472471701694,0.25,0.5444,0.4943999999999999,1.016518314467796,0.6111366666666668,0.5778033333333333,0.77407,0.996678314467796,0.9633449811344628,1.1596116478011294,0.5579633333333334,0.7542300000000001,0.7208966666666666,0.7252216478011294,0.6918883144677962,0.8881549811344627,0.2865066666666667,0.4827733333333333,0.44944,0.6720483144677961,0.8683149811344627,0.8349816478011295,0.4296,0.837388735850847,0.8123887358508471,0.959588735850847,0.5083525000000001,0.6555525,0.6305525000000001,0.797508735850847,0.944708735850847,0.9197087358508472,0.6156725000000001,0.5939162358508471,0.741116235850847,0.716116235850847,0.41208,0.701236235850847,0.723059157233898,0.7099109886806777,E,409,D,False
O34627,H22W,-1.2,298.15,7.9,Fluorescence,Thermal,destabilizing,-,10.1371/journal.pcbi.1003129,PFYP,Bacillus subtilis (strain 168),92.1,non-human,0.5189,0.4449,-0.4491065203767519,-0.2,Increase,-0.1,Increase,0.2142,0.4819,0.034896739811624,0.15945,0.20945,0.36655,-0.0021032601883759,0.12245,0.17245,0.32955,-0.3245532601883759,-0.2745532601883759,-0.1174532601883759,-0.15,0.0070999999999999,0.0571,0.1715644932077493,0.2546,0.2879333333333333,0.3926666666666666,-0.0434021734589173,-0.0100688401255839,0.0946644932077493,0.0729666666666666,0.1777,0.2110333333333333,-0.0680688401255839,-0.0347355067922506,0.0699978265410827,0.0483,0.1530333333333333,0.1863666666666666,-0.2497021734589173,-0.1449688401255839,-0.1116355067922506,-0.0286,0.078673369905812,0.103673369905812,0.182223369905812,0.16595,0.2445,0.2695,-0.0575516300941879,0.020998369905812,0.045998369905812,0.108275,-0.0760516300941879,0.002498369905812,0.027498369905812,0.089775,-0.1337266300941879,0.0714822466038746,0.0429386959246496,H,22,W,False
P22505,Y297F,1.853,298.15,7.5,"PTS, Fluorescence",Thermal,destabilizing,-,10.1021/acsomega.9b04105,BGLB,Paenibacillus polymyxa,98.77,non-human,0.12049,-0.36939,-0.1770154211352836,0.7,Decrease,0.5,Decrease,0.3017,-0.12445,-0.0282627105676417,0.4102449999999999,0.310245,0.211095,-0.2732027105676418,0.1653049999999999,0.065305,-0.0338449999999999,0.2614922894323582,0.1614922894323582,0.0623422894323582,0.6,0.50085,0.40085,-0.1419718070450945,0.1503666666666666,0.0837,0.0176,0.2144915262882387,0.1478248596215721,0.0817248596215721,0.4401633333333333,0.3740633333333333,0.3073966666666667,0.0511981929549054,-0.0154684737117611,-0.0815684737117611,0.27687,0.2107699999999999,0.1441033333333333,0.3409948596215721,0.2748948596215721,0.2082281929549054,0.5005666666666667,0.0685211447161791,0.0185211447161791,-0.0310538552838208,0.237775,0.1881999999999999,0.1382,0.2858686447161791,0.236293644716179,0.1862936447161791,0.4055475,0.1633986447161791,0.1138236447161791,0.0638236447161791,0.2830775,0.3311711447161791,0.179297429810786,0.1548169157729432,Y,297,F,False
P07845,A8D,1.6,,7.4,Isothermal titration calorimetry,Thermal,stabilizing,G,10.1016/j.abb.2017.11.005,ACTP2,Stichodactyla helianthus,95.94,non-human,0.33786,-0.9466,-0.1012309928670346,0.4,Decrease,0.2,Decrease,-0.0314,-0.30437,0.1183145035664827,0.36893,0.26893,0.15323,-0.5239154964335173,-0.2733,-0.3732999999999999,-0.489,0.1493845035664827,0.0493845035664827,-0.0663154964335173,0.3,0.1843,0.0843,-0.2366569976223449,-0.06958,-0.1362466666666666,-0.21338,0.2122096690443218,0.1455430023776551,0.0684096690443217,0.3126199999999999,0.2354866666666666,0.16882,-0.2159436642890115,-0.2826103309556782,-0.3597436642890115,-0.1155333333333333,-0.1926666666666666,-0.2593333333333333,0.1662563357109884,0.0891230023776551,0.0224563357109884,0.1895333333333333,-0.0774927482167586,-0.1274927482167586,-0.1853427482167586,-0.002185,-0.060035,-0.110035,0.2091572517832413,0.1513072517832413,0.1013072517832413,0.2266149999999999,-0.1119577482167586,-0.1698077482167586,-0.2198077482167586,-0.0944999999999999,0.1168422517832413,-0.0235618321445057,-0.0219941985734069,A,8,D,False
P09167,C182S,2.4,298.15,7.4,Fluorescence,Urea,destabilizing,-,10.1074/jbc.274.51.36722,AERA,Aeromonas hydrophila,96.64,non-human,2.4942,0.0,0.7919949550908778,1.4,Decrease,0.9,Decrease,1.0533,1.2471,1.643097477545439,1.9471,1.6971,1.7737500000000002,0.3959974775454389,0.7,0.45,0.52665,1.0959974775454389,0.8459974775454389,0.9226474775454389,1.15,1.2266499999999998,0.97665,1.095398318363626,1.2980666666666667,1.1314,1.1825,1.5620649850302926,1.395398318363626,1.446498318363626,1.5980666666666667,1.649166666666667,1.4825,0.7306649850302925,0.5639983183636259,0.6150983183636259,0.7666666666666666,0.8177666666666665,0.6511,1.0306649850302925,1.0817649850302926,0.915098318363626,1.1177666666666666,1.1715487387727197,1.0465487387727197,1.0848737387727194,1.19855,1.236875,1.111875,1.3965487387727196,1.4348737387727195,1.3098737387727195,1.461875,0.7729987387727194,0.8113237387727195,0.6863237387727195,0.838325,1.036323738772719,1.1065824925151464,1.1172389910181757,C,182,S,False
O15553,R42W,-2.08,298.15,7.5,CD,Urea,stabilizing,H,10.1074/jbc.M114.553305,MEFV,Homo sapiens,86.19,human,1.43374,0.21837,-0.3251034629284299,-0.0,Neutral,-0.0,Neutral,0.013,0.826055,0.554318268535785,0.71687,0.71687,0.72337,-0.0533667314642149,0.109185,0.109185,0.115685,-0.1625517314642149,-0.1625517314642149,-0.1560517314642149,0.0,0.0065,0.0065,0.44233551235719,0.5507033333333333,0.5507033333333333,0.5550366666666666,0.36954551235719,0.36954551235719,0.3738788456905233,0.4779133333333333,0.4822466666666666,0.4822466666666666,-0.0355778209761432,-0.0355778209761432,-0.0312444876428099,0.07279,0.0771233333333333,0.0771233333333333,-0.1083678209761433,-0.1040344876428099,-0.1040344876428099,0.0043333333333333,0.3317516342678925,0.3317516342678925,0.3350016342678925,0.4130275,0.4162774999999999,0.4162774999999999,0.2771591342678925,0.2804091342678925,0.2804091342678925,0.361685,-0.0266833657321074,-0.0234333657321074,-0.0234333657321074,0.0578425,-0.0780258657321074,0.2233344228452616,0.265401307414314,R,42,W,False
P47992,R64A,-0.7,298.15,6.0,Fluorescence,Urea,stabilizing,T,10.1021/bi300842j,XCL1,Homo sapiens,95.77,human,0.05073,-0.17313,0.310501795878445,1.5,Decrease,0.2,Decrease,-0.1604,-0.0612,0.1806158979392225,0.775365,0.125365,-0.0548349999999999,0.0686858979392225,0.663435,0.013435,-0.166765,0.9052508979392224,0.2552508979392225,0.0750508979392225,0.85,0.6698,0.0198,0.0627005986261483,0.4592,0.0258666666666666,-0.0942666666666666,0.6204105986261483,0.187077265292815,0.0669439319594816,0.5835766666666666,0.4634433333333334,0.03011,0.5457905986261483,0.112457265292815,-0.0076760680405183,0.5089566666666666,0.3888233333333333,-0.0445099999999999,0.670167265292815,0.5500339319594817,0.1167005986261483,0.5132,0.4220254489696112,0.0970254489696112,0.0069254489696112,0.3944,0.3043,-0.0206999999999999,0.5153079489696113,0.4252079489696112,0.1002079489696112,0.3975824999999999,0.4593429489696112,0.3692429489696113,0.0442429489696112,0.3416175,0.4625254489696112,0.2879502993130742,0.377620359175689,R,64,A,False
P04049,K109A,0.327,298.15,7.0,Fluorescence,Urea,destabilizing,E,10.1016/j.jmb.2006.10.079,RAF1,Homo sapiens,83.56,human,1.09047,0.8466,0.77180434388266,0.0,Neutral,0.0,Neutral,0.8153,0.968535,0.93113717194133,0.545235,0.545235,0.952885,0.80920217194133,0.4233,0.4233,0.8309500000000001,0.38590217194133,0.38590217194133,0.79355217194133,0.0,0.40765,0.40765,0.9029581146275532,0.64569,0.64569,0.9174566666666668,0.6207581146275533,0.6207581146275533,0.89252478129422,0.36349,0.6352566666666667,0.6352566666666667,0.5394681146275534,0.5394681146275534,0.8112347812942201,0.2822,0.5539666666666667,0.5539666666666667,0.2572681146275533,0.52903478129422,0.52903478129422,0.2717666666666666,0.677218585970665,0.677218585970665,0.881043585970665,0.4842675,0.6880925,0.6880925,0.4655685859706649,0.669393585970665,0.669393585970665,0.4764425,0.404601085970665,0.608426085970665,0.608426085970665,0.415475,0.396776085970665,0.58736239064711,0.541774868776532,K,109,A,False
Q8XDZ4,Q72L,0.05,298.15,7.4,CD,Thermal,destabilizing,H,10.7554/eLife.01584,SPY,Escherichia coli O157:H7,90.26,non-human,-1.16135,-1.21361,-0.2174531097325954,-0.3,Increase,-0.6,Increase,-0.0852,-1.18748,-0.6894015548662977,-0.7306750000000001,-0.8806750000000001,-0.623275,-0.7155315548662977,-0.7568050000000001,-0.906805,-0.649405,-0.2587265548662977,-0.4087265548662977,-0.1513265548662977,-0.4499999999999999,-0.1926,-0.3426,-0.8641377032441985,-0.8916533333333333,-0.9916533333333334,-0.8200533333333334,-0.5596010365775318,-0.6596010365775319,-0.4880010365775318,-0.6871166666666667,-0.5155166666666667,-0.6155166666666667,-0.5770210365775318,-0.6770210365775319,-0.5054210365775318,-0.7045366666666667,-0.5329366666666667,-0.6329366666666667,-0.3724843699108651,-0.2008843699108651,-0.3008843699108651,-0.3283999999999999,-0.7231032774331488,-0.7981032774331489,-0.6694032774331489,-0.81874,-0.69004,-0.76504,-0.5697007774331488,-0.4410007774331488,-0.5160007774331489,-0.5366375,-0.5827657774331488,-0.4540657774331488,-0.5290657774331489,-0.5497025,-0.3006632774331488,-0.5962688516220992,-0.6984826219465191,Q,72,L,False
P54178,W120F,2.89,298.15,7.0,CD,Urea,destabilizing,E,10.1021/acs.biochem.7b00833,YPMQ,Bacillus subtilis (strain 168),98.48,non-human,6.43708,2.53367,1.5083428113059565,0.7,Decrease,0.5,Decrease,1.1816,4.485375,3.972711405652978,3.56854,3.46854,3.80934,2.021006405652978,1.616835,1.516835,1.857635,1.1041714056529783,1.0041714056529782,1.3449714056529782,0.6,0.9408,0.8408,3.493030937101985,3.2235833333333326,3.156916666666666,3.384116666666666,2.881807603768652,2.8151409371019853,3.042340937101985,2.5456933333333334,2.7728933333333337,2.7062266666666663,1.5806709371019856,1.5140042704353187,1.741204270435319,1.2445566666666668,1.4717566666666666,1.4050900000000002,0.9027809371019856,1.1299809371019855,1.063314270435319,0.7938666666666666,2.7947732028264887,2.744773202826489,2.9151732028264887,2.5426874999999995,2.7130874999999994,2.6630875,2.286355702826489,2.456755702826489,2.406755702826489,2.20467,1.3105032028264891,1.480903202826489,1.4309032028264892,1.2288175,0.9724857028264892,2.143448801884326,2.335818562261191,W,120,F,False
