,Mutation,mutatex_ddG_simple,mutatex_ddG_cabsflex,mutatex_ddG_md,RaSP_ddG_simple,RaSP_ddG_cabsflex,RaSP_ddG_md,Thermompnn_ddG_simple,Thermompnn_ddG_cabsflex,Thermompnn_ddG_md,ddG,ddg,WT,pos,MUT
465,A46G,-0.09029,-0.09034,0.07363,0.6829596180691677,0.6771194578332159,0.8739484785801568,0.6374,0.3515480443835258,0.4691364352519696,0.14822903831398637,1.2,A,46,G
485,A65G,1.92809,0.68634,1.799,2.8510304534681006,2.5503325028250936,2.50693055129456,1.5457,0.9503635555505752,1.43124153980842,1.2028440507576104,1.4,A,65,G
1060,D53A,3.28841,-0.48282,1.867,1.0163795180453368,0.846742716073058,0.6410897858473954,1.3048,-0.2907669238746166,0.5474154433378806,-0.11540398805728636,-0.36,D,53,A
1360,E29A,0.90344,0.28207,0.8867,0.4496431605277301,0.6285597481762704,0.4517927574133332,-0.2027,0.3136605620384216,-0.2415554179595067,-0.41520509950585804,0.3,E,29,A
1425,E35G,2.11438,1.40571,0.97317,1.0279937280789069,1.185984373287364,1.216721724903386,0.9526,0.8551415890455246,0.9491927188176376,0.46471532344384014,1.42,E,35,G
1989,F54L,2.89449,-0.22599,2.20079,2.7133833120384647,1.6014335398240636,1.99274987821186,1.1641,0.2024896442890167,1.1987288342072413,1.7765131554992952,1.88,F,54,L
2020,F80A,3.41694,0.95388,2.95575,2.3034018825209186,1.9698489231169287,2.7603351728696928,1.8635,0.7613758385181427,1.5682054987320533,1.355556899643648,0.98,F,80,A
2920,H66A,2.50855,-0.42804,2.11181,1.7658253363210334,1.407297271457184,1.6497895930152993,0.9766,0.4197593912482261,0.6225833548949316,0.36458125167573785,0.61,H,66,A
3197,I30V,1.40781,-0.32066,1.38468,1.58906604631599,1.131707090421989,1.207252011827068,0.805,0.3922960817813873,0.708579590687385,0.22720325259187302,0.43,I,30,V
3297,I38V,0.50657,-0.1343,0.78833,1.0589309787717034,0.9270480654483556,0.8856539223963634,0.3953,0.4099564433097839,0.5981742602128249,-0.0025863064949742665,-0.42,I,38,V
3377,I86V,1.36429,-0.72667,1.25918,1.76447894948686,0.9193966143531694,1.2789271088765657,0.8128,0.1793064057826995,0.7485052438882681,1.3692804485665748,1.31,I,86,V
3380,I90A,1.71122,0.95808,1.72945,2.396627050582541,1.5997696990075636,2.116299629947963,2.0096,0.506742249429226,1.5088397241555729,1.0059285645463536,1.31,I,90,A
3840,K56A,1.66806,-0.22661,1.26791,0.069581946491975,0.3226668682312332,0.3353749950546862,1.0023,0.3740128606557846,1.0668725256736462,0.6059691444021764,1.98,K,56,A
4457,L41V,1.85194,3.17267,3.17882,2.2645939512191084,1.967471879781176,2.1150233598166763,1.7349,0.7911261767148972,1.3512677045968862,0.7916715147123012,0.97,L,41,V
5160,N73A,1.56902,-2.39928,1.02166,0.9366115383722728,0.4456998157137942,0.9040331634807272,0.0288,-0.1088153675198554,0.5559545296889085,-0.009643294868124208,0.08,N,73,A
5825,Q75G,0.8595,0.66701,0.78202,0.4819152577489172,0.7897268300007088,0.5549677627140861,0.3413,0.5870054587721825,0.4125734785428414,0.3065200443488747,0.49,Q,75,G
7540,V27A,3.56698,0.17062,3.5564,3.19088118510599,1.7844733686678738,2.9465095603676925,2.0365,1.0795102715492249,1.7134142151245704,1.0518740393332955,1.1,V,27,A
7740,V67A,3.75402,-0.93855,3.3909,2.747265426993181,2.238399083091865,2.6715639009155323,2.2297,1.42163627743721,1.9318346014389625,0.7398928656423722,1.08,V,67,A
7845,V79G,0.24381,0.65746,0.31189,1.1282559874260438,1.1171364235247907,0.9306065165860596,0.2109,0.3312041282653808,0.2968689489823121,0.06816358160148361,1.1,V,79,G
8369,Y88L,1.35248,-0.83848,1.39225,2.372561924583363,1.1068743333056332,2.0420165376143595,2.1932,0.2790342867374419,1.9189515709877012,2.9712747459419475,2.78,Y,88,L
