PDB_ID,Mutated_Chain,Mutation_PDB,Mutation_FASTA,UniProt_ID,Mutation_UniProt,DDGexp,INPS,MUpro,DynaMut2,I-Mutant2.0,I-Mutant2.0-Seq,PoPMuSiC_2.1,ACDC-NN,SAAFEC-SEQ,MAESTRO,ThermoNet,PremPS,ACDC-NN-Seq,BayeStab,FoldX,AUTO-MUTE(RF),AUTO-MUTE(SVM),INPS3D,DDMut,SimBa-IB,SimBa-SYM,ThermoMPNN,RaSP,DDGun3D,MultiMutate,Rosetta,DDGun,CUPSAT,Location,Secondary structure,Conservation,Charge change,Size change,Is_S594,PMID,AA,pos,MT,INPS_sequencesim,MUpro_sequencesim,DynaMut2_sequencesim,I-Mutant2.0_sequencesim,I-Mutant2.0-Seq_sequencesim,PoPMuSiC_2.1_sequencesim,ACDC-NN_sequencesim,SAAFEC-SEQ_sequencesim,MAESTRO_sequencesim,ThermoNet_sequencesim,PremPS_sequencesim,ACDC-NN-Seq_sequencesim,BayeStab_sequencesim,AUTO-MUTE(RF)_sequencesim,AUTO-MUTE(SVM)_sequencesim,INPS3D_sequencesim,DDMut_sequencesim,SimBa-IB_sequencesim,SimBa-SYM_sequencesim,ThermoMPNN_sequencesim,RaSP_sequencesim,uniprot,ddg,organism,human
1J8I,A,R9A,R9A,P47992,R30A,0.1,0.681835,1.7986278,0.29,0.32,0.85,0.03,0.30454502,0.8,-0.221766428,0.0834,0.27,0.25380543,0.72,-0.847627,1.45,1.15,0.2773885,0.08,0.5,0.5,-0.1889,0.267230943,0.0,-1.96622,3.528,0.0,1.58,Surface,LOOP,Variable,1,2,YES,23102260.0,R,9,A,a,a,a,a,a,a,a,a,a,a,a,a,a,a,a,a,a,a,a,a,a,P47992,0.1,Homo sapiens,human
5A7C,A,H395R,H92R,Q15059,H395R,2.03,0.570413,0.49650085,0.01,0.18,-0.34,0.63,-0.19240773,0.43,0.178023976,-0.0288,0.99,-0.001784931,-0.67,-0.117288,-0.31,0.32,0.4813715,0.62,0.1,-0.1,0.9594,0.024835613,0.0,-0.006607,3.312,0.0,0.65,Surface,LOOP,Conserved,1,1,NO,27403962.0,H,92,R,a,a,a,a,a,a,a,a,a,a,a,a,a,a,a,a,a,a,a,a,a,Q15059,2.03,Homo sapiens,human
1K85,A,L566A,L10A,P20533,L566A,2.52,2.53445,1.8432235,1.97,1.83,2.29,2.38,2.0198584,0.81,2.462572566,1.7908,2.07,1.667492,2.29,2.07066,0.89,1.35,2.44049,2.75,2.6,2.3,1.3306,3.357241506,2.4,1.15525,7.979,2.7,-0.62,Core,SHEET,Intermediate,0,2,YES,18022190.0,L,10,A,a,a,a,a,a,a,a,a,a,a,a,a,a,a,a,a,a,a,a,a,a,P20533,2.52,Niallia circulans,non-human
2JIE,A,S19A,S25A,P22505,S19A,-0.951072454,0.223332,0.095097565,1.05,0.31,0.19,1.55,-0.19874221,0.63,0.237279438,-0.0709,-0.4,-0.0929264,-0.45,-0.740548,3.21,1.15,0.4201955,-0.81,0.3,-0.5,-0.2842,-0.083096693,-0.3,1.69257,-2.622,-0.2,2.72,Core,LOOP,Conserved,0,0,YES,32258884.0,S,25,A,a,a,a,a,a,a,a,a,a,a,a,a,a,a,a,a,a,a,a,a,a,P22505,-0.951072454,Paenibacillus polymyxa,non-human
1PWU,A,L145A,L145A,P15917,L178A,1.6,0.948245,2.3196582,3.01,2.32,4.06,2.67,0.14477283,1.49,0.390270615,2.4855,1.63,0.32038397,2.13,2.77638,1.86,2.37,1.75226,2.59,3.0,2.6,2.1764,2.851158419,0.1,0.58325,12.02,0.0,4.27,Core,HELIX,NONE,0,2,YES,19926859.0,L,145,A,a,a,a,a,a,a,a,a,a,a,a,a,a,a,a,a,a,a,a,a,a,P15917,1.6,Bacillus anthracis,non-human
2JIE,A,H104R,H110R,P22505,H104R,-1.536371945,-0.677821,1.2702874,0.48,-0.97,0.4,-0.16,-0.35691762,0.8,-0.527233895,-0.1119,-0.81,-0.35481387,-0.12,0.09733,-0.32,-1.1,-0.6222675,-0.52,0.1,-0.1,-0.6781,0.00342954,-0.1,-0.423917,-1.811,-0.2,-0.43,Surface,HELIX,Intermediate,1,1,YES,32258884.0,H,110,R,a,a,a,a,a,a,a,a,a,a,a,a,a,a,a,a,a,a,a,a,a,P22505,-1.536371945,Paenibacillus polymyxa,non-human
1PWU,A,L129A,L129A,P15917,L162A,2.22,2.24337,1.2342577,2.19,3.65,3.3,3.07,0.47008866,1.88,0.41455343,2.1314,1.87,1.01806,2.17,4.03701,2.26,1.25,2.603455,3.25,2.9,2.6,2.0587,3.522960688,0.2,4.66417,12.147,0.2,6.28,Core,SHEET,NONE,0,2,YES,19926859.0,L,129,A,a,a,a,a,a,a,a,a,a,a,a,a,a,a,a,a,a,a,a,a,a,P15917,2.22,Bacillus anthracis,non-human
2JIE,A,S17A,S23A,P22505,S17A,1.245945817,-0.35529,0.42809255,1.11,0.73,-0.07,0.33,-0.25734046,0.73,-0.300696341,-0.1302,-1.05,-0.31365374,-0.49,-0.00387996,0.08,1.15,-0.1810407,0.08,0.3,-0.5,0.4513,-1.109956635,-0.5,-0.135844,-2.136,-0.4,-3.74,Core,SHEET,Conserved,0,0,YES,32258884.0,S,23,A,a,a,a,a,a,a,a,a,a,a,a,a,a,a,a,a,a,a,a,a,a,P22505,1.245945817,Paenibacillus polymyxa,non-human
2JIE,A,R243K,R249K,P22505,R243K,1.463324109,0.456724,1.6660343,1.69,2.8,1.93,1.34,0.39531368,0.49,-0.51985438,-0.0779,0.58,0.22300264,1.08,-0.000339813,1.57,2.03,0.9993985,1.15,0.8,0.3,0.4807,1.527736969,0.8,5.08411,-0.375,0.9,-0.16,Core,HELIX,Variable,0,0,YES,32258884.0,R,249,K,a,a,a,a,a,a,a,a,a,a,a,a,a,a,a,a,a,a,a,a,a,P22505,1.463324109,Paenibacillus polymyxa,non-human
1KA6,A,L31P,L31P,O60880,L31P,1.71,2.91009,2.652056,1.76,1.97,1.09,3.82,3.926294,1.87,4.206024558,1.4244,3.05,2.3562465,0.68,8.75415,2.29,2.76,3.209295,1.47,2.4,2.0,2.2595,6.373348488,3.5,8.25485,19.015,2.9,8.58,Core,SHEET,Conserved,0,2,YES,14674764.0,L,31,P,a,a,a,a,a,a,a,a,a,a,a,a,a,a,a,a,a,a,a,a,a,O60880,1.71,Homo sapiens,human
2JIE,A,W402C,W408C,P22505,W402C,0.359538952,1.74888,0.55133627,2.87,1.71,2.23,2.92,1.7266681,1.59,0.534942646,1.3675,1.95,2.5392137,3.97,-4.32287,1.35,1.15,2.241985,-0.29,2.4,2.0,2.3566,3.500464927,4.2,7.23312,7.522,5.4,-6.12,Core,SHEET,Conserved,0,2,YES,32258884.0,W,408,C,a,a,a,a,a,a,a,a,a,a,a,a,a,a,a,a,a,a,a,a,a,P22505,0.359538952,Paenibacillus polymyxa,non-human
3RW6,A,M216L,M121L,Q9UBU9,M216L,-0.27,0.700774,0.81790005,0.34,0.92,0.07,0.44,-0.13112843,0.9,1.231401797,-0.2769,0.42,-0.07848279,1.92,0.579233,0.58,-0.22,0.463688,0.75,0.3,-0.4,0.1104,-0.314583989,-0.6,-2.91545,2.777,-0.3,-0.88,Core,HELIX,Conserved,0,0,YES,24535093.0,M,121,L,a,a,a,a,a,a,a,a,a,a,a,a,a,a,a,a,a,a,a,a,a,Q9UBU9,-0.27,Homo sapiens,human
1LVM,B,K45F,K53F,P04517,K2082F,-0.43,0.336938,0.61068178,1.5,0.1,-0.5,0.17,-0.8947154,0.91,-0.747775976,-1.3156,0.26,-0.00253669,0.76,5.85331,-0.13,1.1,0.0689525,1.59,-1.7,-2.7,0.949,-0.042665466,-2.1,-9.97446,-3.394,-1.2,2.0,Core,HELIX,Conserved,1,0,YES,17905838.0,K,53,F,a,a,a,a,a,a,a,a,a,a,a,a,a,a,a,a,a,a,a,a,a,P04517,-0.43,Tobacco etch virus,non-human
1UCD,A,D107A,D107A,P23540,D108A,0.31,0.104792,0.92136571,0.03,0.9,1.33,0.52,-0.08810624,0.09,-0.036144237,-0.0652,0.36,-0.023134584,-1.03,-0.5902,1.0,0.57,0.252126,0.16,-0.1,-0.6,0.6701,0.588070493,-0.6,-0.512176,2.019,-0.7,-0.48,Surface,HELIX,Variable,1,0,YES,15322360.0,D,107,A,a,a,a,a,a,a,a,a,a,a,a,a,a,a,a,a,a,a,a,a,a,P23540,0.31,Momordica charantia,non-human
2AGH,A,N307G,N17G,P06876,N307G,0.12,,1.3975514,0.32,0.87,0.66,0.66,1.0933354,0.39,0.190399187,0.0816,0.47,1.3111665,0.08,0.143502,1.03,0.11,0.4740475,0.52,0.5,0.3,0.3434,0.970888457,0.8,-0.271669,3.372,2.1,0.13,Surface,HELIX,NONE,0,0,YES,29890118.0,N,17,G,a,a,a,a,a,a,a,a,a,a,a,a,a,a,a,a,a,a,a,a,a,P06876,0.12,Mus musculus,non-human
1K85,A,I576A,I20A,P20533,I576A,3.11,1.74521,3.0158734,2.53,2.19,2.43,3.14,2.131618,0.78,2.332924261,1.4511,1.54,2.0398464,2.81,3.47354,5.16,1.08,2.05532,2.68,2.9,2.5,0.8275,3.205260111,2.3,5.01014,3.195,2.2,4.37,Core,SHEET,Intermediate,0,2,YES,18022190.0,I,20,A,a,a,a,a,a,a,a,a,a,a,a,a,a,a,a,a,a,a,a,a,a,P20533,3.11,Niallia circulans,non-human
1PWU,A,V147A,V147A,P15917,V180A,1.8,0.743739,1.473809,1.28,2.5,1.31,1.23,0.10750076,1.22,0.273263844,1.9327,1.78,0.07457383,2.65,2.3305,1.71,1.73,3.102415,0.85,2.2,1.8,1.0984,2.407049153,0.2,2.37105,8.325,0.2,2.5,Core,HELIX,NONE,0,1,YES,19926859.0,V,147,A,a,a,a,a,a,a,a,a,a,a,a,a,a,a,a,a,a,a,a,a,a,P15917,1.8,Bacillus anthracis,non-human
2JIE,A,F418A,F424A,P22505,F418A,0.16498366,2.90504,2.2953111,2.64,4.01,2.73,3.74,2.2508745,2.39,0.564697171,2.2065,3.09,2.0098248,4.2,2.09682,2.04,0.99,3.113895,2.69,3.1,2.8,1.0275,3.915063314,3.6,1.64188,7.568,3.9,6.34,Core,LOOP,Conserved,0,2,YES,32258884.0,F,424,A,a,a,a,a,a,a,a,a,a,a,a,a,a,a,a,a,a,a,a,a,a,P22505,0.16498366,Paenibacillus polymyxa,non-human
1QK9,A,T82M,T82M,P51608,T158M,0.25,-0.0142327,0.68486192,-0.26,-0.04,0.79,1.62,-0.16227716,0.49,0.298450367,0.0271,0.42,-0.000254739,0.73,-0.789211,0.23,0.43,0.24925515,0.03,-0.4,-0.9,0.6991,-0.167544522,-0.1,-0.656251,-2.271,0.0,0.63,Surface,LOOP,Conserved,0,2,YES,26418480.0,T,82,M,a,a,a,a,a,a,a,a,a,a,a,a,a,a,a,a,a,a,a,a,a,P51608,0.25,Homo sapiens,human
1K85,A,Y592F,Y36F,P20533,Y592F,1.77,0.564683,0.71278439,0.82,1.24,0.14,0.64,0.42805606,-0.38,1.074078861,0.0831,1.64,0.66007423,1.03,0.673437,0.68,1.13,0.8453265,0.77,0.4,-0.3,0.8438,-0.262746221,0.9,-0.418565,5.328,1.2,-1.42,Core,SHEET,Conserved,0,0,YES,18022190.0,Y,36,F,a,a,a,a,a,a,a,a,a,a,a,a,a,a,a,a,a,a,a,a,a,P20533,1.77,Niallia circulans,non-human
1E0X,A,W266F,W266F,P26514,W307F,-2.722844,1.48235,0.20637576,1.85,1.6,1.86,1.85,1.1649487,1.77,0.079467366,0.1338,1.75,1.2108445,0.52,0.55883,1.66,1.15,1.5332,0.3,1.1,0.5,0.8802,1.249724492,1.8,-1.84696,2.587,2.6,-0.19,Core,LOOP,Conserved,0,0,NO,10235626.0,W,266,F,a,a,a,a,a,a,a,a,a,a,a,a,a,a,a,a,a,a,a,a,a,P26514,-2.722844,Streptomyces lividans,non-human
2B8U,A,W91S,W91S,P05112,W115S,-1.4,1.79421,1.3000969,1.68,2.44,1.33,1.97,0.99850714,1.05,2.684474716,1.1516,-0.53,0.68546784,0.27,0.306862,1.98,1.75,2.0412,1.81,2.7,2.5,0.0364,4.012395242,1.4,2.62523,5.312,1.3,2.36,Surface,HELIX,Variable,0,2,NO,11164263.0,W,91,S,a,a,a,a,a,a,a,a,a,a,a,a,a,a,a,a,a,a,a,a,a,P05112,-1.4,Homo sapiens,human
1G3P,A,T101I,T101I,P69168,T119I,0.81,0.557498,-0.026308562,0.66,-0.51,0.61,0.06,0.36039984,0.34,-0.341556242,-0.3348,-0.47,-8.7e-06,1.32,-1.67677,0.71,1.15,0.523541,-0.26,-0.7,-1.3,-1.1576,-1.241277428,-0.2,-1.67558,-2.663,0.2,-1.87,Surface,SHEET,NONE,0,2,YES,12729760.0,T,101,I,a,a,a,a,a,a,a,a,a,a,a,a,a,a,a,a,a,a,a,a,a,P69168,0.81,Enterobacteria phage M13,non-human
2MWG,A,D109E,D109E,O34627,D109E,-0.3,0.19027,1.2907429,0.25,0.29,-0.11,-0.17,-0.18073075,0.14,0.47757407,-0.1228,0.35,-0.17073229,0.35,-0.896611,0.98,1.37,0.314439,0.3,-0.0,-0.4,-0.3823,0.511860739,-0.3,1.25759,-0.499,-0.4,0.52,Core,LOOP,Intermediate,0,1,YES,23861663.0,D,109,E,a,a,a,a,a,a,a,a,a,a,a,a,a,a,a,a,a,a,a,a,a,O34627,-0.3,Bacillus subtilis (strain 168),non-human
1X0X,A,Q295S,Q300S,P21695,Q295S,0.6,0.695597,1.3369124,0.71,1.18,0.62,1.5,0.11278154,0.91,1.064848876,0.1749,1.52,-0.0,0.39,-0.850721,1.04,1.15,1.276139,1.3,0.8,0.3,0.861,0.780403794,0.2,-0.31476,1.92,0.2,-0.83,Core,LOOP,Conserved,0,1,YES,29337541.0,Q,300,S,a,a,a,a,a,a,a,a,a,a,a,a,a,a,a,a,a,a,a,a,a,P21695,0.6,Homo sapiens,human
1R6R,A,L81N,L81N,P12823,L81N,6.84,2.50826,1.7630821,2.43,2.09,2.79,2.56,2.9366467,1.6,1.667805307,0.2674,0.97,3.6585164,1.21,1.63083,2.28,4.22,1.97487,0.49,0.5,0.3,0.8546,1.423316578,2.0,7.55687,3.2,5.0,1.94,Core,HELIX,Conserved,0,2,YES,30808916.0,L,81,N,a,a,a,a,a,a,a,a,a,a,a,a,a,a,a,a,a,a,a,a,a,P12823,6.84,Dengue virus type 2 (strain Puerto Rico/PR159-S1/1969),non-human
2MWG,A,V120I,V120I,O34627,V120I,-1.4,-0.155313,0.38822714,0.32,0.68,0.19,0.6,-0.29237098,-0.12,-0.440298178,-0.0534,-0.07,-0.2754808,0.9,-0.469803,1.04,1.15,-0.001142,0.53,-0.0,-0.6,-0.1057,0.324407037,-0.2,0.329099,0.222,-0.1,-0.98,Core,SHEET,Intermediate,0,1,YES,23861663.0,V,120,I,a,a,a,a,a,a,a,a,a,a,a,a,a,a,a,a,a,a,a,a,a,O34627,-1.4,Bacillus subtilis (strain 168),non-human
1G3P,A,D160M,D160M,P69168,D178M,0.501912046,0.617283,0.47719475,0.19,0.22,-0.38,0.17,0.12728238,0.44,0.026087409,-0.1959,-0.1,-0.007767362,-0.77,0.177304,,,0.335491,-0.07,1.5,2.1,0.1116,0.385694945,0.0,0.40155,2.81,0.2,0.53,Surface,LOOP,NONE,1,2,YES,19232524.0,D,160,M,a,a,a,a,a,a,a,a,a,a,a,a,a,a,a,a,a,a,a,a,a,P69168,0.501912046,Enterobacteria phage M13,non-human
5DV9,A,H461D,H484D,P08659,H461D,1.744741874,0.82573,0.71440343,1.06,1.05,0.68,0.7,0.14811778,1.09,0.16001811,0.0928,1.6,0.25432062,1.05,1.88318,1.72,2.0,1.508205,1.06,1.6,1.3,1.899,2.142552875,0.9,4.17753,3.699,1.2,0.56,Core,LOOP,Intermediate,1,1,YES,28711358.0,H,484,D,a,a,a,a,a,a,a,a,a,a,a,a,a,a,a,a,a,a,a,a,a,P08659,1.744741874,Photinus pyralis,non-human
6UJH,A,W330F,W309F,P61964,W330F,4.5,1.16472,1.022152,1.61,2.13,1.37,1.27,0.28902334,0.51,-0.345948558,-0.0121,1.09,0.1104545,0.84,-0.119519,1.65,1.15,,-0.08,1.1,0.5,0.9483,1.602177941,0.6,-1.315,2.975,1.2,1.17,Core,SHEET,Conserved,0,0,YES,20939513.0,W,309,F,a,a,a,a,a,a,a,a,a,a,a,a,a,a,a,a,a,a,a,a,a,P61964,4.5,Homo sapiens,human
1H56,A,K70A,K69A,P23657,K70A,-9.5,0.224853,0.19149649,0.77,1.25,1.13,1.19,0.28756383,0.13,0.995,0.8211,0.9,0.1862793,-0.55,0.40304,0.6,0.78,0.560404,0.84,0.7,0.1,1.1593,0.71964694,0.5,-1.96544,2.375,1.0,6.38,Core,SHEET,Conserved,1,2,YES,11148032.0,K,69,A,a,a,a,a,a,a,a,a,a,a,a,a,a,a,a,a,a,a,a,a,a,P23657,-9.5,Proteus hauseri,non-human
5VP3,A,S128G,S128G,E0WVU4,S128G,0.377629063,0.63331,1.738979,1.59,1.98,1.55,1.34,0.38369578,0.37,1.388491634,0.1548,0.31,0.4332807,-0.03,1.22772,0.17,1.06,0.7925615,2.46,1.0,0.4,0.9423,0.860848902,0.7,-0.042386,0.9,0.8,0.41,Core,HELIX,Intermediate,0,0,YES,26803749.0,S,128,G,a,a,a,a,a,a,a,a,a,a,a,a,a,a,a,a,a,a,a,a,a,E0WVU4,0.377629063,Mnemiopsis leidyi,non-human
1Y9X,A,R95Q,R95Q,P60848,R95Q,-0.119502868,0.273796,1.4678561,0.62,1.84,0.87,0.2,0.28422475,0.41,0.673884591,0.497,0.51,0.2516201,0.83,0.0469268,1.22,1.15,0.2290115,1.08,0.5,0.2,0.6403,1.569579429,0.1,0.065863,2.001,0.0,0.02,Surface,SHEET,Variable,1,1,YES,18851941.0,R,95,Q,a,a,a,a,a,a,a,a,a,a,a,a,a,a,a,a,a,a,a,a,a,P60848,-0.119502868,Saccharolobus shibatae (strain ATCC 51178 / DSM 5389 / JCM 8931 / NBRC 15437 / B12),non-human
3S4M,A,G130V,G49V,Q16595,G130V,2.5,1.54026,-0.055929745,1.02,1.18,1.69,2.95,1.6317717,1.24,1.09569227,-0.315,0.5,0.3171097,0.65,5.70097,0.11,0.5,0.8248625,1.35,-1.4,-2.4,1.4212,1.254461413,-0.1,-3.00405,20.237,1.1,4.85,Core,LOOP,Conserved,0,1,YES,18537827.0,G,49,V,a,a,a,a,a,a,a,a,a,a,a,a,a,a,a,a,a,a,a,a,a,Q16595,2.5,Homo sapiens,human
5DV9,A,H489M,H512M,P08659,H489M,0.26290631,0.475838,0.15096959,-0.31,-0.34,-1.01,-0.5,-0.24459338,0.36,0.719362246,-0.2045,0.23,-0.12303533,-0.68,-0.19607,-0.38,0.91,0.301437,-0.08,1.1,1.6,0.3084,0.183484741,0.0,-0.220014,1.067,0.0,-0.98,Surface,LOOP,Variable,0,1,YES,28711358.0,H,512,M,a,a,a,a,a,a,a,a,a,a,a,a,a,a,a,a,a,a,a,a,a,P08659,0.26290631,Photinus pyralis,non-human
1EY1,A,D118E,D118E,P0A780,D118E,0.6,0.0107349,0.32169876,-0.22,-0.3,0.26,0.22,-0.12852687,-0.08,-0.308828664,-0.0799,0.02,-0.073702455,-0.46,1.17758,-0.07,0.45,-0.07133855,-0.14,-0.0,0.2,-0.1165,-0.081897469,0.0,1.08015,-2.728,-0.2,-1.4,Surface,LOOP,Intermediate,0,1,NO,19854945.0,D,118,E,a,a,a,a,a,a,a,a,a,a,a,a,a,a,a,a,a,a,a,a,a,P0A780,0.6,Escherichia coli (strain K12),non-human
1SPB,P,K57E,K58E,P00782,K87E,1.0,-0.274073,-0.077339891,-0.31,0.08,0.02,-0.22,0.09542066,0.05,-0.898123796,0.145,0.17,-0.0,0.44,-0.539658,0.78,-0.17,-0.110115,-0.0,0.1,-0.0,0.1165,-0.042426225,0.0,-0.830914,-0.632,-0.2,0.04,Surface,HELIX,Variable,2,1,YES,9265621.0,K,58,E,a,a,a,a,a,a,a,a,a,a,a,a,a,a,a,a,a,a,a,a,a,P00782,1.0,Bacillus amyloliquefaciens,non-human
2PBD,P,G117V,G117V,P07737,G118V,3.34,1.44614,0.13116016,1.71,-0.34,0.08,2.01,0.640455,0.79,0.559419502,-0.3972,1.35,0.001496844,-0.09,4.6405,0.72,0.62,1.029876,0.2,0.6,1.1,1.4917,2.665402491,0.0,-0.333646,16.618,-0.1,0.47,Surface,LOOP,Intermediate,0,1,YES,26056300.0,G,117,V,a,a,a,a,a,a,a,a,a,a,a,a,a,a,a,a,a,a,a,a,a,P07737,3.34,Homo sapiens,human
1PWU,A,F217A,F217A,P15917,F250A,2.32,2.51493,1.7125008,1.41,3.38,2.03,3.48,0.32265183,1.71,0.241010987,1.5743,2.31,0.82890475,2.46,3.84834,2.04,0.56,3.088295,2.01,3.2,2.9,3.6769,4.296870593,0.3,5.48314,7.285,0.3,4.03,Core,HELIX,NONE,0,2,YES,19926859.0,F,217,A,a,a,a,a,a,a,a,a,a,a,a,a,a,a,a,a,a,a,a,a,a,P15917,2.32,Bacillus anthracis,non-human
2JIE,A,W123F,W129F,P22505,W123F,-2.189934449,0.925236,1.2011311,1.89,1.48,1.26,1.31,0.29757488,0.77,0.413840201,0.442,1.31,0.20030795,3.19,0.976299,1.77,1.12,0.8843555,-0.88,1.1,0.5,0.25,1.174006025,0.3,-5.03839,0.14,0.7,-4.68,Core,LOOP,Intermediate,0,0,YES,32258884.0,W,129,F,a,a,a,a,a,a,a,a,a,a,a,a,a,a,a,a,a,a,a,a,a,P22505,-2.189934449,Paenibacillus polymyxa,non-human
1GUA,B,L82I,L32I,P04049,L82I,1.6,0.542999,1.1537265,0.76,0.66,0.42,1.33,0.26916784,1.12,1.559207147,0.0352,0.33,0.6046269,0.59,1.31674,1.18,1.44,0.8479095,0.88,0.8,0.1,0.6773,1.181187029,1.0,-0.191648,-0.528,1.3,1.53,Core,HELIX,Conserved,0,0,YES,15222756.0,L,32,I,a,a,a,a,a,a,a,a,a,a,a,a,a,a,a,a,a,a,a,a,a,P04049,1.6,Homo sapiens,human
2L7B,A,K146E,K154E,P02649,K164E,0.0,0.0631965,0.52442148,1.77,1.07,-1.34,1.06,0.08007698,0.13,0.885020346,0.1589,0.98,-0.006865265,0.42,0.71026,-0.33,1.15,0.24036925,1.76,1.5,0.9,0.2136,0.817646507,-0.7,-5.04711,3.903,-1.0,-5.93,Core,HELIX,Conserved,2,1,NO,22069485.0,K,154,E,a,a,a,a,a,a,a,a,a,a,a,a,a,a,a,a,a,a,a,a,a,P02649,0.0,Homo sapiens,human
3GDK,A,R235A,R235A,P03962,R235A,5.6,0.547111,1.1727855,0.7,0.96,1.03,0.45,0.9915205,0.57,0.028185592,0.6142,0.77,1.4155135,1.14,0.450635,1.01,1.15,0.584555,0.46,0.7,0.5,-0.2538,0.974490661,0.7,0.432777,3.96,1.6,1.89,Surface,HELIX,Conserved,1,2,YES,30475611.0,R,235,A,a,a,a,a,a,a,a,a,a,a,a,a,a,a,a,a,a,a,a,a,a,P03962,5.6,Saccharomyces cerevisiae (strain ATCC 204508 / S288c),non-human
2MWG,A,V25I,V25I,O34627,V25I,-0.4,0.114045,0.69237626,0.15,0.47,0.75,0.88,-0.15728179,0.29,-0.203600443,-0.2073,0.0,-0.07340914,0.77,-0.641492,0.09,1.15,0.34797,0.64,-0.0,-0.5,-0.1463,-0.08575402,-0.1,-0.403422,-0.582,0.0,1.39,Core,LOOP,Intermediate,0,1,YES,23861663.0,V,25,I,a,a,a,a,a,a,a,a,a,a,a,a,a,a,a,a,a,a,a,a,a,O34627,-0.4,Bacillus subtilis (strain 168),non-human
1J8I,A,R35A,R35A,P47992,R56A,0.1,0.786588,0.77149812,0.6,0.13,0.37,0.33,0.55921733,0.51,0.468247893,0.2363,0.44,0.30962813,0.93,-0.142258,0.45,1.6,0.557618,0.53,0.6,0.5,0.3544,0.676203665,0.1,-1.06673,1.19,0.3,4.22,Surface,LOOP,Variable,1,2,YES,23102260.0,R,35,A,a,a,a,a,a,a,a,a,a,a,a,a,a,a,a,a,a,a,a,a,a,P47992,0.1,Homo sapiens,human
1DFO,B,W16Y,W16Y,P0A825,W16Y,3.55,0.32396,0.5167196,1.38,0.98,1.02,0.55,-0.09293291,1.3,0.126460845,-0.0565,0.32,-0.007990054,1.19,0.317064,1.38,1.49,0.3732335,1.24,0.8,0.4,0.2754,1.632899654,0.0,0.00066,0.972,0.0,2.11,Surface,HELIX,Variable,0,0,NO,8910307.0,W,16,Y,a,a,a,a,a,a,a,a,a,a,a,a,a,a,a,a,a,a,a,a,a,P0A825,3.55,Escherichia coli (strain K12),non-human
3GDK,A,Y217F,Y217F,P03962,Y217F,2.4,0.952713,0.44597386,0.7,0.19,-0.03,-0.06,0.21707538,1.24,0.779898864,0.112,0.45,0.080224305,2.29,-0.109171,0.6,-0.1,0.5631255,0.24,0.2,-0.0,-0.1239,0.313638104,0.1,-0.764149,0.553,0.2,-0.63,Surface,LOOP,Conserved,0,0,YES,30475611.0,Y,217,F,a,a,a,a,a,a,a,a,a,a,a,a,a,a,a,a,a,a,a,a,a,P03962,2.4,Saccharomyces cerevisiae (strain ATCC 204508 / S288c),non-human
3LB2,A,H55V,H55V,Q9NAV8,H56V,-5.1,-0.545302,-0.23173536,-1.13,-1.25,-0.77,0.36,0.3513493,0.35,-0.117592511,-0.249,0.28,0.16831633,-0.96,0.487079,-0.38,-0.35,0.0811995,-0.23,0.1,-0.1,0.0302,0.077593649,0.7,-3.18557,,2.4,1.12,Surface,HELIX,Conserved,0,0,NO,25330337.0,H,55,V,a,a,a,a,a,a,a,a,a,a,a,a,a,a,a,a,a,a,a,a,a,Q9NAV8,-5.1,Amphitrite ornata,non-human
2MWG,A,T50M,T50M,O34627,T50M,0.5,0.212795,0.091871127,-0.51,-0.16,-1.09,0.4,-0.71464324,0.24,-0.033137415,0.093,1.02,-0.8425993,1.24,-1.98613,0.1,1.07,0.6085575,0.2,-1.0,-1.9,0.9445,-0.868224138,-1.0,-1.01672,3.507,-1.0,-0.11,Core,HELIX,Conserved,0,2,YES,23861663.0,T,50,M,a,a,a,a,a,a,a,a,a,a,a,a,a,a,a,a,a,a,a,a,a,O34627,0.5,Bacillus subtilis (strain 168),non-human
2H3Q,A,E12A,E11A,P12497,E12A,-1.07,-0.0684077,1.1651603,0.24,1.53,0.44,0.85,0.1624238,1.15,2.31911241,0.2098,0.86,0.35498428,0.19,0.38544,0.88,-1.16,0.36167215,0.34,-0.0,-0.6,0.1515,0.430223719,0.1,0.48977,2.716,0.3,0.77,Core,HELIX,Variable,1,1,YES,27907055.0,E,11,A,a,a,a,a,a,a,a,a,a,a,a,a,a,a,a,a,a,a,a,a,a,P12497,-1.07,Human immunodeficiency virus type 1 group M subtype B (isolate NY5),non-human
1G3P,A,D160L,D160L,P69168,D178L,0.549713193,0.598738,0.40040806,-0.11,0.63,-0.82,0.3,0.1384447,0.47,0.02523626,-0.139,-0.11,-0.025966294,-1.97,0.167809,,,0.4341025,-0.12,1.7,2.3,0.292,0.148380345,0.0,0.26073,2.772,0.2,-0.17,Surface,LOOP,NONE,1,2,YES,19232524.0,D,160,L,a,a,a,a,a,a,a,a,a,a,a,a,a,a,a,a,a,a,a,a,a,P69168,0.549713193,Enterobacteria phage M13,non-human
1NAQ,A,E59K,E59K,P69488,E59K,-3.92,0.466728,1.116601,0.13,0.2,-0.23,0.12,-0.10959129,0.32,0.094740853,-0.308,0.03,5e-05,0.19,-1.51516,0.71,0.31,0.3024635,-0.24,-0.0,-0.3,-0.4038,-0.290373645,-0.1,-1.8729,-2.074,0.0,1.11,Surface,SHEET,Intermediate,2,1,YES,20639520.0,E,59,K,a,a,a,a,a,a,a,a,a,a,a,a,a,a,a,a,a,a,a,a,a,P69488,-3.92,Escherichia coli (strain K12),non-human
1N2A,A,S11A,S11A,P0A9D2,S11A,1.8,0.153736,0.51785958,0.42,0.89,1.08,1.08,-0.17181346,0.07,0.430345228,0.0512,0.44,-0.000673304,-0.15,-0.597298,0.17,1.22,0.160727,0.8,0.3,-0.5,0.1076,-0.862637635,-0.4,-1.04,-1.893,0.0,1.75,Core,LOOP,Conserved,0,0,YES,17223798.0,S,11,A,a,a,a,a,a,a,a,a,a,a,a,a,a,a,a,a,a,a,a,a,a,P0A9D2,1.8,Escherichia coli (strain K12),non-human
1G3P,A,D160A,D160A,P69168,D178A,0.26290631,0.637042,1.105736,0.05,0.47,-0.45,0.07,0.19053325,0.6,0.294895235,0.0023,-0.06,-0.0,-0.29,0.197813,,,0.3845995,-0.09,1.0,1.3,0.429,0.666692791,0.0,0.02439,0.199,0.3,0.42,Surface,LOOP,NONE,1,0,YES,19232524.0,D,160,A,a,a,a,a,a,a,a,a,a,a,a,a,a,a,a,a,a,a,a,a,a,P69168,0.26290631,Enterobacteria phage M13,non-human
3S4M,A,L203C,L122C,Q16595,L203C,-1.0,0.435988,1.7331697,2.64,2.73,2.52,1.36,-0.040416077,1.79,1.384602227,0.6195,0.74,0.003139754,0.78,2.71045,1.72,1.22,0.861024,1.4,1.4,1.0,0.9188,2.895723844,0.2,1.11193,4.627,0.1,8.37,Core,LOOP,Conserved,0,2,YES,31932621.0,L,122,C,a,a,a,a,a,a,a,a,a,a,a,a,a,a,a,a,a,a,a,a,a,Q16595,-1.0,Homo sapiens,human
1X0X,A,Q295A,Q300A,P21695,Q295A,1.7,0.586041,1.5803324,-0.09,2.0,0.18,1.21,0.13195266,0.67,1.064647852,0.2394,1.45,0.039766792,0.4,-0.921128,1.06,1.15,1.0046155,0.86,0.6,-0.0,0.6139,0.196882093,0.2,1.09084,0.387,0.2,-0.68,Core,LOOP,Conserved,0,1,YES,29337541.0,Q,300,A,a,a,a,a,a,a,a,a,a,a,a,a,a,a,a,a,a,a,a,a,a,P21695,1.7,Homo sapiens,human
1K85,A,L578A,L22A,P20533,L578A,5.54,2.87829,2.3734032,2.23,2.18,2.82,3.39,2.60607,0.79,3.638158009,2.3152,3.41,2.3148339,2.11,4.02213,3.58,1.11,3.011435,2.38,3.0,2.6,2.3949,3.707852732,3.4,4.95199,12.749,3.5,4.98,Core,SHEET,Conserved,0,2,YES,18022190.0,L,22,A,a,a,a,a,a,a,a,a,a,a,a,a,a,a,a,a,a,a,a,a,a,P20533,5.54,Niallia circulans,non-human
1Y9X,A,K68A,K68A,P60848,K68A,1.027724665,0.453541,0.14552584,0.04,1.07,0.57,0.66,0.1597406,0.06,0.240995821,0.5732,0.21,0.04465065,1.06,0.5508,0.33,0.23,0.6019085,0.32,0.6,0.5,0.3036,0.668753064,-0.3,-0.626802,5.518,-0.7,0.86,Surface,SHEET,Variable,1,2,YES,18779322.0,K,68,A,a,a,a,a,a,a,a,a,a,a,a,a,a,a,a,a,a,a,a,a,a,P60848,1.027724665,Saccharolobus shibatae (strain ATCC 51178 / DSM 5389 / JCM 8931 / NBRC 15437 / B12),non-human
2RNM,A,G278A,G62A,Q03689,G278A,0.4,1.25042,0.77998148,0.35,0.4,1.42,2.23,0.6401024,1.11,0.338021958,-0.3319,0.67,0.885459,-0.4,5.28561,0.42,1.15,0.9645125,1.08,-0.0,-0.5,2.2425,1.756527787,0.8,-0.703726,6.144,1.8,0.5,Core,LOOP,Conserved,0,0,YES,24945274.0,G,62,A,a,a,a,a,a,a,a,a,a,a,a,a,a,a,a,a,a,a,a,a,a,Q03689,0.4,Podospora anserina,non-human
1K85,A,S568A,S12A,P20533,S568A,-0.1,-0.857111,0.44519138,0.34,-0.27,-0.22,0.53,-0.45026457,0.18,0.156830025,-0.0216,-0.18,-0.7523202,-0.21,-0.910931,1.2,1.35,-0.9109555,0.13,0.2,-0.1,-0.4046,-0.676703871,-0.6,-2.97345,0.96,-0.8,0.12,Surface,SHEET,Intermediate,0,0,YES,18022190.0,S,12,A,a,a,a,a,a,a,a,a,a,a,a,a,a,a,a,a,a,a,a,a,a,P20533,-0.1,Niallia circulans,non-human
2AGH,A,G311A,G21A,P06876,G311A,-0.04,,0.39483466,0.61,1.03,-0.02,2.17,0.48039597,0.14,0.789485641,0.0713,0.55,0.3412934,0.08,2.18479,0.99,1.14,0.914113,0.33,-0.0,-0.5,0.6292,1.625936886,-0.2,-1.32592,9.562,0.0,1.63,Surface,LOOP,NONE,0,0,YES,29890118.0,G,21,A,a,a,a,a,a,a,a,a,a,a,a,a,a,a,a,a,a,a,a,a,a,P06876,-0.04,Mus musculus,non-human
1X0X,A,R269A,R274A,P21695,R269A,-9.1,0.636118,0.79213816,0.91,1.78,0.61,1.13,0.36147928,0.93,0.138162627,0.3087,1.39,0.40702444,0.29,0.0164312,1.23,0.64,0.5568105,0.36,0.8,0.4,0.3256,0.94256277,0.4,-3.66858,-0.156,0.7,-0.21,Surface,HELIX,Conserved,1,2,YES,29927590.0,R,274,A,a,a,a,a,a,a,a,a,a,a,a,a,a,a,a,a,a,a,a,a,a,P21695,-9.1,Homo sapiens,human
2Y3Z,A,I11V,I14V,Q5SIY4,I11V,0.05,0.900567,0.82976167,1.09,0.66,0.97,0.79,0.76395553,1.51,0.493580577,0.4915,1.13,1.0030255,0.99,0.899021,1.13,1.15,1.0112735,-0.17,1.3,0.7,0.3174,0.458900576,1.0,0.369389,0.687,1.2,2.98,Core,LOOP,Conserved,0,1,YES,11579229.0,I,14,V,a,a,a,a,a,a,a,a,a,a,a,a,a,a,a,a,a,a,a,a,a,Q5SIY4,0.05,Thermus thermophilus (strain ATCC 27634 / DSM 579 / HB8),non-human
1Y9X,A,R57L,R57L,P60848,R57L,-1.290630975,-0.110865,-0.048553073,0.61,1.29,0.24,-0.31,-0.19651522,0.66,-1.350143214,-0.3436,0.22,-0.002999825,0.58,1.07062,0.38,0.06,-0.09974505,-0.1,0.1,-0.1,-0.1611,-0.117722569,0.0,-5.3269,1.945,0.4,-0.28,Surface,HELIX,Intermediate,1,0,YES,18779322.0,R,57,L,a,a,a,a,a,a,a,a,a,a,a,a,a,a,a,a,a,a,a,a,a,P60848,-1.290630975,Saccharolobus shibatae (strain ATCC 51178 / DSM 5389 / JCM 8931 / NBRC 15437 / B12),non-human
1L8W,D,S213A,S205A,O06878,S213A,0.6,-0.135767,-0.041976464,0.07,0.75,-1.57,1.32,-0.17995428,0.27,0.567368922,-0.1299,-0.48,-0.000182101,-0.45,-1.05703,0.38,1.15,-0.020918,0.03,0.2,-0.2,-0.3059,-0.547307999,-0.1,-1.41082,-1.074,-0.1,-0.44,Core,HELIX,Conserved,0,0,YES,21377472.0,S,205,A,a,a,a,a,a,a,a,a,a,a,a,a,a,a,a,a,a,a,a,a,a,O06878,0.6,Borreliella burgdorferi,non-human
2AGH,A,K293H,K3H,P06876,K293H,0.27,,0.76991542,0.66,0.42,0.66,0.1,0.21350367,0.3,0.781203966,0.2107,0.1,0.40139425,0.98,0.387088,0.27,0.18,0.14355755,-0.03,0.1,0.2,0.3163,-0.121613811,-0.1,3.31511,1.074,-0.3,0.49,Surface,HELIX,NONE,1,1,YES,29890118.0,K,3,H,a,a,a,a,a,a,a,a,a,a,a,a,a,a,a,a,a,a,a,a,a,P06876,0.27,Mus musculus,non-human
1L6H,A,Y48A,Y48A,Q10ST8,Y75A,1.481835564,1.9782,1.2796034,2.48,1.42,2.85,0.85,1.675212,2.15,0.041900849,1.583,1.18,1.6542995,4.42,0.313731,1.07,0.74,1.93372,1.53,1.1,0.9,0.431,1.296263603,1.9,0.125245,5.2,3.6,-0.25,Surface,HELIX,Intermediate,0,2,YES,17729272.0,Y,48,A,a,a,a,a,a,a,a,a,a,a,a,a,a,a,a,a,a,a,a,a,a,Q10ST8,1.481835564,Oryza sativa subsp. japonica,non-human
3MON,B,R39G,R39G,P02882,R39G,-1.19423,1.14474,1.3977593,-0.21,0.79,1.19,0.35,0.9428396,1.44,-0.151989379,-0.2697,0.38,0.67117774,0.98,0.837624,0.71,1.19,0.9389405,1.07,0.7,0.6,0.2492,1.520127201,1.1,0.155894,2.519,3.1,1.78,Surface,SHEET,NONE,1,2,NO,30143736.0,R,39,G,a,a,a,a,a,a,a,a,a,a,a,a,a,a,a,a,a,a,a,a,a,P02882,-1.19423,Dioscoreophyllum cumminsii,non-human
2RNM,A,V264A,V48A,Q03689,V264A,-1.1,1.61319,2.0618524,1.29,2.16,1.91,2.14,1.1265502,0.95,1.204783228,1.5235,0.5,1.4068348,0.93,0.403375,0.21,1.13,1.54917,1.09,1.3,1.0,0.819,1.340901191,1.1,0.660946,0.531,1.4,-0.13,Core,SHEET,Conserved,0,1,YES,24945274.0,V,48,A,a,a,a,a,a,a,a,a,a,a,a,a,a,a,a,a,a,a,a,a,a,Q03689,-1.1,Podospora anserina,non-human
2MWG,A,N107F,N107F,O34627,N107F,-0.9,0.0925347,0.38194788,0.4,0.26,-1.43,0.15,-0.40849754,-0.01,-1.566831105,-1.0286,-0.07,-0.30833912,0.92,-1.37685,0.35,1.26,-0.30384365,-0.62,-1.7,-2.5,-0.3422,-0.176645533,-1.2,-1.60982,-0.445,-0.9,0.72,Core,SHEET,Intermediate,0,2,YES,23861663.0,N,107,F,a,a,a,a,a,a,a,a,a,a,a,a,a,a,a,a,a,a,a,a,a,O34627,-0.9,Bacillus subtilis (strain 168),non-human
3RW6,A,L293V,L198V,Q9UBU9,L293V,1.41,1.29248,1.5797463,1.53,1.69,0.38,0.88,1.0725633,0.84,0.939358585,1.4393,0.08,1.4648535,0.81,2.64318,2.16,2.2,1.54793,1.94,1.4,0.9,1.5569,1.626148491,1.4,2.27591,4.005,1.6,1.26,Core,LOOP,Conserved,0,1,YES,24535093.0,L,198,V,a,a,a,a,a,a,a,a,a,a,a,a,a,a,a,a,a,a,a,a,a,Q9UBU9,1.41,Homo sapiens,human
1X0X,A,Q295G,Q300G,P21695,Q295G,0.4,1.14818,1.7531306,1.02,1.78,0.53,1.99,-0.023901843,1.01,0.61029688,0.4323,1.56,0.012432121,0.32,0.211194,1.04,1.15,1.63632,1.59,1.1,0.7,0.7303,1.274153247,0.5,-0.585077,3.463,0.6,-0.08,Core,LOOP,Conserved,0,1,YES,29337541.0,Q,300,G,a,a,a,a,a,a,a,a,a,a,a,a,a,a,a,a,a,a,a,a,a,P21695,0.4,Homo sapiens,human
1QK9,A,R57H,R57H,P51608,R133H,0.235,1.04451,1.2266758,1.46,0.94,1.78,-0.11,0.7778517,1.49,0.16129881,-0.002,0.34,1.2438251,1.26,0.30216,0.9,0.55,0.697932,0.08,0.1,0.1,0.5572,0.01899834,0.2,-1.38266,2.487,0.9,-2.02,Surface,LOOP,Conserved,1,1,YES,26418480.0,R,57,H,a,a,a,a,a,a,a,a,a,a,a,a,a,a,a,a,a,a,a,a,a,P51608,0.235,Homo sapiens,human
2JIE,A,N296A,N302A,P22505,N296A,2.249965035,0.357127,1.2174078,1.1,1.64,1.88,1.31,0.4390577,0.39,-0.402877347,0.0157,1.7,0.7772888,0.8,1.44154,1.2,1.15,0.9348885,0.66,-0.2,-1.0,0.7541,0.689401435,0.6,1.94928,-2.837,1.1,-6.51,Core,SHEET,Conserved,0,0,YES,32258884.0,N,302,A,a,a,a,a,a,a,a,a,a,a,a,a,a,a,a,a,a,a,a,a,a,P22505,2.249965035,Paenibacillus polymyxa,non-human
2KGQ,A,A19G,A18G,P56552,A19G,-0.06,1.56489,1.6418024,0.45,1.47,1.03,0.45,0.6610193,1.29,0.641266972,-0.3564,0.69,0.9573271,1.97,0.236189,0.22,-0.12,1.290065,0.6,-0.0,-0.0,0.5522,0.871087791,0.9,-0.876371,3.442,2.7,0.26,Surface,HELIX,NONE,0,0,YES,27616457.0,A,18,G,a,a,a,a,a,a,a,a,a,a,a,a,a,a,a,a,a,a,a,a,a,P56552,-0.06,Pentadiplandra brazzeana,non-human
2EWN,A,D197A,D197A,P06709,D197A,0.3,0.150198,-0.090989302,-1.09,1.45,0.91,1.17,-0.0876995,-0.29,1.236025735,0.1101,-0.1,-0.0,-1.17,1.29239,0.3,1.13,0.255525,0.22,0.2,-0.0,0.2969,0.3451443,-0.2,-0.844156,3.214,-0.2,1.03,Core,LOOP,Variable,1,0,YES,26678378.0,D,197,A,a,a,a,a,a,a,a,a,a,a,a,a,a,a,a,a,a,a,a,a,a,P06709,0.3,Escherichia coli (strain K12),non-human
4J1P,A,R419W,R78W,P25440,R419W,0.02,0.535469,0.41108168,0.75,-0.12,0.85,0.59,0.18607062,0.26,0.293605529,-0.0877,0.5,-0.0,0.22,0.98978,0.53,-0.09,0.398485,1.15,-0.7,-1.2,0.6088,0.045711156,-0.4,-4.68756,,-0.2,-1.34,Surface,HELIX,Intermediate,1,0,NO,27403962.0,R,78,W,a,a,a,a,a,a,a,a,a,a,a,a,a,a,a,a,a,a,a,a,a,P25440,0.02,Homo sapiens,human
1PWU,A,H91N,H91N,P15917,H124N,0.86,0.717439,0.34561466,0.84,2.98,2.93,1.21,-0.22605851,1.6,0.279536986,-1.0986,1.03,-0.001427109,0.34,0.794281,0.97,0.68,1.226998,2.57,1.5,1.0,0.4877,1.907016416,0.1,1.59871,6.383,0.1,-0.42,Core,LOOP,NONE,0,1,YES,19926859.0,H,91,N,a,a,a,a,a,a,a,a,a,a,a,a,a,a,a,a,a,a,a,a,a,P15917,0.86,Bacillus anthracis,non-human
2JIE,A,M326A,M332A,P22505,M326A,1.298163468,1.88767,1.5790138,2.26,0.99,0.24,2.15,0.5997114,0.97,0.65887784,-0.2686,2.18,0.89096093,3.59,2.69219,-0.07,1.15,1.901275,1.86,2.4,2.0,1.5829,2.140310069,1.1,0.081982,1.269,1.3,2.3,Core,LOOP,Intermediate,0,2,YES,32258884.0,M,332,A,a,a,a,a,a,a,a,a,a,a,a,a,a,a,a,a,a,a,a,a,a,P22505,1.298163468,Paenibacillus polymyxa,non-human
1K85,A,V604A,V48A,P20533,V604A,1.58,1.08733,0.94273109,1.59,2.03,2.22,1.57,1.1409628,1.1,2.030397988,0.6271,1.39,0.7158865,1.26,0.99574,0.35,0.86,1.137855,1.26,1.7,1.3,0.7072,1.254238744,1.3,2.6774,0.41,1.4,0.79,Core,SHEET,Intermediate,0,1,YES,18022190.0,V,48,A,a,a,a,a,a,a,a,a,a,a,a,a,a,a,a,a,a,a,a,a,a,P20533,1.58,Niallia circulans,non-human
6QJI,B,D332G,D28G,P78352,D332G,1.44,0.129686,1.048584,-0.2,0.44,1.49,0.05,,0.93,0.285,-0.2371,0.2,0.001185814,0.78,0.547478,1.3,1.14,,0.04,0.6,0.7,0.2431,0.52271481,0.3,-0.345281,-1.408,0.7,0.22,Surface,LOOP,Intermediate,1,0,YES,,D,28,G,a,a,a,a,a,a,a,a,a,a,a,a,a,a,a,a,a,a,a,a,a,P78352,1.44,Homo sapiens,human
1K85,A,T602A,T46A,P20533,T602A,-1.49,-0.220028,0.67072409,-0.11,1.68,0.22,0.37,0.15640995,0.15,0.872570351,0.3303,-0.43,0.20784146,1.8,-0.766608,0.68,0.99,0.1284345,0.71,0.7,0.2,0.2517,0.513092515,-0.1,-0.767208,2.499,-0.1,1.01,Surface,SHEET,Variable,0,0,YES,18022190.0,T,46,A,a,a,a,a,a,a,a,a,a,a,a,a,a,a,a,a,a,a,a,a,a,P20533,-1.49,Niallia circulans,non-human
1GUA,B,L78A,L28A,P04049,L78A,3.802581262,1.89738,2.2852367,3.45,3.57,3.42,3.04,2.3962932,2.57,2.996279359,2.4752,1.37,2.1998067,1.5,3.73021,2.53,1.13,2.141255,3.04,3.0,2.6,2.375,3.712006354,2.8,8.50207,15.049,2.6,2.38,Core,HELIX,Conserved,0,2,YES,17137592.0,L,28,A,a,a,a,a,a,a,a,a,a,a,a,a,a,a,a,a,a,a,a,a,a,P04049,3.802581262,Homo sapiens,human
6QJF,B,E334L,E35L,P78352,E334L,3.35,-0.118674,0.096485751,0.69,-0.51,-0.39,-0.08,0.2238853,-0.15,-0.112545345,-0.1916,0.34,-0.0,0.01,-0.368643,-0.85,0.06,-0.1636325,0.1,-0.4,-0.7,0.5059,-0.204387328,-0.6,-1.72506,0.277,-0.8,0.84,Core,LOOP,Variable,1,1,YES,24845085.0,E,35,L,a,a,a,a,a,a,a,a,a,a,a,a,a,a,a,a,a,a,a,a,a,P78352,3.35,Homo sapiens,human
1QK9,A,R57C,R57C,P51608,R133C,0.365,0.360429,0.90398438,-0.02,0.98,1.11,0.04,0.7263217,1.05,0.236530961,-0.0216,-0.05,1.2538395,1.15,-0.076166,0.91,0.57,0.4273095,-0.0,0.7,0.7,0.2726,0.815146195,0.7,-1.11517,-1.174,2.8,-2.95,Surface,LOOP,Conserved,1,2,YES,26418480.0,R,57,C,a,a,a,a,a,a,a,a,a,a,a,a,a,a,a,a,a,a,a,a,a,P51608,0.365,Homo sapiens,human
6IJR,C,R288H,R94H,P37231,R316H,0.06,0.229538,1.1594936,1.37,1.18,1.13,0.96,0.29948843,0.57,0.813320525,0.5074,1.06,0.22366041,2.05,0.947534,0.65,-0.13,0.796459,-0.09,0.7,0.2,0.516,0.230608066,0.1,-3.55172,4.638,0.1,0.23,Surface,HELIX,Intermediate,1,1,YES,28208577.0,R,94,H,a,a,a,a,a,a,a,a,a,a,a,a,a,a,a,a,a,a,a,a,a,P37231,0.06,Homo sapiens,human
1QK9,A,S58C,S58C,P51608,S134C,1.045,0.81068,1.2634139,0.5,0.69,1.08,0.56,,0.93,0.772809734,0.0288,0.95,0.12554106,0.62,1.26873,0.38,0.51,0.6889355,0.09,-0.2,-0.6,0.5319,0.881005066,0.4,-0.750495,3.263,1.6,-1.55,Surface,LOOP,Conserved,0,0,YES,26418480.0,S,58,C,a,a,a,a,a,a,a,a,a,a,a,a,a,a,a,a,a,a,a,a,a,P51608,1.045,Homo sapiens,human
1Z0M,A,T134V,T67V,P80386,T134V,0.93,-0.928318,0.24216222,0.09,-1.33,0.81,0.11,-0.80260193,0.03,-0.164588041,-0.1385,-0.5,-0.59855926,0.44,-0.68138,0.41,0.71,-0.41563435,-0.26,-0.2,-0.7,-0.5304,-0.04455891,-0.9,-0.845596,0.86,-1.0,1.31,Surface,SHEET,Variable,0,1,YES,29193585.0,T,67,V,a,a,a,a,a,a,a,a,a,a,a,a,a,a,a,a,a,a,a,a,a,P80386,0.93,Rattus norvegicus,non-human
6ULQ,B,D160N,D102N,P25440,D160N,4.1,-0.0545347,1.4464947,0.06,0.83,0.57,0.22,-0.22509454,0.7,1.603891027,-0.0516,0.97,-0.18278246,0.65,2.13659,0.62,0.76,0.1511199,0.85,0.1,-0.3,0.0797,0.418257769,-0.4,0.328926,0.163,-0.7,1.24,Surface,LOOP,Conserved,1,0,NO,27403962.0,D,102,N,a,a,a,a,a,a,a,a,a,a,a,a,a,a,a,a,a,a,a,a,a,P25440,4.1,Homo sapiens,human
1PWU,A,V213A,V213A,P15917,V246A,1.3,0.743739,2.1986469,1.46,2.37,0.36,2.02,0.006294619,1.57,0.281972324,1.069,1.14,0.025568921,2.85,1.87056,2.63,2.28,1.074539,0.63,2.1,1.7,1.2722,1.995833495,0.1,3.35768,6.467,0.1,3.7,Core,HELIX,NONE,0,1,YES,19926859.0,V,213,A,a,a,a,a,a,a,a,a,a,a,a,a,a,a,a,a,a,a,a,a,a,P15917,1.3,Bacillus anthracis,non-human
6IJR,C,E460K,E266K,P37231,E488K,-0.17,0.370622,0.81700556,0.05,1.97,-0.08,0.44,-0.15614538,0.12,1.332938656,-0.2035,1.21,-0.0,0.77,-2.88269,1.28,0.72,0.993681,0.89,-0.1,-0.8,0.1729,1.171589919,0.1,1.40546,4.481,0.2,2.75,Core,LOOP,Intermediate,2,1,YES,28208577.0,E,266,K,a,a,a,a,a,a,a,a,a,a,a,a,a,a,a,a,a,a,a,a,a,P37231,-0.17,Homo sapiens,human
1J8I,A,K25A,K25A,P47992,K46A,-0.1,0.504673,0.63974247,0.28,1.63,-0.02,1.29,0.15753569,0.13,0.569646374,0.6806,0.76,-0.0,0.94,-0.314939,0.1,1.15,0.6155275,0.04,0.6,0.2,-0.6394,0.139521992,-0.6,-3.78764,1.417,-0.7,-1.92,Surface,SHEET,Intermediate,1,2,YES,23102260.0,K,25,A,a,a,a,a,a,a,a,a,a,a,a,a,a,a,a,a,a,a,a,a,a,P47992,-0.1,Homo sapiens,human
2JIE,A,L174R,L180R,P22505,L174R,-0.336463094,0.650192,2.029163,1.5,0.32,1.9,1.32,0.3013805,1.43,1.211601201,0.5283,2.14,0.4012857,-1.08,2.08625,1.59,2.7,1.1443465,0.28,2.0,1.6,0.9041,0.979228306,1.0,2.4071,0.733,1.0,4.14,Core,HELIX,Variable,1,0,YES,32258884.0,L,180,R,a,a,a,a,a,a,a,a,a,a,a,a,a,a,a,a,a,a,a,a,a,P22505,-0.336463094,Paenibacillus polymyxa,non-human
2JIE,A,M224A,M230A,P22505,M224A,4.097723755,1.14273,1.403894,2.3,2.83,1.89,2.76,0.7239362,1.41,0.428036196,1.1199,1.84,0.82286036,3.38,3.87661,1.95,1.15,1.3769545,1.83,2.5,2.1,2.2184,2.345114829,1.0,2.44877,4.829,1.1,7.02,Core,LOOP,Variable,0,2,YES,32258884.0,M,230,A,a,a,a,a,a,a,a,a,a,a,a,a,a,a,a,a,a,a,a,a,a,P22505,4.097723755,Paenibacillus polymyxa,non-human
1E0X,A,Y172S,Y172S,P26514,Y213S,-2.627306,1.97971,1.6555418,1.48,1.16,1.97,2.62,1.347676,2.53,1.393466292,0.0368,2.31,1.7059667,0.06,3.65006,1.29,1.32,2.230015,2.02,2.3,2.1,0.2529,2.316361127,2.4,2.31573,6.263,2.9,2.07,Core,LOOP,Conserved,0,2,NO,10235626.0,Y,172,S,a,a,a,a,a,a,a,a,a,a,a,a,a,a,a,a,a,a,a,a,a,P26514,-2.627306,Streptomyces lividans,non-human
1K85,A,L600A,L44A,P20533,L600A,2.78,1.50831,1.9429741,1.08,1.39,3.51,0.48,0.71510065,0.49,0.461832439,1.2251,1.0,0.66527563,2.63,1.18655,1.11,2.33,1.46594,1.63,1.0,0.7,-0.1188,1.869286077,0.8,0.385168,5.834,1.3,-2.78,Surface,SHEET,Variable,0,2,YES,18022190.0,L,44,A,a,a,a,a,a,a,a,a,a,a,a,a,a,a,a,a,a,a,a,a,a,P20533,2.78,Niallia circulans,non-human
1FH5,H,S18N,S15N,1FH5,S18N,-0.6,0.247166,0.43335219,-0.18,0.13,0.26,1.19,,0.32,-0.147,-0.0115,0.85,-0.0,-0.24,0.0558163,0.3,1.15,,-0.08,0.6,0.2,0.3762,-0.04305204,0.0,-0.002605,0.659,0.2,2.24,Surface,SHEET,Intermediate,0,0,NO,,S,15,N,a,a,a,a,a,a,a,a,a,a,a,a,a,a,a,a,a,a,a,a,a,1FH5,-0.6,,non-human
4NC0,A,T54W,T49W,4NC0,T54W,0.37,0.634468,0.47694846,0.68,0.89,1.4,0.42,,0.8,-0.072,-0.0015,0.65,-0.0,1.2,-0.331759,1.18,1.16,,0.24,-0.6,-0.8,1.2222,-0.419232363,-0.2,-1.08458,0.738,0.1,3.34,Surface,LOOP,Conserved,0,2,YES,,T,49,W,a,a,a,a,a,a,a,a,a,a,a,a,a,a,a,a,a,a,a,a,a,4NC0,0.37,,non-human
1Y9X,A,V53E,V53E,P60848,V53E,4.8,2.27649,1.3796021,1.2,2.36,1.67,1.55,2.5372157,1.65,1.694128093,0.722,1.51,1.7073822,0.66,1.18841,1.62,2.83,2.48795,1.71,2.6,2.3,2.0341,2.166638289,2.9,12.9892,9.545,2.6,0.15,Core,HELIX,Conserved,1,0,YES,18571501.0,V,53,E,a,a,a,a,a,a,a,a,a,a,a,a,a,a,a,a,a,a,a,a,a,P60848,4.8,Saccharolobus shibatae (strain ATCC 51178 / DSM 5389 / JCM 8931 / NBRC 15437 / B12),non-human
2EWN,A,G142A,G142A,P06709,G142A,2.95,-0.713254,0.20152392,0.34,2.1,0.74,2.33,-0.57441574,0.66,0.313039439,0.2353,0.12,-0.48071063,1.18,5.29728,1.43,1.0,-0.7717595,1.26,-0.0,-0.8,2.1741,2.976391617,-0.9,-1.45545,14.537,-0.7,3.99,Core,LOOP,Variable,0,0,YES,26678378.0,G,142,A,a,a,a,a,a,a,a,a,a,a,a,a,a,a,a,a,a,a,a,a,a,P06709,2.95,Escherichia coli (strain K12),non-human
1G3P,A,D160H,D160H,P69168,D178H,-0.047801147,0.214937,1.2100446,-0.53,0.05,-0.85,-0.1,0.18040392,0.61,-0.209647366,0.0375,-0.09,-0.0,2.55,0.18409,,,-0.108801,-0.07,0.4,0.8,0.0968,0.030915475,0.0,0.43327,0.171,0.0,-0.98,Surface,LOOP,NONE,1,1,YES,19232524.0,D,160,H,a,a,a,a,a,a,a,a,a,a,a,a,a,a,a,a,a,a,a,a,a,P69168,-0.047801147,Enterobacteria phage M13,non-human
5VP3,A,V183T,V183T,E0WVU4,V183T,-0.353728489,1.57195,2.2466613,1.73,1.73,1.64,1.21,0.45993054,0.98,1.36515148,0.2363,0.87,1.144362,2.06,0.603791,2.11,1.91,1.48547,0.81,1.5,1.1,0.8836,1.382285945,1.0,0.581738,2.039,1.0,3.1,Core,HELIX,Intermediate,0,1,YES,26803749.0,V,183,T,a,a,a,a,a,a,a,a,a,a,a,a,a,a,a,a,a,a,a,a,a,E0WVU4,-0.353728489,Mnemiopsis leidyi,non-human
1LVM,B,Q58F,Q66F,P04517,Q2095F,-0.6,0.469234,0.16797151,0.55,-0.46,-0.47,-0.33,0.10423347,0.57,-0.636094853,-0.1988,0.27,-0.055476822,1.08,-0.927919,0.24,1.02,0.0791665,-0.59,-0.8,-1.2,0.1591,-0.596261115,-0.4,-2.35856,-2.405,0.0,-0.52,Surface,SHEET,Variable,0,1,YES,17905838.0,Q,66,F,a,a,a,a,a,a,a,a,a,a,a,a,a,a,a,a,a,a,a,a,a,P04517,-0.6,Tobacco etch virus,non-human
1N88,A,L57A,L57A,Q9RA57,L57A,1.11,2.13363,2.5162872,1.74,1.68,2.78,0.64,1.2015717,1.71,1.072910496,1.4441,0.9,1.670187,2.2,-0.331758,1.49,1.3,1.94052,1.94,1.0,0.8,0.4163,1.273497696,1.0,0.068306,-2.635,1.9,-1.09,Surface,SHEET,Variable,0,2,YES,15136744.0,L,57,A,a,a,a,a,a,a,a,a,a,a,a,a,a,a,a,a,a,a,a,a,a,Q9RA57,1.11,Thermus thermophilus,non-human
2MWG,A,M111F,M111F,O34627,M111F,-2.9,-0.0469191,0.83802364,0.5,-0.03,0.21,0.64,0.17008963,0.94,0.652387215,-0.9527,0.19,-0.0,0.92,-0.145862,0.75,0.01,0.22133845,0.08,-0.0,-0.3,-0.3191,-0.207835676,-0.1,1.19021,-3.693,0.0,-3.78,Core,SHEET,Intermediate,0,0,YES,23861663.0,M,111,F,a,a,a,a,a,a,a,a,a,a,a,a,a,a,a,a,a,a,a,a,a,O34627,-2.9,Bacillus subtilis (strain 168),non-human
1H56,A,D58A,D57A,P23657,D58A,-5.4,0.0412267,1.6382325,-0.17,2.51,2.12,1.02,0.63597524,0.95,-0.164,-0.1045,0.47,0.70839477,-1.77,-2.17416,0.1,1.34,-0.03301815,0.59,-0.4,-1.0,0.6838,0.24428789,1.2,-4.75092,0.014,2.4,-0.03,Core,LOOP,Conserved,1,0,YES,11148032.0,D,57,A,a,a,a,a,a,a,a,a,a,a,a,a,a,a,a,a,a,a,a,a,a,P23657,-5.4,Proteus hauseri,non-human
2L7B,A,R145C,R153C,P02649,R163C,0.1,0.727673,0.76010792,1.31,1.13,-0.08,0.66,0.3854263,0.51,0.925044546,0.5526,0.93,0.84367657,0.84,-3.03545,0.57,0.41,0.8893865,0.1,-0.1,-0.9,-0.5631,1.44900867,1.7,-5.17827,-1.021,2.5,-0.56,Core,HELIX,Intermediate,1,2,NO,22069485.0,R,153,C,a,a,a,a,a,a,a,a,a,a,a,a,a,a,a,a,a,a,a,a,a,P02649,0.1,Homo sapiens,human
2MWG,A,V88L,V88L,O34627,V88L,0.2,0.438345,-0.3127851,0.55,0.13,0.07,0.92,0.06610651,0.12,-0.452395848,0.4537,0.41,-0.0,1.51,-0.375607,0.85,1.21,0.6868445,0.81,-0.0,-0.7,0.655,0.155481495,-0.1,1.13722,0.862,0.1,1.1,Core,SHEET,Variable,0,1,YES,23861663.0,V,88,L,a,a,a,a,a,a,a,a,a,a,a,a,a,a,a,a,a,a,a,a,a,O34627,0.2,Bacillus subtilis (strain 168),non-human
2JYS,A,T28D,T28D,P23074,T28D,-0.05,0.0493385,0.84865581,-0.27,-0.38,0.22,0.26,0.7418915,0.33,-0.394969876,-0.0003,-0.28,0.8505184,0.95,-0.193635,0.42,1.15,-0.1464306,0.01,-0.6,-0.7,0.4094,-0.251421078,0.3,1.65386,0.084,1.4,1.2,Surface,LOOP,Intermediate,1,0,YES,16799151.0,T,28,D,a,a,a,a,a,a,a,a,a,a,a,a,a,a,a,a,a,a,a,a,a,P23074,-0.05,Simian foamy virus type 1,non-human
1E0X,A,Y172A,Y172A,P26514,Y213A,-2.292922,1.94197,1.8801361,2.43,1.71,2.76,2.88,1.0464845,2.11,1.260384901,0.1967,2.37,1.4469011,-0.47,2.99005,2.66,1.32,2.186095,1.81,2.1,1.8,0.8581,1.763165317,2.3,3.7068,3.066,2.9,2.92,Core,LOOP,Conserved,0,2,NO,10235626.0,Y,172,A,a,a,a,a,a,a,a,a,a,a,a,a,a,a,a,a,a,a,a,a,a,P26514,-2.292922,Streptomyces lividans,non-human
1Y9X,A,E36A,E36A,P60848,E36A,3.608986616,0.590034,0.80892205,0.42,1.26,0.73,0.89,0.4756861,0.22,1.099853948,0.2189,0.27,0.28973705,0.24,0.187278,0.13,1.15,0.5839145,0.38,0.3,-0.1,1.1858,0.51801381,0.1,-1.12044,7.281,0.3,0.88,Surface,SHEET,Variable,1,1,YES,18779322.0,E,36,A,a,a,a,a,a,a,a,a,a,a,a,a,a,a,a,a,a,a,a,a,a,P60848,3.608986616,Saccharolobus shibatae (strain ATCC 51178 / DSM 5389 / JCM 8931 / NBRC 15437 / B12),non-human
4NC0,A,T54R,T49R,4NC0,T54R,-0.2,0.36378,0.58933486,0.04,0.29,1.0,0.53,,0.44,0.034,0.101,1.08,-0.0,1.4,-0.105833,1.86,1.39,,0.12,-0.1,-0.3,1.07,-0.096837714,0.0,3.72166,0.033,0.4,0.12,Surface,LOOP,Conserved,1,2,YES,,T,49,R,a,a,a,a,a,a,a,a,a,a,a,a,a,a,a,a,a,a,a,a,a,4NC0,-0.2,,non-human
3RW6,A,V287A,V192A,Q9UBU9,V287A,0.16,0.466529,1.8714222,0.65,1.1,1.82,1.23,0.8308088,0.93,0.755994989,1.0533,1.01,1.159045,1.28,0.0029835,1.74,1.2,1.02468,1.28,1.4,1.1,0.653,1.671181309,0.7,0.8245,2.761,0.6,1.34,Surface,HELIX,Variable,0,1,YES,24535093.0,V,192,A,a,a,a,a,a,a,a,a,a,a,a,a,a,a,a,a,a,a,a,a,a,Q9UBU9,0.16,Homo sapiens,human
1UCD,A,G173A,G173A,P23540,G174A,0.08,0.44482,-0.057330143,-0.42,1.09,2.44,2.13,-0.19457129,1.28,0.35806887,-1.1035,0.04,-0.017171947,0.44,4.72286,2.26,0.86,0.3477935,1.19,-0.0,-0.8,2.1135,1.457922359,-0.3,-2.5515,-1.205,0.0,3.28,Core,LOOP,Intermediate,0,0,YES,15322360.0,G,173,A,a,a,a,a,a,a,a,a,a,a,a,a,a,a,a,a,a,a,a,a,a,P23540,0.08,Momordica charantia,non-human
3O39,A,Q100L,Q84L,Q8XDZ4,Q123L,2.0,-0.29801,-0.086345762,-1.36,-0.49,-0.27,-0.05,-0.5078764,0.54,-0.333942364,-0.4383,-0.13,-0.8246758,-0.04,-0.166269,1.61,-0.44,-0.20755365,-0.43,-0.1,-0.2,-0.1661,-0.60315907,-0.4,-4.37528,1.525,0.2,-0.96,Surface,HELIX,Conserved,0,1,YES,24497545.0,Q,84,L,a,a,a,a,a,a,a,a,a,a,a,a,a,a,a,a,a,a,a,a,a,Q8XDZ4,2.0,Escherichia coli O157:H7,non-human
6O9B,B,H71F,H71F,P61769,H71F,1.912045889,-0.21903,-0.057334891,-1.63,0.05,-0.56,-0.02,-0.23420793,0.59,-0.686243775,-0.2108,0.14,-0.30191725,0.61,-0.21367,-0.18,0.32,-0.1361416,-0.26,-0.0,-0.1,0.4855,-0.207106554,-0.3,-2.0492,-1.306,-0.3,1.09,Surface,SHEET,Intermediate,0,1,NO,12186550.0,H,71,F,a,a,a,a,a,a,a,a,a,a,a,a,a,a,a,a,a,a,a,a,a,P61769,1.912045889,Homo sapiens,human
3RW6,A,L238I,L143I,Q9UBU9,L238I,0.35,0.751765,0.64578324,0.41,0.38,1.14,1.37,0.17784321,0.82,2.195379169,0.6505,1.09,0.29340214,0.66,1.93238,0.54,0.51,0.9649585,1.21,0.8,0.1,1.6172,1.833977598,0.5,-0.814009,8.332,0.7,1.42,Core,HELIX,Conserved,0,0,YES,24535093.0,L,143,I,a,a,a,a,a,a,a,a,a,a,a,a,a,a,a,a,a,a,a,a,a,Q9UBU9,0.35,Homo sapiens,human
2JIE,A,I247E,I253E,P22505,I247E,-1.240538196,0.954908,1.0319369,3.22,2.22,2.05,2.37,0.90941477,0.85,-0.360548509,0.6807,1.3,0.94879305,1.31,2.86989,1.38,3.21,1.258293,1.35,3.4,3.2,1.8997,3.127447424,1.5,3.0542,8.801,1.2,2.25,Core,HELIX,Variable,1,1,YES,32258884.0,I,253,E,a,a,a,a,a,a,a,a,a,a,a,a,a,a,a,a,a,a,a,a,a,P22505,-1.240538196,Paenibacillus polymyxa,non-human
1E0X,A,W274A,W274A,P26514,W315A,-3.296075,2.35352,2.0202188,1.26,2.32,2.84,0.99,1.6198099,1.97,1.64735131,1.5427,1.15,2.2004976,-0.1,1.44893,2.2,1.94,2.141575,0.26,1.4,1.2,0.6941,1.315512707,1.9,-0.531578,1.285,4.3,-3.32,Surface,LOOP,Conserved,0,2,NO,10235626.0,W,274,A,a,a,a,a,a,a,a,a,a,a,a,a,a,a,a,a,a,a,a,a,a,P26514,-3.296075,Streptomyces lividans,non-human
5CG0,A,F251A,F231A,O61594,F251A,0.67,2.05087,1.9735274,2.77,1.29,2.57,3.27,0.7024331,1.24,-0.036512019,1.8399,0.3,1.1805117,0.26,3.67928,2.4,1.15,2.37193,2.33,3.0,2.7,2.7261,4.514170557,1.7,2.18358,8.92,1.6,1.17,Core,SHEET,Variable,0,2,YES,26785700.0,F,231,A,a,a,a,a,a,a,a,a,a,a,a,a,a,a,a,a,a,a,a,a,a,O61594,0.67,Spodoptera frugiperda,non-human
1ON4,A,W101F,W101F,P54178,W120F,2.89,0.817993,0.91003143,1.84,1.78,2.41,0.85,0.22665831,0.84,1.352304311,0.3131,1.87,0.0389985,0.65,3.44901,1.9,1.41,1.0598765,0.7,1.1,0.5,0.461,1.513076897,0.4,-0.443017,5.71,0.9,3.08,Core,SHEET,Conserved,0,0,YES,29131589.0,W,101,F,a,a,a,a,a,a,a,a,a,a,a,a,a,a,a,a,a,a,a,a,a,P54178,2.89,Bacillus subtilis (strain 168),non-human
2C9Q,A,Y79W,Y79W,P12376,Y103W,1.233269598,0.352067,1.3157277,0.19,1.08,-0.06,1.04,0.44918174,1.59,2.064347988,-0.3987,1.24,0.7510884,1.58,0.715752,1.69,1.15,0.8926935,0.84,-0.1,-0.9,1.3433,0.49043953,1.0,-0.162906,5.37,1.3,1.64,Core,SHEET,Conserved,0,0,YES,24327203.0,Y,79,W,a,a,a,a,a,a,a,a,a,a,a,a,a,a,a,a,a,a,a,a,a,P12376,1.233269598,Pseudomonas syringae pv. tomato,non-human
2KV4,A,S9C,S9C,P01133,S979C,1.51,-0.336814,1.1775729,0.11,2.08,2.19,0.16,-0.87046707,0.61,-0.443095123,-0.1274,0.25,-0.0,0.49,-0.395289,0.64,-0.79,-0.307793,-0.42,-0.2,-0.6,-0.2276,0.473658492,-0.1,1.00023,0.138,1.2,-0.02,Surface,HELIX,Intermediate,0,0,YES,16274250.0,S,9,C,a,a,a,a,a,a,a,a,a,a,a,a,a,a,a,a,a,a,a,a,a,P01133,1.51,Homo sapiens,human
2MWG,A,H22W,H22W,O34627,H22W,-1.2,0.203373,0.17550059,-1.67,-0.33,-1.09,0.24,-0.07680331,0.31,-0.089058879,-0.2992,0.24,-0.11939194,0.1,0.0301988,-0.54,0.68,-0.01834,-0.06,0.7,1.1,-0.0055,-0.242738432,-0.1,0.160707,-0.861,-0.2,1.52,Surface,HELIX,Intermediate,0,1,YES,23861663.0,H,22,W,a,a,a,a,a,a,a,a,a,a,a,a,a,a,a,a,a,a,a,a,a,O34627,-1.2,Bacillus subtilis (strain 168),non-human
2L7B,A,R136S,R144S,P02649,R154S,-0.2,1.04574,1.0436966,1.65,1.72,1.28,2.16,1.4223826,0.32,2.16370148,0.165,1.19,0.91534823,0.66,-0.807737,1.52,1.14,1.779355,1.86,1.4,0.8,0.0241,1.869885836,1.3,-0.861821,-2.085,1.1,1.66,Core,HELIX,Conserved,1,2,NO,22069485.0,R,144,S,a,a,a,a,a,a,a,a,a,a,a,a,a,a,a,a,a,a,a,a,a,P02649,-0.2,Homo sapiens,human
2JIE,A,S403A,S409A,P22505,S403A,-0.919920897,0.808595,1.3536933,1.11,1.4,0.38,0.98,0.22430447,0.82,-0.003625157,-0.2881,1.46,-0.0,-0.49,-1.55617,0.42,1.15,0.8309325,1.63,0.3,-0.5,-0.1656,-1.031596209,-0.4,-0.32036,-5.655,-0.1,6.72,Core,LOOP,Conserved,0,0,YES,32258884.0,S,409,A,a,a,a,a,a,a,a,a,a,a,a,a,a,a,a,a,a,a,a,a,a,P22505,-0.919920897,Paenibacillus polymyxa,non-human
1BFM,A,M35Y,M35Y,P19267,M35Y,0.4,-1.0458,1.6848513,1.08,0.88,1.3,0.9,-0.43899167,0.79,0.249203456,-0.0516,-0.69,-0.7676294,0.08,0.727947,1.08,0.59,-0.818408,0.84,0.1,-0.2,-0.1165,0.166265475,-0.8,0.398635,-0.244,-1.3,0.16,Core,HELIX,Variable,0,0,NO,18096639.0,M,35,Y,a,a,a,a,a,a,a,a,a,a,a,a,a,a,a,a,a,a,a,a,a,P19267,0.4,Methanothermus fervidus,non-human
2RNM,A,V239A,V23A,Q03689,V239A,-1.0,1.91604,1.8312211,0.95,1.29,1.58,3.0,1.5325241,1.58,0.133925982,0.3225,0.52,1.7497492,0.94,0.585058,2.38,0.85,1.709005,1.16,0.6,0.4,0.8118,1.712464506,1.1,1.1917,4.239,2.6,1.72,Surface,SHEET,Conserved,0,1,YES,24945274.0,V,23,A,a,a,a,a,a,a,a,a,a,a,a,a,a,a,a,a,a,a,a,a,a,Q03689,-1.0,Podospora anserina,non-human
2EWN,A,K283A,K283A,P06709,K283A,0.3,0.240308,-0.039697727,-0.04,0.45,1.03,0.15,0.17460291,0.09,0.559591403,0.287,-0.01,0.23656881,-0.6,1.37473,0.59,0.24,0.1928755,-0.02,0.6,0.6,0.5178,0.402227274,0.0,-1.26519,2.105,-0.1,0.08,Surface,SHEET,Variable,1,2,YES,26678378.0,K,283,A,a,a,a,a,a,a,a,a,a,a,a,a,a,a,a,a,a,a,a,a,a,P06709,0.3,Escherichia coli (strain K12),non-human
2MWG,A,A81M,A81M,O34627,A81M,0.4,0.159608,0.84826303,0.32,0.88,0.21,0.78,-0.58616275,0.67,0.654399249,-1.4269,0.72,-0.62410235,0.93,-0.156466,0.36,0.74,0.701419,1.61,-1.1,-1.9,0.5376,0.092289937,-0.8,0.108151,-0.311,-0.7,-0.48,Core,HELIX,Intermediate,0,2,YES,23861663.0,A,81,M,a,a,a,a,a,a,a,a,a,a,a,a,a,a,a,a,a,a,a,a,a,O34627,0.4,Bacillus subtilis (strain 168),non-human
