,uniprot,AF_mut,ddg,temperature,ph,measure,method,effect,SS,DOI,gene,organism,pLDDT,human,mutatex,rosetta,rasp,ddgun_seq,ddgun_seq_cat,ddgun_3d,ddgun_3d_cat,thermompnn,mutatex_rosetta,mutatex_rasp,mutatex_ddgun_seq,mutatex_ddgun_3d,mutatex_thermompnn,rosetta_rasp,rosetta_ddgun_seq,rosetta_ddgun_3d,rosetta_thermompnn,rasp_ddgun_seq,rasp_ddgun_3d,rasp_thermompnn,ddgun_seq_ddgun_3d,ddgun_seq_thermompnn,ddgun_3d_thermompnn,mutatex_rosetta_rasp,mutatex_rosetta_ddgun_seq,mutatex_rosetta_ddgun_3d,mutatex_rosetta_thermompnn,mutatex_rasp_ddgun_seq,mutatex_rasp_ddgun_3d,mutatex_rasp_thermompnn,mutatex_ddgun_seq_ddgun_3d,mutatex_ddgun_seq_thermompnn,mutatex_ddgun_3d_thermompnn,rosetta_rasp_ddgun_seq,rosetta_rasp_ddgun_3d,rosetta_rasp_thermompnn,rosetta_ddgun_seq_ddgun_3d,rosetta_ddgun_seq_thermompnn,rosetta_ddgun_3d_thermompnn,rasp_ddgun_seq_ddgun_3d,rasp_ddgun_seq_thermompnn,rasp_ddgun_3d_thermompnn,ddgun_seq_ddgun_3d_thermompnn,mutatex_rosetta_rasp_ddgun_seq,mutatex_rosetta_rasp_ddgun_3d,mutatex_rosetta_rasp_thermompnn,mutatex_rosetta_ddgun_seq_ddgun_3d,mutatex_rosetta_ddgun_seq_thermompnn,mutatex_rosetta_ddgun_3d_thermompnn,mutatex_rasp_ddgun_seq_ddgun_3d,mutatex_rasp_ddgun_seq_thermompnn,mutatex_rasp_ddgun_3d_thermompnn,mutatex_ddgun_seq_ddgun_3d_thermompnn,rosetta_rasp_ddgun_seq_ddgun_3d,rosetta_rasp_ddgun_seq_thermompnn,rosetta_rasp_ddgun_3d_thermompnn,rosetta_ddgun_seq_ddgun_3d_thermompnn,rasp_ddgun_seq_ddgun_3d_thermompnn,average_all,average_nonthermo,AA,pos,MT,ThermoMPNN>=25%sim
0,A2IC68,Y146A,-0.89,298.15,7.4,Fluorescence,GdmCl,stabilizing,S,10.1107/S2052252516016675,FIMH,Escherichia coli,91.62,non-human,0.80566,1.22619,0.7598265160337381,2.6,Decrease,0.7,Decrease,0.1129,1.015925,0.7827432580168691,1.70283,0.75283,0.45928,0.993008258016869,1.913095,0.963095,0.669545,1.6799132580168692,0.729913258016869,0.436363258016869,1.65,1.3564500000000002,0.40645,0.9305588386779128,1.54395,0.9106166666666664,0.7149166666666668,1.388495505344579,0.755162172011246,0.559462172011246,1.3685533333333335,1.1728533333333333,0.53952,1.5286721720112462,0.8953388386779126,0.6996388386779127,1.50873,1.31303,0.6796966666666666,1.3532755053445795,1.157575505344579,0.524242172011246,1.1376333333333333,1.3479191290084347,0.8729191290084346,0.7261441290084345,1.3329625,1.1861875,0.7111874999999999,1.2163716290084343,1.0695966290084344,0.5945966290084346,1.05464,1.3215041290084346,1.1747291290084343,0.6997291290084344,1.1597725,1.0431816290084346,1.0340960860056232,1.218335303206748,Y,146,A,False
1,E0WVU4,R39K,-0.413,298.15,8.0,Fluorescence,Urea,stabilizing,H,10.1016/j.saa.2016.01.020,PP1,Mnemiopsis leidyi,95.62,non-human,0.56201,1.10306,1.462786312409803,1.1,Decrease,0.9,Decrease,0.2412,0.832535,1.0123981562049016,0.831005,0.731005,0.401605,1.2829231562049015,1.10153,1.00153,0.67213,1.2813931562049017,1.1813931562049016,0.8519931562049016,1.0,0.6706000000000001,0.5706,1.0426187708032677,0.92169,0.8550233333333334,0.6354233333333333,1.0415987708032677,0.974932104136601,0.7553321041366011,0.8540033333333333,0.6344033333333333,0.5677366666666667,1.2219487708032677,1.155282104136601,0.935682104136601,1.0343533333333332,0.8147533333333333,0.7480866666666667,1.154262104136601,0.934662104136601,0.8679954374699345,0.7470666666666667,1.056964078102451,1.006964078102451,0.8422640781024509,0.9162675,0.7515675,0.7015675,1.0061990781024508,0.8414990781024508,0.7914990781024508,0.7008025,1.1414615781024509,0.9767615781024508,0.9267615781024507,0.836065,0.9259965781024508,0.8948427187349673,1.0255712624819608,R,39,K,False
2,E0WVU4,S128G,0.378,298.15,8.0,Fluorescence,Urea,destabilizing,H,10.1016/j.saa.2016.01.020,PP1,Mnemiopsis leidyi,96.69,non-human,0.20457,0.44014,0.6994707604670921,0.8,Decrease,0.7,Decrease,0.7238,0.322355,0.452020380233546,0.502285,0.452285,0.464185,0.5698053802335461,0.62007,0.57007,0.58197,0.749735380233546,0.699735380233546,0.711635380233546,0.75,0.7619,0.7119,0.4480602534890307,0.48157,0.4482366666666666,0.45617,0.568013586822364,0.5346802534890307,0.542613586822364,0.56819,0.5761233333333333,0.54279,0.6465369201556974,0.6132035868223641,0.6211369201556974,0.6467133333333334,0.6546466666666667,0.6213133333333333,0.7331569201556972,0.7410902534890308,0.7077569201556972,0.7412666666666666,0.5360451901167731,0.511045190116773,0.5169951901167731,0.5361775,0.5421275000000001,0.5171275,0.601010190116773,0.606960190116773,0.581960190116773,0.6070925,0.659902690116773,0.6658526901167731,0.640852690116773,0.665985,0.7308176901167729,0.5946634600778488,0.5688361520934185,S,128,G,False
3,E0WVU4,V183T,-0.354,298.15,8.0,Fluorescence,Urea,stabilizing,H,10.1016/j.saa.2016.01.020,PP1,Mnemiopsis leidyi,91.94,non-human,1.43872,1.34864,1.2825885889919015,1.0,Decrease,1.0,Decrease,0.6511,1.39368,1.3606542944959508,1.21936,1.21936,1.04491,1.3156142944959508,1.17432,1.17432,0.99987,1.1412942944959508,1.1412942944959508,0.9668442944959508,1.0,0.82555,0.82555,1.3566495296639671,1.2624533333333334,1.2624533333333334,1.1461533333333334,1.2404361963306338,1.2404361963306338,1.1241361963306338,1.14624,1.02994,1.02994,1.2104095296639672,1.2104095296639672,1.0941095296639671,1.1162133333333333,0.9999133333333332,0.9999133333333332,1.094196196330634,0.9778961963306338,0.9778961963306338,0.8837,1.2674871472479754,1.2674871472479754,1.1802621472479755,1.19684,1.109615,1.109615,1.1803271472479753,1.0931021472479754,1.0931021472479754,1.022455,1.1578071472479754,1.0705821472479755,1.0705821472479755,0.999935,0.9834221472479754,1.1201747648319835,1.2139897177983805,V,183,T,False
4,O15553,A89T,0.24,298.15,7.5,CD,Urea,destabilizing,H,10.1074/jbc.M114.553305,MEFV,Homo sapiens,80.88,human,0.55227,0.92653,0.897571184101035,-0.0,Neutral,0.0,Neutral,0.7563,0.7394000000000001,0.7249205920505175,0.276135,0.276135,0.654285,0.9120505920505176,0.463265,0.463265,0.841415,0.4487855920505175,0.4487855920505175,0.8269355920505175,0.0,0.37815,0.37815,0.7921237280336784,0.4929333333333334,0.4929333333333334,0.7450333333333333,0.483280394700345,0.483280394700345,0.735380394700345,0.18409,0.43619,0.43619,0.6080337280336784,0.6080337280336784,0.8601337280336784,0.3088433333333333,0.5609433333333333,0.5609433333333333,0.299190394700345,0.551290394700345,0.551290394700345,0.2521,0.5940927960252588,0.5940927960252588,0.7831677960252588,0.3697,0.558775,0.558775,0.3624602960252587,0.5515352960252587,0.5515352960252587,0.3271425,0.4560252960252587,0.6451002960252588,0.6451002960252588,0.4207075,0.4134677960252587,0.5221118640168392,0.475274236820207,A,89,T,False
5,O15553,R42W,-2.08,298.15,7.5,CD,Urea,stabilizing,H,10.1074/jbc.M114.553305,MEFV,Homo sapiens,86.19,human,1.43374,0.21837,-0.3251034629284299,-0.0,Neutral,-0.0,Neutral,0.013,0.826055,0.554318268535785,0.71687,0.71687,0.72337,-0.0533667314642149,0.109185,0.109185,0.115685,-0.1625517314642149,-0.1625517314642149,-0.1560517314642149,0.0,0.0065,0.0065,0.44233551235719,0.5507033333333333,0.5507033333333333,0.5550366666666666,0.36954551235719,0.36954551235719,0.3738788456905233,0.4779133333333333,0.4822466666666666,0.4822466666666666,-0.0355778209761432,-0.0355778209761432,-0.0312444876428099,0.07279,0.0771233333333333,0.0771233333333333,-0.1083678209761433,-0.1040344876428099,-0.1040344876428099,0.0043333333333333,0.3317516342678925,0.3317516342678925,0.3350016342678925,0.4130275,0.4162774999999999,0.4162774999999999,0.2771591342678925,0.2804091342678925,0.2804091342678925,0.361685,-0.0266833657321074,-0.0234333657321074,-0.0234333657321074,0.0578425,-0.0780258657321074,0.2233344228452616,0.265401307414314,R,42,W,False
6,O34627,N107F,-0.9,298.15,7.9,Fluorescence,Thermal,stabilizing,E,10.1371/journal.pcbi.1003129,PFYP,Bacillus subtilis (strain 168),98.42,non-human,-0.54141,-1.00306,-0.6463002450103278,-0.9,Increase,-1.3,Increase,0.0768,-0.772235,-0.5938551225051638,-0.7207049999999999,-0.920705,-0.2323049999999999,-0.8246801225051639,-0.95153,-1.1515300000000002,-0.46313,-0.7731501225051639,-0.973150122505164,-0.2847501225051639,-1.1,-0.4116,-0.6116,-0.7302567483367759,-0.8148233333333333,-0.9481566666666668,-0.4892233333333333,-0.6959034150034425,-0.8292367483367759,-0.3703034150034425,-0.9138033333333334,-0.4548699999999999,-0.5882033333333333,-0.8497867483367759,-0.9831200816701092,-0.5241867483367759,-1.067686666666667,-0.6087533333333334,-0.7420866666666668,-0.948766748336776,-0.4898334150034426,-0.623166748336776,-0.7077333333333334,-0.7726925612525819,-0.872692561252582,-0.5284925612525819,-0.9361175,-0.5919175,-0.6919175000000001,-0.846927561252582,-0.5027275612525819,-0.6027275612525819,-0.6661525,-0.962340061252582,-0.6181400612525819,-0.718140061252582,-0.781565,-0.692375061252582,-0.7189950408350545,-0.8781540490020655,N,107,F,False
7,O34627,N124Y,-2.6,298.15,7.9,Fluorescence,Thermal,stabilizing,E,10.1371/journal.pcbi.1003129,PFYP,Bacillus subtilis (strain 168),97.56,non-human,-0.12356,-0.88537,-0.4367919526895292,-1.4,Increase,-1.1,Increase,-0.3781,-0.5044649999999999,-0.2801759763447646,-0.7617799999999999,-0.61178,-0.25083,-0.6610809763447646,-1.142685,-0.992685,-0.6317349999999999,-0.9183959763447646,-0.7683959763447646,-0.4074459763447646,-1.25,-0.8890499999999999,-0.73905,-0.4819073175631763,-0.8029766666666666,-0.7029766666666667,-0.4623433333333333,-0.6534506508965098,-0.5534506508965098,-0.3128173175631764,-0.87452,-0.6338866666666666,-0.5338866666666666,-0.9073873175631764,-0.8073873175631764,-0.5667539842298431,-1.1284566666666669,-0.8878233333333333,-0.7878233333333333,-0.9789306508965098,-0.7382973175631764,-0.6382973175631764,-0.9593666666666666,-0.7114304881723823,-0.6364304881723823,-0.4559554881723823,-0.8772325,-0.6967574999999999,-0.6217575,-0.7650879881723823,-0.5846129881723823,-0.5096129881723823,-0.7504149999999999,-0.9555404881723822,-0.7750654881723822,-0.7000654881723822,-0.9408675,-0.8287229881723823,-0.7206369921149216,-0.7891443905379059,N,124,Y,False
8,O34627,T54Y,-0.2,298.15,7.9,Fluorescence,Thermal,stabilizing,H,10.1371/journal.pcbi.1003129,PFYP,Bacillus subtilis (strain 168),97.09,non-human,0.1434,1.63061,-0.6862011212968921,-0.5,Increase,-0.8,Increase,-0.1286,0.8870049999999999,-0.2714005606484461,-0.1783,-0.3283,0.0074,0.4722044393515539,0.565305,0.4153049999999999,0.7510049999999999,-0.5931005606484461,-0.7431005606484461,-0.4074005606484461,-0.65,-0.3143,-0.4643,0.3626029595677025,0.4246699999999999,0.3246699999999999,0.5484699999999999,-0.3476003737656307,-0.4476003737656307,-0.2238003737656307,-0.3855333333333333,-0.1617333333333333,-0.2617333333333334,0.1481362929010359,0.0481362929010359,0.2719362929010359,0.1102033333333332,0.3340033333333332,0.2340033333333332,-0.6620670404322974,-0.4382670404322974,-0.5382670404322975,-0.4762,0.1469522196757769,0.0719522196757769,0.2398022196757769,0.1185024999999999,0.2863524999999999,0.2113524999999999,-0.460700280324223,-0.292850280324223,-0.367850280324223,-0.3213,-0.088897780324223,0.0789522196757769,0.0039522196757769,0.0505024999999999,-0.528700280324223,-0.0567985202161487,-0.0424382242593784,T,54,Y,False
9,O34627,V120I,-1.4,298.15,7.9,Fluorescence,Thermal,stabilizing,E,10.1371/journal.pcbi.1003129,PFYP,Bacillus subtilis (strain 168),98.15,non-human,-0.44848,-0.5881,0.1691735932332128,-0.1,Increase,-0.2,Increase,-0.1422,-0.5182899999999999,-0.1396532033833936,-0.27424,-0.32424,-0.29534,-0.2094632033833935,-0.3440499999999999,-0.39405,-0.36515,0.0345867966166063,-0.0154132033833936,0.0134867966166064,-0.15,-0.1211,-0.1711,-0.2891354689222623,-0.37886,-0.4121933333333332,-0.3929266666666666,-0.1264354689222624,-0.1597688022555957,-0.140502135588929,-0.2494933333333333,-0.2302266666666666,-0.2635599999999999,-0.1729754689222623,-0.2063088022555957,-0.187042135588929,-0.2960333333333333,-0.2767666666666666,-0.3101,-0.0436088022555957,-0.024342135588929,-0.0576754689222624,-0.1474,-0.2418516016916967,-0.2668516016916967,-0.2524016016916968,-0.3341449999999999,-0.3196949999999999,-0.344695,-0.1448266016916968,-0.1303766016916968,-0.1553766016916968,-0.22267,-0.1797316016916967,-0.1652816016916967,-0.1902816016916968,-0.257575,-0.0682566016916968,-0.2182677344611311,-0.2334812813533574,V,120,I,False
10,O34627,V90I,0.7,298.15,7.9,Fluorescence,Thermal,destabilizing,E,10.1371/journal.pcbi.1003129,PFYP,Bacillus subtilis (strain 168),97.61,non-human,-0.11913,2.59422,0.3285348231730534,-0.1,Increase,-0.2,Increase,-0.0602,1.237545,0.1047024115865266,-0.109565,-0.159565,-0.089665,1.4613774115865268,1.24711,1.19711,1.26701,0.1142674115865266,0.0642674115865266,0.1341674115865267,-0.15,-0.0801,-0.1301,0.9345416077243512,0.7916966666666666,0.7583633333333332,0.8049633333333333,0.0364682743910177,0.0031349410576844,0.0497349410576844,-0.13971,-0.0931099999999999,-0.1264433333333333,0.9409182743910178,0.9075849410576844,0.9541849410576844,0.7647399999999999,0.81134,0.7780066666666666,0.0095116077243511,0.0561116077243511,0.0227782743910177,-0.1200666666666666,0.6759062057932633,0.6509062057932633,0.6858562057932633,0.5437724999999999,0.5787224999999999,0.5537224999999999,-0.0226487942067366,0.0123012057932633,-0.0126987942067366,-0.1198325,0.6556887057932633,0.6906387057932634,0.6656387057932633,0.5585049999999999,-0.0079162942067366,0.4072374705288422,0.5007249646346106,V,90,I,False
11,O60885,A420D,-0.44,283.15,7.5,"CD, Fluorescence",Urea,destabilizing,H,10.1371/journal.pone.0159180,BRD4,Homo sapiens,98.4,human,0.50222,0.79218,0.3876839907809393,0.9,Decrease,0.5,Decrease,0.173,0.6472,0.4449519953904696,0.70111,0.5011099999999999,0.3376099999999999,0.5899319953904696,0.84609,0.64609,0.4825899999999999,0.6438419953904697,0.4438419953904696,0.2803419953904696,0.7,0.5365,0.3365,0.5606946635936464,0.7314666666666666,0.5981333333333333,0.4891333333333333,0.5966346635936465,0.4633013302603131,0.3543013302603131,0.6340733333333334,0.5250733333333334,0.39174,0.6932879969269797,0.5599546635936464,0.4509546635936464,0.7307266666666666,0.6217266666666666,0.4883933333333334,0.5958946635936465,0.4868946635936464,0.3535613302603131,0.5243333333333333,0.6455209976952349,0.5455209976952349,0.4637709976952348,0.6736,0.59185,0.49185,0.5724759976952348,0.4907259976952348,0.3907259976952348,0.518805,0.6449659976952348,0.5632159976952348,0.4632159976952348,0.591295,0.4901709976952348,0.5425139984634899,0.6164167981561879,A,420,D,False
12,O60885,A89V,-0.99,283.15,7.5,"CD, Fluorescence",Urea,stabilizing,T,10.1371/journal.pone.0159180,BRD4,Homo sapiens,91.37,human,1.84246,0.88061,-0.1995584655611137,-0.2,Increase,-0.4,Increase,0.6832,1.361535,0.8214507672194431,0.82123,0.72123,1.26283,0.3405257672194431,0.3403049999999999,0.240305,0.7819050000000001,-0.1997792327805568,-0.2997792327805568,0.2418207672194431,-0.3,0.2416,0.1416,0.8411705114796287,0.8410233333333332,0.7743566666666667,1.1354233333333337,0.4809671781462954,0.4143005114796287,0.7753671781462955,0.4141533333333333,0.77522,0.7085533333333333,0.1603505114796287,0.0936838448129621,0.4547505114796288,0.0935366666666666,0.4546033333333333,0.3879366666666666,-0.2665194885203713,0.0945471781462954,0.0278805114796287,0.0277333333333333,0.5808778836097215,0.5308778836097215,0.8016778836097216,0.5307675,0.8015675,0.7515674999999999,0.2607253836097215,0.5315253836097216,0.4815253836097216,0.481415,0.0202628836097215,0.2910628836097216,0.2410628836097215,0.2409525,-0.0290896163902784,0.4344519224064809,0.3847023068877772,A,89,V,False
13,P02881,A22C,-0.5,298.15,8.0,Fluorescence,GdnHCl,stabilizing,E,10.1021/acs.biochem.7b00367,MONA,Dioscoreophyllum cumminsii,97.61,non-human,-0.23219,1.13129,0.8124973890707856,2.3,Decrease,1.4,Decrease,-0.2552,0.4495499999999999,0.2901536945353928,1.033905,0.5839049999999999,-0.243695,0.9718936945353928,1.715645,1.265645,0.4380449999999999,1.5562486945353928,1.1062486945353929,0.2786486945353928,1.85,1.0224,0.5724,0.5705324630235952,1.0663666666666665,0.7663666666666665,0.2146333333333333,0.9601024630235953,0.6601024630235952,0.1083691296902618,1.1559366666666666,0.6042033333333333,0.3042033333333332,1.4145957963569284,1.1145957963569284,0.5628624630235951,1.6104299999999998,1.0586966666666666,0.7586966666666667,1.5041657963569286,0.9524324630235952,0.6524324630235951,1.1482666666666663,1.0028993472676964,0.7778993472676964,0.3640993472676964,1.149775,0.7359749999999999,0.510975,1.0700768472676965,0.6562768472676964,0.4312768472676964,0.8031524999999999,1.4109468472676965,0.9971468472676964,0.7721468472676963,1.1440224999999995,1.0643243472676964,0.8593995648451308,1.082319477814157,A,22,C,False
15,P02881,L11C,1.9,298.15,8.0,Fluorescence,GdnHCl,destabilizing,E,10.1021/acs.biochem.7b00367,MONA,Dioscoreophyllum cumminsii,96.55,non-human,2.05099,1.46803,1.7262455968374315,4.4,Decrease,2.1,Decrease,0.2559,1.75951,1.888617798418716,3.2254950000000004,2.075495,1.153445,1.5971377984187156,2.934015,1.784015,0.861965,3.063122798418716,1.913122798418716,0.9910727984187158,3.25,2.3279500000000004,1.17795,1.7484218656124773,2.639673333333333,1.873006666666667,1.258306666666667,2.725745198945811,1.959078532279144,1.344378532279144,2.85033,2.2356300000000005,1.4689633333333336,2.5314251989458105,1.764758532279144,1.1500585322791437,2.65601,2.04131,1.2746433333333334,2.742081865612477,2.127381865612477,1.3607151989458106,2.2519666666666667,2.4113163992093583,1.836316399209358,1.3752913992093578,2.5047550000000003,2.04373,1.4687300000000003,2.569308899209358,2.108283899209358,1.533283899209358,2.2017225,2.423568899209358,1.9625438992093576,1.387543899209358,2.0559825000000003,2.120536399209358,2.000194266139572,2.3490531193674866,L,11,C,False
16,P02881,S25Y,-4.299,298.15,5.5,CD,Thermal,stabilizing,E,10.1038/s41598-018-31177-z,MONA,Dioscoreophyllum cumminsii,96.42,non-human,-1.52936,-1.62483,-0.500714324307881,0.8,Decrease,-0.3,Increase,-0.6484,-1.577095,-1.0150371621539405,-0.36468,-0.91468,-1.08888,-1.0627721621539403,-0.412415,-0.962415,-1.136615,0.1496428378460595,-0.4003571621539404,-0.5745571621539405,0.25,0.0758,-0.4741999999999999,-1.2183014414359603,-0.78473,-1.1513966666666666,-1.26753,-0.4100247747692936,-0.7766914414359603,-0.8928247747692937,-0.34312,-0.4592533333333333,-0.82592,-0.441848108102627,-0.8085147747692937,-0.9246481081026272,-0.3749433333333333,-0.4910766666666666,-0.8577433333333334,-0.0002381081026269,-0.1163714414359603,-0.4830381081026269,-0.0494666666666666,-0.7137260810769701,-0.98872608107697,-1.0758260810769702,-0.6635475,-0.7506475,-1.0256474999999998,-0.3825185810769702,-0.4696185810769702,-0.7446185810769702,-0.41944,-0.4063860810769703,-0.4934860810769702,-0.7684860810769703,-0.4433074999999999,-0.1622785810769702,-0.6338840540513134,-0.630980864861576,S,25,Y,False
17,P02882,R39G,-1.194,298.15,5.5,CD,Thermal,stabilizing,-,10.1038/s41598-018-31177-z,MONB,Dioscoreophyllum cumminsii,97.45,non-human,1.05308,1.63844,1.5494342083434889,3.1,Decrease,1.0,Decrease,0.2971,1.3457599999999998,1.3012571041717444,2.07654,1.02654,0.67509,1.5939371041717445,2.36922,1.31922,0.96777,2.3247171041717447,1.2747171041717444,0.9232671041717444,2.05,1.69855,0.64855,1.4136514027811629,1.9305066666666668,1.2305066666666666,0.9962066666666666,1.9008380694478293,1.2008380694478296,0.9665380694478296,1.7176933333333333,1.4833933333333336,0.7833933333333333,2.0959580694478297,1.3959580694478295,1.1616580694478296,1.9128133333333333,1.6785133333333333,0.9785133333333332,1.8831447361144964,1.648844736114497,0.9488447361144964,1.4657,1.835238552085872,1.310238552085872,1.1345135520858722,1.69788,1.522155,0.997155,1.6756285520858722,1.4999035520858723,0.9749035520858722,1.362545,1.821968552085872,1.6462435520858725,1.1212435520858723,1.508885,1.4866335520858724,1.4396757013905814,1.6681908416686977,R,39,G,False
18,P02882,W3C,2.866,298.15,5.5,CD,Thermal,destabilizing,E,10.1038/s41598-018-31177-z,MONB,Dioscoreophyllum cumminsii,97.82,non-human,1.3489,1.73367,3.053658161029138,7.2,Decrease,2.2,Decrease,1.0366,1.541285,2.2012790805145688,4.27445,1.77445,1.19275,2.393664080514569,4.466835,1.966835,1.385135,5.126829080514569,2.626829080514569,2.045129080514569,4.7,4.1183,1.6183,2.0454093870097125,3.4275233333333333,1.7608566666666663,1.3730566666666668,3.867519387009712,2.200852720343046,1.813052720343045,3.582966666666666,3.1951666666666667,1.5285,3.99577605367638,2.3291093870097126,1.941309387009713,3.711223333333333,3.323423333333333,1.6567566666666669,4.151219387009713,3.763419387009713,2.096752720343046,3.4788666666666668,3.334057040257284,2.084057040257284,1.7932070402572844,3.1206425,2.8297925,1.5797925,3.450639540257284,3.159789540257284,1.9097895402572844,2.946375,3.546832040257285,3.2559820402572845,2.0059820402572845,3.0425675,3.372564540257285,2.762138026838189,3.107245632205827,W,3,C,False
19,P03069,E259Q,0.74,288.15,7.0,CD,Urea,destabilizing,H,10.1016/j.jmb.2003.12.069,GCN4,Saccharomyces cerevisiae (strain ATCC 204508 / S288c),97.64,non-human,0.07946,0.29184,0.3881859714090452,-0.3,Increase,-0.2,Increase,0.2546,0.1856499999999999,0.2338229857045226,-0.1102699999999999,-0.06027,0.16703,0.3400129857045226,-0.00408,0.0459199999999999,0.27322,0.0440929857045226,0.0940929857045226,0.3213929857045225,-0.25,-0.0226999999999999,0.0272999999999999,0.2531619904696817,0.0237666666666666,0.0570999999999999,0.2086333333333333,0.0558819904696817,0.089215323803015,0.2407486571363484,-0.14018,0.0113533333333333,0.0446866666666666,0.126675323803015,0.1600086571363484,0.3115419904696817,-0.0693866666666666,0.0821466666666666,0.1154799999999999,-0.0372713428636516,0.1142619904696817,0.147595323803015,-0.0818,0.1148714928522613,0.1398714928522613,0.2535214928522613,-0.032175,0.0814749999999999,0.1064749999999999,-0.0080885071477387,0.1055614928522613,0.1305614928522613,-0.041485,0.0450064928522613,0.1586564928522613,0.1836564928522613,0.0116099999999999,0.0356964928522613,0.0856809952348408,0.051897194281809,E,259,Q,False
20,P03069,E268Q,-0.2,288.15,7.0,CD,Urea,stabilizing,H,10.1016/j.jmb.2003.12.069,GCN4,Saccharomyces cerevisiae (strain ATCC 204508 / S288c),97.15,non-human,-0.22847,-0.24116,0.159522112592354,-0.3,Increase,-0.2,Increase,0.1849,-0.234815,-0.034473943703823,-0.264235,-0.214235,-0.021785,-0.040818943703823,-0.27058,-0.22058,-0.02813,-0.070238943703823,-0.020238943703823,0.172211056296177,-0.25,-0.0575499999999999,-0.00755,-0.1033692958025486,-0.2565433333333333,-0.22321,-0.09491,-0.122982629135882,-0.0896492958025486,0.0386507041974513,-0.2428233333333333,-0.1145233333333333,-0.08119,-0.127212629135882,-0.0938792958025486,0.0344207041974513,-0.2470533333333333,-0.1187533333333333,-0.08542,-0.113492629135882,0.014807370864118,0.0481407041974513,-0.1050333333333333,-0.1525269718519115,-0.1275269718519115,-0.0313019718519115,-0.2424075,-0.1461825,-0.1211824999999999,-0.1422369718519115,-0.0460119718519115,-0.0210119718519115,-0.1358924999999999,-0.1454094718519115,-0.0491844718519115,-0.0241844718519115,-0.139065,-0.0388944718519115,-0.1042013145679409,-0.1620215774815291,E,268,Q,False
21,P03069,E270Q,1.83,288.15,7.0,CD,Urea,destabilizing,H,10.1016/j.jmb.2003.12.069,GCN4,Saccharomyces cerevisiae (strain ATCC 204508 / S288c),96.7,non-human,0.19825,-0.21122,0.5355577165875242,-0.4,Increase,-0.3,Increase,0.3521,-0.0064849999999999,0.3669038582937621,-0.100875,-0.0508749999999999,0.275175,0.1621688582937621,-0.30561,-0.25561,0.07044,0.067778858293762,0.117778858293762,0.443828858293762,-0.35,-0.02395,0.02605,0.1741959055291747,-0.1376566666666666,-0.1043233333333333,0.1130433333333333,0.111269238862508,0.1446025721958414,0.361969238862508,-0.16725,0.0501166666666666,0.08345,-0.0252207611374919,0.0081125721958414,0.225479238862508,-0.3037399999999999,-0.0863733333333333,-0.05304,-0.0548140944708252,0.1625525721958413,0.1958859055291747,-0.1159666666666666,0.030646929146881,0.055646929146881,0.218671929146881,-0.1782425,-0.0152174999999999,0.0097825,0.008451929146881,0.171476929146881,0.196476929146881,-0.0374125,-0.0939155708531189,0.069109429146881,0.094109429146881,-0.1397799999999999,0.046914429146881,0.029114619431254,-0.0354824566824951,E,270,Q,False
23,P04049,A97G,0.863,298.15,7.0,Fluorescence,Urea,destabilizing,E,10.1016/j.jmb.2006.10.079,RAF1,Homo sapiens,88.92,human,1.29932,1.95374,1.436975869289483,0.0,Neutral,0.0,Neutral,0.9789,1.62653,1.3681479346447416,0.64966,0.64966,1.13911,1.6953579346447416,0.97687,0.97687,1.46632,0.7184879346447415,0.7184879346447415,1.2079379346447414,0.0,0.48945,0.48945,1.563345289763161,1.0843533333333333,1.0843533333333333,1.410653333333333,0.9120986230964944,0.9120986230964944,1.2383986230964945,0.4331066666666667,0.7594066666666667,0.7594066666666667,1.1302386230964945,1.1302386230964945,1.4565386230964943,0.6512466666666666,0.9775466666666668,0.9775466666666668,0.4789919564298276,0.8052919564298276,0.8052919564298276,0.3263,1.1725089673223708,1.1725089673223708,1.4172339673223708,0.813265,1.05799,1.05799,0.6840739673223708,0.9287989673223708,0.9287989673223708,0.569555,0.8476789673223708,1.0924039673223709,1.0924039673223709,0.73316,0.6039689673223707,0.9448226448815804,0.9380071738578966,A,97,G,False
28,P04080,H75W,-0.574,298.15,6.0,CD,thermal,stabilizing,G,10.1110/ps.03270904,CSTB,Homo sapiens,95.5,human,-1.26921,-0.33061,-0.5998875966028605,-0.1,Increase,-0.1,Increase,0.3383,-0.79991,-0.9345487983014302,-0.684605,-0.684605,-0.4654549999999999,-0.4652487983014303,-0.215305,-0.215305,0.0038449999999999,-0.3499437983014302,-0.3499437983014302,-0.1307937983014302,-0.1,0.1191499999999999,0.1191499999999999,-0.7332358655342869,-0.5666066666666667,-0.5666066666666667,-0.4205066666666666,-0.6563658655342869,-0.6563658655342869,-0.5102658655342868,-0.4897366666666667,-0.3436366666666666,-0.3436366666666666,-0.3434991988676202,-0.3434991988676202,-0.1973991988676201,-0.17687,-0.03077,-0.03077,-0.2666291988676201,-0.1205291988676201,-0.1205291988676201,0.0460999999999999,-0.5749268991507152,-0.5749268991507152,-0.4653518991507151,-0.449955,-0.34038,-0.34038,-0.5172743991507152,-0.4076993991507151,-0.4076993991507151,-0.2827275,-0.2826243991507152,-0.1730493991507151,-0.1730493991507151,-0.0480775,-0.1153968991507151,-0.3435679327671435,-0.4799415193205721,H,75,W,False
29,P04080,P79S,-1.745,298.15,6.0,CD,thermal,stabilizing,-,10.1110/ps.03270904,CSTB,Homo sapiens,97.98,human,0.33407,0.45544,0.3410208900492217,0.1,Decrease,0.0,Neutral,0.2557,0.3947549999999999,0.3375454450246108,0.2170349999999999,0.167035,0.2948849999999999,0.3982304450246108,0.27772,0.22772,0.35557,0.2205104450246108,0.1705104450246108,0.2983604450246108,0.05,0.17785,0.12785,0.3768436300164072,0.2965033333333333,0.2631699999999999,0.3484033333333333,0.2583636300164072,0.2250302966830738,0.3102636300164072,0.1446899999999999,0.2299233333333333,0.1965899999999999,0.2988202966830739,0.2654869633497406,0.3507202966830738,0.1851466666666666,0.27038,0.2370466666666666,0.1470069633497406,0.2322402966830739,0.1989069633497405,0.1185666666666666,0.3076327225123054,0.2826327225123054,0.3465577225123054,0.2223774999999999,0.2863024999999999,0.2613025,0.1937727225123054,0.2576977225123054,0.2326977225123054,0.1724425,0.2241152225123054,0.2880402225123054,0.2630402225123054,0.202785,0.1741802225123054,0.2477051483415369,0.2461061780098443,P,79,S,False
30,P06213,W1202F,-0.6,297.15,7.0,Fluorescence,GdnHCl,stabilizing,T,10.1021/bi982546s,INSR,Homo sapiens,93.78,human,2.03045,0.36973,0.9116680707803576,0.6,Decrease,0.4,Decrease,1.0476,1.20009,1.471059035390179,1.315225,1.215225,1.539025,0.6406990353901788,0.484865,0.384865,0.7086650000000001,0.7558340353901788,0.6558340353901788,0.9796340353901788,0.5,0.8238000000000001,0.7238,1.103949356926786,1.0000600000000002,0.9333933333333334,1.1492600000000002,1.1807060235934526,1.114039356926786,1.3299060235934526,1.01015,1.2260166666666668,1.15935,0.6271326902601192,0.5604660235934525,0.7763326902601193,0.4565766666666667,0.6724433333333334,0.6057766666666667,0.6372226902601192,0.853089356926786,0.7864226902601192,0.6825333333333333,0.9779620176950896,0.9279620176950896,1.0898620176950895,0.850045,1.011945,0.961945,0.9855295176950896,1.1474295176950895,1.0974295176950897,1.0195125,0.5703495176950893,0.7322495176950894,0.6822495176950895,0.6043325,0.7398170176950895,0.8932413451300597,0.8623696141560716,W,1202,F,False
31,P07737,A21T,1.53,298.15,7.4,CD,Urea,destabilizing,E,10.1515/hsz-2016-0154,PFN1,Homo sapiens,98.83,human,0.11384,1.95578,0.8230588379862621,1.6,Decrease,1.4,Decrease,2.34,1.03481,0.4684494189931311,0.85692,0.7569199999999999,1.22692,1.389419418993131,1.7778900000000002,1.67789,2.14789,1.2115294189931312,1.111529418993131,1.581529418993131,1.5,1.97,1.87,0.964226279328754,1.2232066666666668,1.15654,1.4698733333333334,0.8456329459954208,0.7789662793287541,1.0922996126620872,1.0379466666666666,1.35128,1.2846133333333334,1.4596129459954206,1.392946279328754,1.7062796126620874,1.651926666666667,1.96526,1.898593333333333,1.2743529459954208,1.5876862793287545,1.5210196126620872,1.78,1.1231697094965656,1.0731697094965655,1.3081697094965654,1.267405,1.502405,1.452405,0.9842247094965656,1.2192247094965656,1.1692247094965655,1.36346,1.4447097094965655,1.6797097094965654,1.6297097094965656,1.823945,1.5407647094965655,1.3721131396643769,1.1785357675972523,A,21,T,False
34,P07737,Q139L,-1.82,298.15,7.4,CD,Urea,stabilizing,T,10.1515/hsz-2016-0154,PFN1,Homo sapiens,86.43,human,0.81865,0.53946,-0.2957489484992626,0.1,Decrease,-0.0,Neutral,0.4782,0.679055,0.2614505257503687,0.459325,0.409325,0.648425,0.1218555257503687,0.31973,0.26973,0.50883,-0.0978744742496312,-0.1478744742496313,0.0912255257503687,0.05,0.2891,0.2391,0.3541203505002457,0.4860366666666667,0.4527033333333333,0.6121033333333333,0.2076336838335791,0.1743003505002458,0.3337003505002458,0.3062166666666666,0.4656166666666666,0.4322833333333333,0.1145703505002458,0.0812370171669124,0.2406370171669124,0.2131533333333333,0.3725533333333333,0.33922,-0.0652496494997541,0.0941503505002458,0.0608170171669124,0.1927333333333333,0.2905902628751843,0.2655902628751843,0.3851402628751843,0.3645275,0.4840775,0.4590774999999999,0.1557252628751843,0.2752752628751843,0.2502752628751843,0.3492125,0.0859277628751843,0.2054777628751843,0.1804777628751843,0.279415,0.0706127628751843,0.2734268419167895,0.2324722103001474,Q,139,L,False
35,P07737,T109M,-0.07,298.15,7.4,CD,Urea,stabilizing,E,10.1515/hsz-2016-0154,PFN1,Homo sapiens,97.04,human,1.50194,0.71497,0.8150152883383688,-0.6,Increase,-0.9,Increase,-0.2029,1.108455,1.1584776441691844,0.45097,0.30097,0.64952,0.7649926441691843,0.057485,-0.092515,0.256035,0.1075076441691844,-0.0424923558308156,0.3060576441691844,-0.75,-0.40145,-0.55145,1.0106417627794562,0.53897,0.43897,0.6713366666666666,0.5723184294461229,0.4723184294461229,0.7046850961127896,0.0006466666666666,0.2330133333333333,0.1330133333333333,0.3099950961127896,0.2099950961127895,0.4423617627794562,-0.2616766666666666,-0.0293099999999999,-0.12931,-0.2283282372205437,0.0040384294461229,-0.095961570553877,-0.5676333333333333,0.6079813220845921,0.5329813220845921,0.7072563220845921,0.1792274999999999,0.3535024999999999,0.2785025,0.2042388220845921,0.3785138220845921,0.3035138220845922,-0.0502399999999999,0.0074963220845921,0.1817713220845921,0.1067713220845921,-0.2469825,-0.2219711779154078,0.2215042147230614,0.3063850576676737,T,109,M,False
36,P07830,D188N,0.88,298.15,7.2,Fluorescence,Urea,destabilizing,H,10.1073/pnas.96.20.11247,ACT1,Dictyostelium discoideum,97.41,non-human,-0.46757,-0.0568,0.0728439628469385,-0.4,Increase,-0.2,Increase,0.5573,-0.262185,-0.1973630185765307,-0.433785,-0.333785,0.044865,0.0080219814234692,-0.2284,-0.1284,0.25025,-0.1635780185765307,-0.0635780185765307,0.3150719814234692,-0.3,0.07865,0.17865,-0.1505086790510205,-0.3081233333333333,-0.2414566666666666,0.0109766666666666,-0.2649086790510205,-0.1982420123843538,0.0541913209489795,-0.3558566666666666,-0.1034233333333333,-0.0367566666666666,-0.1279853457176872,-0.0613186790510205,0.1911146542823128,-0.2189333333333333,0.0334999999999999,0.1001666666666666,-0.1757186790510204,0.0767146542823128,0.1433813209489795,-0.0142333333333333,-0.2128815092882653,-0.1628815092882654,0.0264434907117346,-0.2810925,-0.0917675,-0.0417674999999999,-0.2486815092882653,-0.0593565092882653,-0.0093565092882653,-0.1275674999999999,-0.1459890092882654,0.0433359907117346,0.0933359907117346,-0.024875,0.0075359907117346,-0.0823710061921769,-0.2103052074306123,D,188,N,False
38,P07845,A8D,1.6,,7.4,Isothermal titration calorimetry,Thermal,stabilizing,G,10.1016/j.abb.2017.11.005,ACTP2,Stichodactyla helianthus,95.94,non-human,0.33786,-0.9466,-0.1012309928670346,0.4,Decrease,0.2,Decrease,-0.0314,-0.30437,0.1183145035664827,0.36893,0.26893,0.15323,-0.5239154964335173,-0.2733,-0.3732999999999999,-0.489,0.1493845035664827,0.0493845035664827,-0.0663154964335173,0.3,0.1843,0.0843,-0.2366569976223449,-0.06958,-0.1362466666666666,-0.21338,0.2122096690443218,0.1455430023776551,0.0684096690443217,0.3126199999999999,0.2354866666666666,0.16882,-0.2159436642890115,-0.2826103309556782,-0.3597436642890115,-0.1155333333333333,-0.1926666666666666,-0.2593333333333333,0.1662563357109884,0.0891230023776551,0.0224563357109884,0.1895333333333333,-0.0774927482167586,-0.1274927482167586,-0.1853427482167586,-0.002185,-0.060035,-0.110035,0.2091572517832413,0.1513072517832413,0.1013072517832413,0.2266149999999999,-0.1119577482167586,-0.1698077482167586,-0.2198077482167586,-0.0944999999999999,0.1168422517832413,-0.0235618321445057,-0.0219941985734069,A,8,D,False
40,P08659,H489D,-0.287,298.15,7.8,DSC,Thermal,stabilizing,T,10.1016/j.abb.2017.07.003,LUCI,Photinus pyralis,91.47,non-human,-0.02376,0.00782,-0.08604823669622,0.4,Decrease,0.0,Neutral,0.164,-0.00797,-0.05490411834811,0.18812,-0.01188,0.07012,-0.03911411834811,0.20391,0.00391,0.08591,0.15697588165189,-0.04302411834811,0.03897588165189,0.2,0.282,0.082,-0.03399607889874,0.12802,-0.0053133333333333,0.0493533333333333,0.0967305877679266,-0.0366027455654066,0.01806392110126,0.1254133333333333,0.18008,0.0467466666666666,0.1072572544345933,-0.02607607889874,0.0285905877679266,0.13594,0.1906066666666666,0.0572733333333333,0.1046505877679266,0.1593172544345933,0.02598392110126,0.188,0.074502940825945,-0.025497059174055,0.015502940825945,0.096015,0.137015,0.037015,0.072547940825945,0.113547940825945,0.013547940825945,0.13506,0.080442940825945,0.121442940825945,0.021442940825945,0.142955,0.119487940825945,0.07700196055063,0.059602352660756,H,489,D,False
41,P08659,H489K,0.287,298.15,7.8,DSC,Thermal,destabilizing,T,10.1016/j.abb.2017.07.003,LUCI,Photinus pyralis,91.47,non-human,-0.12924,-0.35748,0.0017334209233943,0.5,Decrease,0.0,Neutral,0.1123,-0.24336,-0.0637532895383028,0.18538,-0.06462,-0.0084699999999999,-0.1778732895383028,0.0712599999999999,-0.17874,-0.12259,0.2508667104616972,0.0008667104616971,0.0570167104616971,0.25,0.30615,0.05615,-0.1616621930255352,0.0044266666666666,-0.16224,-0.1248066666666666,0.1241644736411314,-0.0425021930255352,-0.0050688596922019,0.1235866666666666,0.16102,-0.0056466666666666,0.0480844736411314,-0.1185821930255352,-0.0811488596922019,0.0475066666666666,0.08494,-0.0817266666666666,0.1672444736411314,0.2046778069744647,0.0380111403077981,0.2040999999999999,0.0037533552308485,-0.1212466447691514,-0.0931716447691514,0.0033199999999999,0.0313949999999999,-0.093605,0.0931233552308485,0.1211983552308485,-0.0038016447691514,0.120765,0.0360633552308485,0.0641383552308485,-0.0608616447691514,0.063705,0.1535083552308485,0.0212189034872323,0.0030026841846788,H,489,K,False
42,P08659,H489M,0.263,298.15,7.8,DSC,Thermal,destabilizing,T,10.1016/j.abb.2017.07.003,LUCI,Photinus pyralis,91.47,non-human,-0.14815,0.16973,0.1337178122788007,-0.0,Neutral,-0.0,Neutral,0.3493,0.0107899999999999,-0.0072160938605996,-0.074075,-0.074075,0.100575,0.1517239061394003,0.084865,0.084865,0.259515,0.0668589061394003,0.0668589061394003,0.2415089061394003,0.0,0.17465,0.17465,0.0517659374262668,0.0071933333333333,0.0071933333333333,0.1236266666666666,-0.0048107292403997,-0.0048107292403997,0.1116226040929335,-0.0493833333333333,0.06705,0.06705,0.1011492707596002,0.1011492707596002,0.2175826040929335,0.0565766666666666,0.17301,0.17301,0.0445726040929335,0.1610059374262669,0.1610059374262669,0.1164333333333333,0.0388244530697001,0.0388244530697001,0.1261494530697001,0.0053949999999999,0.09272,0.09272,-0.0036080469302998,0.0837169530697001,0.0837169530697001,0.0502875,0.0758619530697001,0.1631869530697001,0.1631869530697001,0.1297575,0.1207544530697001,0.0840996353798001,0.0310595624557601,H,489,M,False
44,P11053,H43R,-4.0,298.15,7.5,CD,GdnHCl,stabilizing,S,10.1002/pro.5560040108,FDXH,Nostoc sp. (strain PCC 7120 / SAG 25.82 / UTEX 2576),94.59,non-human,-0.87966,-0.98707,0.2738768216954668,-0.3,Increase,-0.1,Increase,-0.042,-0.933365,-0.3028915891522666,-0.58983,-0.48983,-0.46083,-0.3565965891522666,-0.643535,-0.543535,-0.514535,-0.0130615891522666,0.0869384108477333,0.1159384108477333,-0.2,-0.1709999999999999,-0.071,-0.5309510594348444,-0.7222433333333332,-0.6555766666666667,-0.6362433333333334,-0.301927726101511,-0.2352610594348444,-0.2159277261015111,-0.4265533333333333,-0.4072199999999999,-0.3405533333333333,-0.3377310594348444,-0.2710643927681777,-0.2517310594348444,-0.4623566666666667,-0.4430233333333333,-0.3763566666666667,-0.0420410594348444,-0.022707726101511,0.0439589405651555,-0.1473333333333333,-0.4732132945761333,-0.4232132945761333,-0.4087132945761333,-0.5666825,-0.5521824999999999,-0.5021825,-0.2514457945761333,-0.2369457945761333,-0.1869457945761333,-0.330415,-0.2782982945761333,-0.2637982945761333,-0.2137982945761333,-0.3572675,-0.0420307945761333,-0.3391421963840889,-0.3985706356609066,H,43,R,False
47,P11309,E142D,3.22,283.15,7.5,CD,Urea,destabilizing,H,10.1371/journal.pone.0064824,PIM1,Homo sapiens,98.32,human,0.15825,0.53299,0.5456903692792275,0.2,Decrease,0.2,Decrease,-0.0946,0.34562,0.3519701846396137,0.179125,0.179125,0.031825,0.5393401846396138,0.366495,0.366495,0.2191949999999999,0.3728451846396138,0.3728451846396138,0.2255451846396137,0.2,0.0527,0.0527,0.4123101230930758,0.29708,0.29708,0.1988799999999999,0.3013134564264092,0.3013134564264092,0.2031134564264091,0.1860833333333333,0.0878833333333333,0.0878833333333333,0.4262267897597425,0.4262267897597425,0.3280267897597425,0.3109966666666666,0.2127966666666666,0.2127966666666666,0.3152301230930758,0.2170301230930758,0.2170301230930758,0.1018,0.3592325923198068,0.3592325923198068,0.2855825923198068,0.27281,0.19916,0.19916,0.2759850923198069,0.2023350923198069,0.2023350923198069,0.1159125,0.3696700923198068,0.2960200923198068,0.2960200923198068,0.2095975,0.2127725923198068,0.2570550615465379,0.3273860738558455,E,142,D,False
51,P15891,E540L,-1.05,303.15,8.0,"CD, Fluorescence",GuHCI,stabilizing,S,10.1371/journal.pone.0146232,ABP1,Saccharomyces cerevisiae (strain ATCC 204508 / S288c),94.7,non-human,-0.20334,-1.50986,-0.9825296482863094,-2.5,Increase,-1.6,Increase,-1.16,-0.8566,-0.5929348241431547,-1.35167,-0.90167,-0.68167,-1.2461948241431546,-2.00493,-1.55493,-1.33493,-1.7412648241431548,-1.2912648241431548,-1.0712648241431546,-2.05,-1.83,-1.38,-0.8985765494287699,-1.4044,-1.1044,-0.9577333333333332,-1.2286232160954365,-0.9286232160954364,-0.7819565494287698,-1.4344466666666669,-1.28778,-0.98778,-1.6641298827621032,-1.364129882762103,-1.2174632160954364,-1.8699533333333327,-1.7232866666666666,-1.4232866666666668,-1.6941765494287695,-1.5475098827621032,-1.2475098827621032,-1.7533333333333332,-1.2989324120715775,-1.0739324120715774,-0.9639324120715772,-1.4533,-1.3433000000000002,-1.1183,-1.3214674120715777,-1.2114674120715774,-0.9864674120715772,-1.365835,-1.6480974120715772,-1.5380974120715774,-1.3130974120715773,-1.692465,-1.560632412071577,-1.3259549413810516,-1.359145929657262,E,540,L,False
52,P15891,V554K,-0.39,303.15,8.0,"CD, Fluorescence",GuHCI,stabilizing,-,10.1371/journal.pone.0146232,ABP1,Saccharomyces cerevisiae (strain ATCC 204508 / S288c),95.28,non-human,-0.83943,-1.39252,0.1015235806765829,0.3,Decrease,0.4,Decrease,-0.3624,-1.115975,-0.3689532096617085,-0.269715,-0.219715,-0.600915,-0.6454982096617086,-0.54626,-0.49626,-0.87746,0.2007617903382914,0.2507617903382915,-0.1304382096617085,0.35,-0.0312,0.0188,-0.7101421397744723,-0.6439833333333332,-0.61065,-0.8647833333333333,-0.145968806441139,-0.1126354731078056,-0.366768806441139,-0.0464766666666666,-0.30061,-0.2672766666666666,-0.3303321397744723,-0.296998806441139,-0.5511321397744724,-0.2308399999999999,-0.4849733333333333,-0.45164,0.2671745268921943,0.0130411935588609,0.0463745268921943,0.1125333333333333,-0.4576066048308542,-0.4326066048308542,-0.6232066048308542,-0.3829874999999999,-0.5735874999999999,-0.5485875,-0.0094766048308542,-0.2000766048308542,-0.1750766048308542,-0.1254575,-0.1477491048308542,-0.3383491048308543,-0.3133491048308542,-0.2637299999999999,0.1097808951691457,-0.2988044032205694,-0.2860852838646833,V,554,K,False
53,P19267,M35W,0.7,298.15,7.2,CD,GdnHCl,destabilizing,H,10.1110/ps.073224308,HMFB,Methanothermus fervidus,96.52,non-human,0.75369,-1.21429,-0.483955098971085,-0.5,Increase,-0.3,Increase,-0.3092,-0.2303,0.1348674505144574,0.1268449999999999,0.226845,0.222245,-0.8491225494855426,-0.857145,-0.7571450000000001,-0.761745,-0.4919775494855425,-0.3919775494855425,-0.3965775494855424,-0.4,-0.4045999999999999,-0.3046,-0.3148516996570283,-0.3202,-0.2535333333333334,-0.2566,-0.0767550329903616,-0.010088366323695,-0.0131550329903616,-0.0154366666666666,-0.0185033333333333,0.0481633333333333,-0.732748366323695,-0.6660816996570283,-0.6691483663236951,-0.67143,-0.6744966666666667,-0.60783,-0.4279850329903616,-0.4310516996570283,-0.3643850329903617,-0.3697333333333333,-0.3611387747427713,-0.3111387747427713,-0.3134387747427712,-0.31515,-0.31745,-0.26745,-0.1325662747427712,-0.1348662747427712,-0.0848662747427712,-0.0888775,-0.6245612747427712,-0.6268612747427713,-0.5768612747427713,-0.5808725,-0.3982887747427712,-0.3422925164951809,-0.348911019794217,M,35,W,False
55,P22505,E426S,-0.87,298.15,7.5,"PTS, Fluorescence",Thermal,destabilizing,T,10.1021/acsomega.9b04105,BGLB,Paenibacillus polymyxa,98.37,non-human,0.72703,-0.38265,0.2501320925562483,-0.0,Neutral,0.0,Neutral,0.2153,0.1721899999999999,0.4885810462781241,0.363515,0.363515,0.4711649999999999,-0.0662589537218758,-0.191325,-0.191325,-0.083675,0.1250660462781241,0.1250660462781241,0.2327160462781241,0.0,0.10765,0.10765,0.1981706975187494,0.1147933333333333,0.1147933333333333,0.1865599999999999,0.3257206975187494,0.3257206975187494,0.3974873641854161,0.2423433333333333,0.3141099999999999,0.3141099999999999,-0.0441726358145838,-0.0441726358145838,0.0275940308520827,-0.12755,-0.0557833333333333,-0.0557833333333333,0.0833773641854161,0.1551440308520827,0.1551440308520827,0.0717666666666666,0.148628023139062,0.148628023139062,0.202453023139062,0.0860949999999999,0.13992,0.13992,0.244290523139062,0.2981155231390621,0.2981155231390621,0.2355824999999999,-0.0331294768609379,0.020695523139062,0.020695523139062,-0.0418375,0.116358023139062,0.134968682092708,0.1189024185112496,E,426,S,False
56,P22505,N223H,-2.583,298.15,7.5,"PTS, Fluorescence",Thermal,destabilizing,-,10.1021/acsomega.9b04105,BGLB,Paenibacillus polymyxa,98.89,non-human,0.35206,-1.38333,-0.8413781502430034,-0.3,Increase,-0.4,Increase,-0.5465,-0.515635,-0.2446590751215017,0.0260299999999999,-0.02397,-0.09722,-1.1123540751215018,-0.841665,-0.8916649999999999,-0.964915,-0.5706890751215017,-0.6206890751215017,-0.6939390751215018,-0.35,-0.42325,-0.47325,-0.6242160500810011,-0.4437566666666666,-0.47709,-0.5259233333333333,-0.2631060500810011,-0.2964393834143344,-0.3452727167476678,-0.11598,-0.1648133333333333,-0.1981466666666667,-0.8415693834143344,-0.8749027167476678,-0.9237360500810012,-0.6944433333333334,-0.7432766666666666,-0.7766099999999999,-0.5137927167476678,-0.5626260500810011,-0.5959593834143345,-0.4155,-0.5431620375607508,-0.5681620375607508,-0.6047870375607508,-0.4328174999999999,-0.4694425,-0.4944425,-0.2973295375607508,-0.3339545375607509,-0.3589545375607508,-0.22361,-0.7311770375607508,-0.7678020375607508,-0.7928020375607508,-0.6574575,-0.5219695375607508,-0.5198580250405005,-0.5145296300486006,N,223,H,False
57,P22505,N223R,-3.976,298.15,7.5,"PTS, Fluorescence",Thermal,destabilizing,-,10.1021/acsomega.9b04105,BGLB,Paenibacillus polymyxa,98.89,non-human,-0.99989,-0.40374,-0.3130549401282556,-0.1,Increase,-0.4,Increase,0.0546,-0.701815,-0.6564724700641278,-0.549945,-0.699945,-0.472645,-0.3583974700641278,-0.25187,-0.40187,-0.17457,-0.2065274700641278,-0.3565274700641277,-0.1292274700641278,-0.25,-0.0227,-0.1727,-0.5722283133760852,-0.50121,-0.60121,-0.4496766666666666,-0.4709816467094185,-0.5709816467094185,-0.4194483133760852,-0.4999633333333333,-0.34843,-0.44843,-0.2722649800427518,-0.3722649800427519,-0.2207316467094185,-0.3012466666666666,-0.1497133333333333,-0.2497133333333333,-0.2710183133760852,-0.1194849800427518,-0.2194849800427518,-0.1484666666666666,-0.4541712350320639,-0.5291712350320639,-0.4155212350320639,-0.4759075,-0.3622575,-0.4372575,-0.4532362350320639,-0.3395862350320639,-0.4145862350320639,-0.3613225,-0.3041987350320639,-0.1905487350320639,-0.2655487350320639,-0.212285,-0.1896137350320639,-0.3603474900213759,-0.4433369880256511,N,223,R,False
59,P22505,W402R,-2.615,298.15,7.5,"PTS, Fluorescence",Thermal,destabilizing,-,10.1021/acsomega.9b04105,BGLB,Paenibacillus polymyxa,98.63,non-human,-1.09452,2.72925,5.389704752420474,5.4,Decrease,4.3,Decrease,3.652,0.817365,2.147592376210237,2.15274,1.6027399999999998,1.27874,4.059477376210237,4.064625,3.514625,3.190625,5.394852376210237,4.844852376210238,4.520852376210238,4.85,4.526,3.976,2.341478250806825,2.34491,1.978243333333333,1.7622433333333334,3.231728250806825,2.865061584140158,2.649061584140158,2.8684933333333333,2.6524933333333336,2.2858266666666665,4.506318250806825,4.139651584140158,3.92365158414016,4.143083333333333,3.9270833333333335,3.5604166666666663,5.029901584140158,4.813901584140158,4.447234917473492,4.450666666666667,3.1061086881051185,2.8311086881051186,2.6691086881051187,2.8336825,2.6716825,2.3966825,3.4987961881051186,3.3367961881051187,3.0617961881051183,3.0643700000000003,4.454738688105119,4.292738688105119,4.017738688105119,4.0203125,4.685426188105119,3.396072458736746,3.344886950484095,W,402,R,False
62,P25440,R100L,5.22,283.15,7.5,"CD, Fluorescence",Urea,destabilizing,S,10.1371/journal.pone.0159180,BRD2,Homo sapiens,95.18,human,-0.57645,0.2483,-0.2601596079969492,-0.6,Increase,-0.4,Increase,0.2087,-0.164075,-0.4183048039984746,-0.588225,-0.488225,-0.183875,-0.0059298039984746,-0.17585,-0.07585,0.2284999999999999,-0.4300798039984745,-0.3300798039984746,-0.0257298039984746,-0.5,-0.19565,-0.09565,-0.1961032026656497,-0.3093833333333333,-0.2427166666666667,-0.0398166666666666,-0.4788698693323163,-0.4122032026656497,-0.2093032026656497,-0.5254833333333333,-0.3225833333333333,-0.2559166666666667,-0.2039532026656497,-0.137286535998983,0.0656134640010169,-0.2505666666666666,-0.0476666666666666,0.0189999999999999,-0.4200532026656496,-0.2171532026656497,-0.150486535998983,-0.2637666666666666,-0.2970774019992372,-0.2470774019992373,-0.0949024019992373,-0.3320375,-0.1798625,-0.1298625,-0.4591524019992372,-0.3069774019992373,-0.2569774019992373,-0.3419375,-0.2529649019992372,-0.1007899019992372,-0.0507899019992373,-0.13575,-0.2628649019992373,-0.2299349346661582,-0.3176619215993898,R,100,L,False
64,P25440,R419W,0.02,283.15,7.5,"CD, Fluorescence",Urea,destabilizing,H,10.1371/journal.pone.0159180,BRD2,Homo sapiens,98.57,human,-0.31042,0.95884,-0.0926721781722039,0.1,Decrease,-0.1,Increase,0.2932,0.32421,-0.2015460890861019,-0.1052099999999999,-0.20521,-0.0086099999999999,0.4330839109138981,0.52942,0.42942,0.62602,0.003663910913898,-0.0963360890861019,0.100263910913898,0.0,0.1966,0.0966,0.1852492739425987,0.2494733333333333,0.1828066666666666,0.3138733333333333,-0.1010307260574013,-0.1676973927240679,-0.0366307260574012,-0.1034733333333333,0.0275933333333333,-0.0390733333333333,0.3220559406092654,0.2553892739425987,0.3864559406092653,0.3196133333333333,0.45068,0.3840133333333333,-0.0308907260574013,0.1001759406092653,0.0335092739425987,0.0977333333333333,0.163936955456949,0.113936955456949,0.212236955456949,0.162105,0.260405,0.210405,-0.1007730445430509,-0.0024730445430509,-0.0524730445430509,-0.0043049999999999,0.216541955456949,0.314841955456949,0.264841955456949,0.31301,0.050131955456949,0.141491303637966,0.1111495643655592,R,419,W,False
67,P37231,P495L,-0.11,283.15,8.0,CD,Urea,stabilizing,H,10.3390/ijms18020361,PPARG,Homo sapiens,89.34,human,1.87425,0.98946,-0.6402088960870456,0.1,Decrease,-0.1,Increase,0.7779,1.431855,0.6170205519564772,0.987125,0.8871249999999999,1.326075,0.1746255519564772,0.54473,0.44473,0.88368,-0.2701044480435228,-0.3701044480435227,0.0688455519564772,0.0,0.43895,0.33895,0.7411670346376514,0.9879033333333336,0.9212366666666668,1.21387,0.4446803679709848,0.3780137013043181,0.6706470346376515,0.62475,0.9173833333333334,0.8507166666666667,0.1497503679709848,0.0830837013043181,0.3757170346376515,0.32982,0.6224533333333334,0.5557866666666667,-0.2134029653623485,0.0792303679709848,0.0125637013043181,0.2593,0.5808752759782386,0.5308752759782386,0.7503502759782386,0.7159275,0.9354025,0.8854025000000001,0.3085102759782386,0.5279852759782386,0.4779852759782386,0.6630375,0.0873127759782386,0.3067877759782386,0.2567877759782386,0.44184,0.0344227759782386,0.5002335173188257,0.4447002207825908,P,495,L,False
68,P37231,Q314P,0.3,283.15,8.0,CD,Urea,destabilizing,H,10.3390/ijms18020361,PPARG,Homo sapiens,90.09,human,3.6469,10.04592,6.828119255764329,0.3,Decrease,0.4,Decrease,2.4409,6.8464100000000006,5.237509627882164,1.97345,2.02345,3.0439,8.437019627882165,5.172960000000001,5.2229600000000005,6.243410000000001,3.5640596278821643,3.6140596278821646,4.6345096278821645,0.35,1.37045,1.42045,6.840313085254777,4.664273333333334,4.697606666666667,5.377906666666667,3.591673085254776,3.6250064185881095,4.30530641858811,1.4489666666666663,2.129266666666666,2.1626,5.724679751921443,5.758013085254777,6.4383130852547765,3.581973333333334,4.262273333333334,4.295606666666667,2.509373085254776,3.189673085254776,3.2230064185881098,1.0469666666666668,5.2052348139410825,5.230234813941082,5.740459813941082,3.5982050000000005,4.10843,4.133430000000001,2.7937548139410824,3.3039798139410825,3.328979813941082,1.69695,4.393509813941082,4.903734813941083,4.928734813941082,3.296705,2.4922548139410825,3.9436398759607214,4.244187851152866,Q,314,P,False
69,P37231,R316H,-0.06,283.15,8.0,CD,Urea,stabilizing,H,10.3390/ijms18020361,PPARG,Homo sapiens,91.58,human,0.93066,0.75204,0.5635772765520105,0.0,Neutral,0.1,Decrease,0.1788,0.84135,0.7471186382760053,0.46533,0.5153300000000001,0.5547300000000001,0.6578086382760053,0.37602,0.42602,0.46542,0.2817886382760052,0.3317886382760052,0.3711886382760052,0.05,0.0894,0.1394,0.7487590921840036,0.5609000000000001,0.5942333333333334,0.6205,0.4980790921840035,0.5314124255173369,0.5576790921840036,0.3435533333333334,0.36982,0.4031533333333334,0.4385390921840035,0.4718724255173369,0.4981390921840036,0.2840133333333333,0.31028,0.3436133333333333,0.2211924255173368,0.2474590921840035,0.2807924255173368,0.0929333333333333,0.5615693191380027,0.5865693191380027,0.6062693191380026,0.445675,0.465375,0.490375,0.3985593191380027,0.4182593191380027,0.4432593191380027,0.302365,0.3539043191380027,0.3736043191380027,0.3986043191380027,0.25771,0.2105943191380026,0.4208462127586684,0.4692554553104021,R,316,H,False
70,P37231,V318M,-0.03,283.15,8.0,CD,Urea,stabilizing,H,10.3390/ijms18020361,PPARG,Homo sapiens,93.64,human,0.95279,1.66054,0.7572680047277991,0.0,Neutral,0.2,Decrease,0.568,1.306665,0.8550290023638996,0.476395,0.576395,0.7603949999999999,1.2089040023638995,0.83027,0.93027,1.11427,0.3786340023638995,0.4786340023638995,0.6626340023638995,0.1,0.284,0.384,1.1235326682425997,0.8711099999999999,0.9377766666666668,1.0604433333333334,0.5700193349092664,0.636686001575933,0.7593526682425997,0.3842633333333333,0.50693,0.5735966666666666,0.805936001575933,0.8726026682425997,0.9952693349092664,0.62018,0.7428466666666665,0.8095133333333333,0.3190893349092663,0.441756001575933,0.5084226682425997,0.256,0.8426495011819497,0.8926495011819497,0.9846495011819496,0.7033325,0.7953325,0.8453325,0.4775145011819497,0.5695145011819498,0.6195145011819497,0.4301975,0.6544520011819498,0.7464520011819498,0.7964520011819498,0.607135,0.3813170011819498,0.6897663341212997,0.7141196009455598,V,318,M,False
75,P40040,Y4F,2.4,322.15,6.0,"CD, Fluorescence",Urea,destabilizing,G,10.1016/j.febslet.2015.06.002,THO1,Saccharomyces cerevisiae (strain ATCC 204508 / S288c),95.55,non-human,2.0397,0.4017,-0.0765624535925207,1.0,Decrease,0.4,Decrease,1.1016,1.2207,0.9815687732037396,1.51985,1.21985,1.57065,0.1625687732037396,0.70085,0.40085,0.7516499999999999,0.4617187732037396,0.1617187732037396,0.5125187732037396,0.7,1.0508,0.7507999999999999,0.7882791821358263,1.1471333333333331,0.9471333333333332,1.1809999999999998,0.9877125154691596,0.7877125154691598,1.0215791821358264,1.1465666666666663,1.3804333333333332,1.1804333333333332,0.4417125154691597,0.2417125154691597,0.4755791821358264,0.6005666666666666,0.8344333333333332,0.6344333333333333,0.4411458488024931,0.6750125154691599,0.4750125154691598,0.8338666666666666,0.8412093866018697,0.6912093866018697,0.8666093866018697,0.96035,1.1357499999999998,0.98575,0.8407843866018697,1.0161843866018696,0.8661843866018698,1.135325,0.4312843866018698,0.6066843866018699,0.4566843866018698,0.7258249999999999,0.6062593866018698,0.8110729244012465,0.7529675092814958,Y,4,F,False
76,P48052,F80A,0.98,298.15,7.0,Fluorescence,Urea,destabilizing,H,10.1006/jmbi.1998.2158,CPA2,Homo sapiens,96.73,human,3.41694,2.80408,2.3034018825209186,0.8,Decrease,0.7,Decrease,1.8635,3.11051,2.860170941260459,2.10847,2.05847,2.64022,2.55374094126046,1.80204,1.75204,2.33379,1.5517009412604592,1.5017009412604594,2.08345094126046,0.75,1.33175,1.28175,2.841473960840306,2.34034,2.307006666666666,2.69484,2.173447294173639,2.140113960840306,2.5279472941736394,1.63898,2.0268133333333336,1.99348,1.9691606275069728,1.93582729417364,2.323660627506973,1.4346933333333334,1.8225266666666664,1.7891933333333334,1.2678006275069729,1.655633960840306,1.622300627506973,1.1211666666666666,2.33110547063023,2.306105470630229,2.5969804706302297,1.930255,2.22113,2.19613,1.8050854706302293,2.0959604706302293,2.0709604706302294,1.69511,1.6518704706302296,1.9427454706302296,1.9177454706302297,1.541895,1.4167254706302297,1.9813203137534865,2.004884376504184,F,80,A,False
78,P48052,I38V,-0.42,298.15,7.0,Fluorescence,Urea,stabilizing,H,10.1006/jmbi.1998.2158,CPA2,Homo sapiens,95.41,human,0.50657,0.27109,1.0589309787717034,0.1,Decrease,0.1,Decrease,0.3953,0.38883,0.7827504893858517,0.3032849999999999,0.3032849999999999,0.450935,0.6650104893858517,0.185545,0.185545,0.333195,0.5794654893858517,0.5794654893858517,0.7271154893858517,0.1,0.2476499999999999,0.2476499999999999,0.6121969929239012,0.2925533333333333,0.2925533333333333,0.3909866666666666,0.5551669929239011,0.5551669929239011,0.6536003262572344,0.2355233333333333,0.3339566666666666,0.3339566666666666,0.4766736595905678,0.4766736595905678,0.5751069929239011,0.15703,0.2554633333333333,0.2554633333333333,0.4196436595905679,0.5180769929239012,0.5180769929239012,0.1984333333333333,0.4841477446929259,0.4841477446929259,0.5579727446929259,0.244415,0.3182399999999999,0.3182399999999999,0.4413752446929259,0.5152002446929258,0.5152002446929258,0.2754675,0.3825052446929259,0.4563302446929259,0.4563302446929259,0.2165975,0.4135577446929259,0.4053151631286173,0.4073181957543407,I,38,V,False
81,P51608,R106Q,-0.12,298.15,7.5,CD,Urea,destabilizing,E,10.1021/acs.biochem.5b00790,MECP2,Homo sapiens,92.13,human,2.20705,2.5585,3.3680772198979985,0.9,Decrease,0.9,Decrease,1.0371,2.382775,2.787563609949,1.553525,1.553525,1.6220750000000002,2.9632886099489992,1.72925,1.72925,1.7978,2.134038609948999,2.134038609948999,2.202588609949,0.9,0.96855,0.96855,2.711209073299333,1.8885166666666668,1.8885166666666668,1.9342166666666667,2.1583757399659995,2.1583757399659995,2.204075739966,1.3356833333333336,1.3813833333333332,1.3813833333333332,2.275525739966,2.275525739966,2.3212257399659992,1.4528333333333334,1.4985333333333333,1.4985333333333333,1.7226924066326663,1.768392406632666,1.768392406632666,0.9457,2.2584068049745,2.2584068049745,2.2926818049745,1.6413875000000002,1.6756625,1.6756625,1.8437818049745,1.8780568049745,1.8780568049745,1.2610375,1.9316443049745,1.9659193049745,1.9659193049745,1.3489,1.5512943049744996,1.8284545366496667,1.9867254439796,R,106,Q,False
83,P51608,R133C,-0.37,298.15,7.5,CD,Urea,destabilizing,S,10.1021/acs.biochem.5b00790,MECP2,Homo sapiens,92.0,human,1.04839,0.32211,1.6329978374375564,2.0,Decrease,0.7,Decrease,0.2254,0.6852499999999999,1.3406939187187783,1.524195,0.8741949999999999,0.636895,0.9775539187187784,1.161055,0.511055,0.2737549999999999,1.816498918718778,1.1664989187187782,0.9291989187187782,1.35,1.1127,0.4627,1.0011659458125186,1.1235,0.6901666666666667,0.5319666666666666,1.5604626124791856,1.1271292791458525,0.9689292791458524,1.2494633333333331,1.0912633333333333,0.65793,1.318369279145852,0.8850359458125189,0.7268359458125189,1.00737,0.84917,0.4158366666666667,1.4443326124791855,1.2861326124791854,0.8527992791458522,0.9751333333333334,1.250874459359389,0.9258744593593892,0.807224459359389,1.017625,0.898975,0.573975,1.3453469593593892,1.226696959359389,0.9016969593593892,0.9934475,1.1637769593593892,1.045126959359389,0.7201269593593892,0.8118774999999999,1.139599459359389,0.988149639572926,1.1406995674875111,R,133,C,False
84,P51608,R133H,-0.24,298.15,7.5,CD,Urea,destabilizing,S,10.1021/acs.biochem.5b00790,MECP2,Homo sapiens,92.0,human,0.1017,-0.07857,0.5574268034333404,0.6,Decrease,0.2,Decrease,0.3256,0.0115649999999999,0.3295634017166702,0.35085,0.15085,0.21365,0.2394284017166701,0.260715,0.060715,0.123515,0.5787134017166702,0.3787134017166702,0.4415134017166702,0.4,0.4628,0.2628,0.1935189344777801,0.2077099999999999,0.0743766666666666,0.1162433333333333,0.4197089344777802,0.2863756011444467,0.3282422678111135,0.3005666666666666,0.3424333333333333,0.2090999999999999,0.3596189344777801,0.2262856011444468,0.2681522678111134,0.2404766666666666,0.2823433333333333,0.14901,0.4524756011444468,0.4943422678111135,0.3610089344777802,0.3752,0.2951392008583351,0.195139200858335,0.2265392008583351,0.2057824999999999,0.2371825,0.1371824999999999,0.3647817008583351,0.3961817008583351,0.296181700858335,0.306825,0.3197142008583351,0.3511142008583351,0.2511142008583351,0.2617575,0.420756700858335,0.28435946723889,0.2761113606866681,R,133,H,False
85,P51608,T158M,-0.25,298.15,7.5,CD,Urea,destabilizing,T,10.1021/acs.biochem.5b00790,MECP2,Homo sapiens,86.97,human,0.64132,1.07755,-0.0481102947816391,-0.0,Neutral,-0.2,Increase,0.7172,0.859435,0.2966048526091804,0.32066,0.22066,0.67926,0.5147198526091804,0.538775,0.438775,0.897375,-0.0240551473908195,-0.1240551473908195,0.3345448526091804,-0.1,0.3586,0.2585999999999999,0.5569199017394536,0.5729566666666667,0.50629,0.8120233333333333,0.1977365684061203,0.1310699017394536,0.436803235072787,0.1471066666666666,0.4528399999999999,0.3861733333333333,0.3431465684061203,0.2764799017394536,0.5822132350727869,0.2925166666666667,0.5982500000000001,0.5315833333333333,-0.0827034315938797,0.2230299017394536,0.1563632350727869,0.1723999999999999,0.4176899263045902,0.3676899263045902,0.5969899263045901,0.3797175,0.6090175,0.5590175,0.0983024263045902,0.3276024263045902,0.2776024263045902,0.28963,0.2073599263045902,0.4366599263045901,0.3866599263045902,0.3986875,0.1172724263045902,0.3646599508697268,0.2941519410436721,T,158,M,False
86,P54178,F61W,-2.87,298.15,7.0,CD,Urea,stabilizing,-,10.1021/acs.biochem.7b00833,YPMQ,Bacillus subtilis (strain 168),89.82,non-human,2.66289,2.08946,0.7960373289656816,0.4,Decrease,0.5,Decrease,0.2423,2.376175,1.7294636644828407,1.531445,1.581445,1.452595,1.442748664482841,1.24473,1.29473,1.16588,0.5980186644828408,0.6480186644828407,0.5191686644828408,0.45,0.32115,0.37115,1.8494624429885604,1.71745,1.7507833333333334,1.6648833333333333,1.286309109655227,1.3196424429885605,1.2337424429885606,1.18763,1.10173,1.135063333333333,1.0951657763218938,1.128499109655227,1.0425991096552272,0.9964866666666666,0.9105866666666668,0.94392,0.5653457763218939,0.4794457763218938,0.5127791096552271,0.3807666666666667,1.4870968322414204,1.5120968322414203,1.4476718322414204,1.4130875,1.3486625,1.3736625,1.0897318322414202,1.0253068322414205,1.0503068322414204,0.9512975,0.9463743322414204,0.8819493322414204,0.9069493322414204,0.80794,0.4845843322414204,1.1151145548276136,1.2896774657931362,F,61,W,False
87,P54178,W120F,2.89,298.15,7.0,CD,Urea,destabilizing,E,10.1021/acs.biochem.7b00833,YPMQ,Bacillus subtilis (strain 168),98.48,non-human,6.43708,2.53367,1.5083428113059565,0.7,Decrease,0.5,Decrease,1.1816,4.485375,3.972711405652978,3.56854,3.46854,3.80934,2.021006405652978,1.616835,1.516835,1.857635,1.1041714056529783,1.0041714056529782,1.3449714056529782,0.6,0.9408,0.8408,3.493030937101985,3.2235833333333326,3.156916666666666,3.384116666666666,2.881807603768652,2.8151409371019853,3.042340937101985,2.5456933333333334,2.7728933333333337,2.7062266666666663,1.5806709371019856,1.5140042704353187,1.741204270435319,1.2445566666666668,1.4717566666666666,1.4050900000000002,0.9027809371019856,1.1299809371019855,1.063314270435319,0.7938666666666666,2.7947732028264887,2.744773202826489,2.9151732028264887,2.5426874999999995,2.7130874999999994,2.6630875,2.286355702826489,2.456755702826489,2.406755702826489,2.20467,1.3105032028264891,1.480903202826489,1.4309032028264892,1.2288175,0.9724857028264892,2.143448801884326,2.335818562261191,W,120,F,False
88,P54178,W55F,4.25,298.15,7.0,CD,Urea,destabilizing,E,10.1021/acs.biochem.7b00833,YPMQ,Bacillus subtilis (strain 168),98.58,non-human,5.80261,1.45646,2.57285627105906,-0.3,Increase,-0.7,Increase,0.7359,3.629535,4.1877331355295295,2.751305,2.551305,3.269255,2.01465813552953,0.57823,0.37823,1.09618,1.13642813552953,0.93642813552953,1.65437813552953,-0.5,0.21795,0.01795,3.277308757019686,2.31969,2.1863566666666663,2.66499,2.6918220903530194,2.558488757019686,3.0371220903530194,1.6008699999999998,2.0795033333333333,1.94617,1.2431054236863537,1.10977209035302,1.5884054236863534,0.1521533333333333,0.6307866666666667,0.4974533333333333,0.5242854236863533,1.0029187570196867,0.8695854236863534,-0.0880333333333333,2.382981567764765,2.282981567764765,2.6419565677647645,1.5647675,1.9237425,1.8237425,1.8438665677647643,2.2028415677647644,2.1028415677647647,1.3846275,0.757329067764765,1.116304067764765,1.016304067764765,0.29809,0.5771890677647651,1.5946377118431765,1.7663852542118117,W,55,F,False
90,P56552,A19G,-0.06,298.15,7.6,Fluorescence,Urea,stabilizing,T,10.1016/j.biochi.2016.09.006,DEF,Pentadiplandra brazzeana,83.21,non-human,0.43766,0.76259,0.5443035429293888,2.7,Decrease,0.4,Decrease,0.3513,0.600125,0.4909817714646943,1.5688300000000002,0.41883,0.39448,0.6534467714646943,1.731295,0.581295,0.556945,1.6221517714646945,0.4721517714646944,0.4478017714646943,1.55,1.5256500000000002,0.37565,0.5815178476431296,1.3000833333333337,0.5334166666666667,0.5171833333333333,1.227321180976463,0.4606545143097962,0.4444211809764629,1.1792200000000002,1.1629866666666668,0.39632,1.3356311809764627,0.5689645143097962,0.5527311809764629,1.28753,1.2712966666666667,0.50463,1.2147678476431296,1.1985345143097963,0.4318678476431296,1.1504333333333334,1.1111383857323474,0.5361383857323472,0.5239633857323472,1.0750625,1.0628875,0.4878875,1.0204908857323474,1.008315885732347,0.4333158857323472,0.97224,1.1017233857323472,1.0895483857323471,0.5145483857323472,1.0534725,0.9989008857323473,0.8659755904882317,0.968910708585878,A,19,G,False
92,P61769,H33F,-0.12,298.15,7.4,Fluorescence,Urea,stabilizing,S,10.1021/bi025944a,B2M,Homo sapiens,96.04,human,-0.71413,-0.73469,-0.3641915437536314,0.3,Decrease,0.0,Neutral,0.1145,-0.72441,-0.5391607718768157,-0.207065,-0.357065,-0.299815,-0.5494407718768157,-0.2173449999999999,-0.367345,-0.3100949999999999,-0.0320957718768157,-0.1820957718768157,-0.1248457718768157,0.15,0.20725,0.05725,-0.6043371812512105,-0.38294,-0.48294,-0.4447733333333333,-0.2594405145845437,-0.3594405145845438,-0.3212738479178771,-0.1380433333333333,-0.0998766666666666,-0.1998766666666666,-0.2662938479178771,-0.3662938479178771,-0.3281271812512105,-0.1448966666666666,-0.1067299999999999,-0.2067299999999999,-0.0213971812512104,0.0167694854154562,-0.0832305145845438,0.1381666666666666,-0.3782528859384078,-0.4532528859384078,-0.4246278859384078,-0.287205,-0.25858,-0.33358,-0.1945803859384078,-0.1659553859384078,-0.2409553859384078,-0.0749075,-0.1997203859384078,-0.1710953859384078,-0.2460953859384078,-0.0800475,0.0125771140615921,-0.2330852572922719,-0.3026023087507262,H,33,F,False
93,P61769,H51F,-2.605,298.15,7.4,Fluorescence,Urea,stabilizing,B,10.1021/bi025944a,B2M,Homo sapiens,97.3,human,-1.27716,-0.58435,-0.289696755812357,-1.1,Increase,-1.0,Increase,0.5634,-0.930755,-0.7834283779061786,-1.18858,-1.13858,-0.35688,-0.4370233779061785,-0.8421750000000001,-0.7921750000000001,-0.010475,-0.6948483779061785,-0.6448483779061784,0.1368516220938215,-1.05,-0.2683,-0.2183,-0.7170689186041189,-0.98717,-0.9538366666666668,-0.4327033333333333,-0.8889522519374524,-0.8556189186041191,-0.3344855852707857,-1.12572,-0.6045866666666666,-0.5712533333333334,-0.6580155852707857,-0.6246822519374523,-0.103548918604119,-0.8947833333333334,-0.37365,-0.3403166666666666,-0.7965655852707857,-0.2754322519374523,-0.2420989186041189,-0.5122,-0.8128016889530892,-0.7878016889530892,-0.3969516889530892,-0.9903775,-0.5995275,-0.5745275,-0.9167141889530892,-0.5258641889530893,-0.5008641889530893,-0.70344,-0.7435116889530893,-0.3526616889530892,-0.3276616889530892,-0.5302375,-0.4565741889530892,-0.6146344593020594,-0.8502413511624713,H,51,F,False
94,P61769,H71F,1.912,298.15,7.4,Fluorescence,Urea,destabilizing,E,10.1021/bi025944a,B2M,Homo sapiens,98.54,human,-0.5902,-0.29184,0.0137069068274281,-0.3,Increase,-0.3,Increase,0.513,-0.4410199999999999,-0.2882465465862859,-0.4450999999999999,-0.4450999999999999,-0.0385999999999999,-0.1390665465862859,-0.2959199999999999,-0.2959199999999999,0.11058,-0.1431465465862859,-0.1431465465862859,0.2633534534137141,-0.3,0.1065,0.1065,-0.2894443643908572,-0.3940133333333333,-0.3940133333333333,-0.1230133333333333,-0.2921643643908573,-0.2921643643908573,-0.0211643643908572,-0.3967333333333333,-0.1257333333333332,-0.1257333333333332,-0.1927110310575239,-0.1927110310575239,0.078288968942476,-0.29728,-0.0262799999999999,-0.0262799999999999,-0.1954310310575239,0.075568968942476,0.075568968942476,-0.0289999999999999,-0.2920832732931429,-0.2920832732931429,-0.0888332732931429,-0.37051,-0.16726,-0.16726,-0.294123273293143,-0.0908732732931429,-0.0908732732931429,-0.1692999999999999,-0.2195332732931429,-0.0162832732931429,-0.0162832732931429,-0.0947099999999999,-0.0183232732931429,-0.1592221821954286,-0.2936666186345144,H,71,F,False
97,P78352,E401R,-5.49,,7.5,DSC,Thermal,stabilizing,H,10.1371/journal.pone.0098124,DLG4,Homo sapiens,74.72,human,0.02007,0.05544,-0.007261270196715,-0.0,Neutral,-0.1,Increase,-0.4521,0.037755,0.0064043649016425,0.010035,-0.039965,-0.216015,0.0240893649016425,0.02772,-0.02228,-0.19833,-0.0036306350983575,-0.0536306350983575,-0.2296806350983575,-0.05,-0.22605,-0.27605,0.022749576601095,0.02517,-0.0081633333333333,-0.12553,0.004269576601095,-0.0290637567322383,-0.146430423398905,-0.0266433333333333,-0.14401,-0.1773433333333333,0.016059576601095,-0.0172737567322383,-0.134640423398905,-0.0148533333333333,-0.13222,-0.1655533333333333,-0.0357537567322383,-0.153120423398905,-0.1864537567322383,-0.1840333333333333,0.0170621824508212,-0.0079378175491787,-0.0959628175491787,-0.0061224999999999,-0.0941475,-0.1191475,-0.0217978175491787,-0.1098228175491787,-0.1348228175491787,-0.1330075,-0.0129553175491787,-0.1009803175491787,-0.1259803175491787,-0.124165,-0.1398403175491787,-0.0806418783661191,-0.006350254039343,E,401,R,False
98,P78352,D332G,1.44,,7.5,DSC,Thermal,destabilizing,T,10.1371/journal.pone.0098124,DLG4,Homo sapiens,79.11,human,-0.1111,0.43537,0.6380044138830223,0.5,Decrease,0.1,Decrease,-0.0193,0.1621349999999999,0.2634522069415111,0.19445,-0.0055499999999999,-0.0652,0.5366872069415112,0.467685,0.267685,0.208035,0.5690022069415112,0.3690022069415111,0.3093522069415111,0.3,0.24035,0.04035,0.3207581379610074,0.2747566666666666,0.1414233333333333,0.1016566666666666,0.3423014712943408,0.2089681379610074,0.1692014712943408,0.1629666666666666,0.1232,-0.0101333333333333,0.5244581379610075,0.3911248046276741,0.3513581379610074,0.3451233333333334,0.3053566666666666,0.1720233333333333,0.4126681379610075,0.3729014712943407,0.2395681379610074,0.1935666666666666,0.3655686034707556,0.2655686034707555,0.2357436034707555,0.2310674999999999,0.2012425,0.1012424999999999,0.2817261034707556,0.2519011034707555,0.1519011034707555,0.1174,0.4183436034707556,0.3885186034707555,0.2885186034707556,0.2540175,0.3046761034707556,0.2571624023138371,0.3124548827766045,D,332,G,False
99,P78352,D332P,1.44,,7.5,DSC,Thermal,destabilizing,T,10.1371/journal.pone.0098124,DLG4,Homo sapiens,79.11,human,4.17368,2.64694,5.02506248113431,0.2,Decrease,0.0,Neutral,1.3787,3.41031,4.599371240567155,2.18684,2.08684,2.77619,3.836001240567155,1.42347,1.32347,2.01282,2.6125312405671552,2.512531240567155,3.201881240567156,0.1,0.78935,0.68935,3.9485608270447705,2.3402066666666665,2.27354,2.7331066666666666,3.132914160378103,3.066247493711437,3.525814160378104,1.4578933333333337,1.91746,1.8507933333333333,2.62400082704477,2.5573341603781032,3.01690082704477,0.94898,1.4085466666666668,1.34188,1.7416874937114368,2.201254160378104,2.134587493711437,0.5262333333333333,3.0114206202835776,2.9614206202835778,3.306095620283578,1.755155,2.09983,2.04983,2.3496856202835774,2.694360620283577,2.6443606202835777,1.438095,1.9680006202835776,2.312675620283577,2.2626756202835776,1.05641,1.6509406202835777,2.237397080189052,2.409136496226862,D,332,P,False
100,P80386,T134V,0.93,298.15,7.5,Fluorescence,GdmCl,destabilizing,-,10.1002/cbic.201700589,PRKAB1,Rattus norvegicus,96.88,non-human,-0.20802,0.49388,-0.556610916967541,-0.8,Increase,-0.9,Increase,-0.5029,0.14293,-0.3823154584837704,-0.5040100000000001,-0.55401,-0.35546,-0.0313654584837704,-0.15306,-0.20306,-0.00451,-0.6783054584837704,-0.7283054584837705,-0.5297554584837705,-0.8500000000000001,-0.6514500000000001,-0.70145,-0.0902503056558469,-0.17138,-0.2047133333333333,-0.0723466666666666,-0.5215436389891803,-0.5548769723225137,-0.4225103056558469,-0.6360066666666667,-0.50364,-0.5369733333333334,-0.2875769723225136,-0.320910305655847,-0.1885436389891803,-0.40204,-0.2696733333333334,-0.3030066666666667,-0.7522036389891803,-0.6198369723225136,-0.653170305655847,-0.7343000000000001,-0.2676877292418852,-0.2926877292418852,-0.1934127292418852,-0.353535,-0.25426,-0.27926,-0.6161577292418853,-0.5168827292418853,-0.5418827292418852,-0.60273,-0.4406827292418852,-0.3414077292418852,-0.3664077292418852,-0.427255,-0.6898777292418852,-0.4122751528279234,-0.3941501833935081,T,134,V,False
101,P84131,R244E,4.2,310.15,6.8,CD,Thermal,destabilizing,T,10.1016/j.dnarep.2018.07.004,MUTM,Geobacillus stearothermophilus,97.0,non-human,2.48904,1.57789,2.101744469329836,1.6,Decrease,1.3,Decrease,1.9418,2.033465,2.2953922346649183,2.0445200000000003,1.89452,2.21542,1.839817234664918,1.588945,1.438945,1.759845,1.850872234664918,1.700872234664918,2.021772234664918,1.4500000000000002,1.7709,1.6209,2.0562248231099454,1.888976666666667,1.7889766666666669,2.00291,2.063594823109945,1.9635948231099447,2.177528156443279,1.7963466666666668,2.0102800000000003,1.91028,1.7598781564432786,1.6598781564432787,1.873811489776612,1.49263,1.7065633333333334,1.6065633333333331,1.6672481564432786,1.881181489776612,1.781181489776612,1.6139333333333334,1.942168617332459,1.867168617332459,2.02761861733246,1.7417325,1.9021825,1.8271825,1.872696117332459,2.033146117332459,1.958146117332459,1.83271,1.644908617332459,1.805358617332459,1.730358617332459,1.6049225,1.735886117332459,1.8350790782216395,1.813734893865968,R,244,E,False
102,P9WKK7,F345A,0.455,298.15,8.0,"CD, Fluorescence",GdnHCl,destabilizing,E,10.1038/s41598-017-01235-z,ICL,Mycobacterium tuberculosis (strain ATCC 25618 / H37Rv),98.72,non-human,4.35157,3.39456,3.859825897027212,2.1,Decrease,2.2,Decrease,2.3933,3.873065,4.105697948513606,3.225785,3.275785,3.372435,3.627192948513606,2.74728,2.79728,2.89393,2.979912948513606,3.029912948513606,3.126562948513606,2.1500000000000004,2.24665,2.29665,3.868651965675737,3.2820433333333328,3.315376666666667,3.3798099999999995,3.437131965675737,3.4704652990090707,3.534898632342404,2.8838566666666665,2.94829,2.9816233333333333,3.118128632342404,3.151461965675737,3.215895299009071,2.564853333333333,2.6292866666666668,2.66262,2.719941965675737,2.7843752990090707,2.817708632342404,2.2311,3.4264889742568028,3.4514889742568027,3.499813974256803,3.0115324999999995,3.0598575,3.0848575,3.1278489742568025,3.1761739742568027,3.201173974256803,2.7612175,2.888596474256804,2.936921474256803,2.961921474256803,2.521965,2.638281474256803,3.0498759828378685,3.1811911794054426,F,345,A,False
103,Q06525,C264D,2.54,298.15,5.7,Fluorescence,Urea,destabilizing,H,10.1016/j.redox.2017.10.022,URN1,Saccharomyces cerevisiae (strain ATCC 204508 / S288c),91.63,non-human,2.74604,3.73503,1.1857987230358362,1.5,Decrease,1.6,Decrease,1.7769,3.240535,1.965919361517918,2.12302,2.17302,2.26147,2.460414361517918,2.617515,2.667515,2.755965,1.342899361517918,1.3928993615179182,1.481349361517918,1.55,1.63845,1.68845,2.5556229076786123,2.6603566666666665,2.69369,2.7526566666666668,1.810612907678612,1.8439462410119447,1.902912907678612,1.94868,2.0076466666666666,2.04098,2.140276241011945,2.1736095743452784,2.232576241011945,2.2783433333333334,2.33731,2.370643333333333,1.4285995743452788,1.4875662410119457,1.520899574345279,1.6256333333333333,2.291717180758959,2.316717180758959,2.360942180758959,2.3952675,2.4394925,2.4644925,1.757959680758959,1.802184680758959,1.827184680758959,1.905735,2.005207180758959,2.049432180758959,2.0744321807589587,2.1529825,1.5156746807589592,2.0906281205059725,2.1533737446071672,C,264,D,False
105,Q12923,H1431Y,0.04,298.15,6.8,"NMR, Fluorescence",GdnHCl,destabilizing,H,10.1016/j.jmb.2006.08.076,PTPN13,Homo sapiens,88.36,human,-1.17242,-0.38231,0.0784523188469682,-0.0,Neutral,-0.2,Increase,-0.3183,-0.777365,-0.546983840576516,-0.58621,-0.68621,-0.74536,-0.1519288405765159,-0.191155,-0.291155,-0.350305,0.0392261594234841,-0.0607738405765159,-0.1199238405765159,-0.1,-0.15915,-0.25915,-0.4920925603843439,-0.5182433333333333,-0.5849099999999999,-0.6243433333333334,-0.3646558937176773,-0.4313225603843439,-0.4707558937176773,-0.4574733333333333,-0.4969066666666666,-0.5635733333333334,-0.1012858937176772,-0.1679525603843439,-0.2073858937176772,-0.1941033333333333,-0.2335366666666666,-0.3002033333333333,-0.0405158937176772,-0.0799492270510106,-0.1466158937176772,-0.1727666666666666,-0.3690694202882579,-0.4190694202882579,-0.4486444202882579,-0.4386825,-0.4682575,-0.5182575,-0.3234919202882579,-0.353066920288258,-0.4030669202882579,-0.42268,-0.1259644202882579,-0.1555394202882579,-0.2055394202882579,-0.2251525,-0.1099619202882579,-0.3324296135255053,-0.3352555362306063,H,1431,Y,False
106,Q12923,I1380F,-0.91,298.15,6.8,"NMR, Fluorescence",GdnHCl,stabilizing,E,10.1016/j.jmb.2006.08.076,PTPN13,Homo sapiens,91.01,human,5.03624,3.87891,2.003517449290689,-0.1,Increase,-0.1,Increase,1.071,4.457575,3.519878724645345,2.4681200000000003,2.4681200000000003,3.05362,2.9412137246453445,1.889455,1.889455,2.474955,0.9517587246453444,0.9517587246453444,1.5372587246453446,-0.1,0.4855,0.4855,3.6395558164302297,2.938383333333334,2.938383333333334,3.3287166666666668,2.313252483096897,2.313252483096897,2.70358581643023,1.6120800000000004,2.0024133333333336,2.0024133333333336,1.9274758164302297,1.9274758164302297,2.317809149763563,1.2263033333333333,1.6166366666666665,1.6166366666666665,0.6011724830968963,0.9915058164302296,0.9915058164302296,0.2903333333333333,2.7046668623226724,2.7046668623226724,2.997416862322672,2.1787875000000003,2.4715375,2.4715375,1.7099393623226726,2.0026893623226725,2.0026893623226725,1.4768100000000002,1.4206068623226724,1.7133568623226725,1.7133568623226725,1.1874775,0.7186293623226723,1.964944574881781,2.143733489858138,I,1380,F,False
107,Q15059,H395R,-2.03,283.15,7.5,"CD, Fluorescence",Urea,destabilizing,H,10.1371/journal.pone.0159180,BRD3,Homo sapiens,96.49,human,-0.15636,2.52925,0.0904703997213185,0.2,Decrease,0.0,Neutral,1.1679,1.1864450000000002,-0.0329448001393407,0.02182,-0.07818,0.5057699999999999,1.3098601998606594,1.3646250000000002,1.264625,1.848575,0.1452351998606592,0.0452351998606592,0.6291851998606592,0.1,0.68395,0.58395,0.8211201332404396,0.8576300000000002,0.7909633333333335,1.1802633333333334,0.0447034665737728,-0.0219632000928938,0.3673367999071061,0.0145466666666666,0.4038466666666666,0.33718,0.9399067999071063,0.8732401332404396,1.2625401332404396,0.9097500000000002,1.29905,1.2323833333333334,0.0968234665737728,0.4861234665737728,0.4194567999071061,0.4559666666666666,0.6658400999303298,0.6158400999303297,0.9078150999303296,0.6432225000000001,0.9351975,0.8851975000000001,0.0335275999303296,0.3255025999303296,0.2755025999303296,0.3028849999999999,0.7049300999303297,0.9969050999303296,0.9469050999303296,0.9742875,0.3645925999303296,0.6385433999535531,0.5326720799442638,H,395,R,False
108,Q15561,Y429H,2.99,298.0,7.4,ITC,Unavailable,destabilizing,E,10.1111/febs.14817,TEAD4,Homo sapiens,97.31,human,3.01071,1.63129,2.149554997751844,0.8,Decrease,0.8,Decrease,1.1962,2.321,2.5801324988759218,1.905355,1.905355,2.103455,1.890422498875922,1.215645,1.215645,1.413745,1.474777498875922,1.474777498875922,1.672877498875922,0.8,0.9981,0.9981,2.263851665917281,1.814,1.814,1.9460666666666664,1.9867549992506144,1.9867549992506144,2.1188216659172814,1.5369033333333333,1.66897,1.66897,1.526948332583948,1.526948332583948,1.659014999250615,1.0770966666666666,1.2091633333333334,1.2091633333333334,1.2498516659172811,1.381918332583948,1.381918332583948,0.9320666666666666,1.8978887494379608,1.8978887494379608,1.996938749437961,1.5604999999999998,1.65955,1.65955,1.6900662494379608,1.7891162494379609,1.7891162494379609,1.4517275,1.3452112494379609,1.444261249437961,1.444261249437961,1.1068725,1.236438749437961,1.5979591662919737,1.6783109995503689,Y,429,H,False
109,Q15562,Y442H,3.23,298.0,7.4,ITC,Unavailable,destabilizing,E,10.1111/febs.14817,TEAD2,Homo sapiens,94.62,human,3.16685,1.56361,1.942188447596455,0.8,Decrease,0.8,Decrease,1.2494,2.36523,2.5545192237982275,1.983425,1.983425,2.208125,1.7528992237982275,1.181805,1.181805,1.406505,1.3710942237982275,1.3710942237982275,1.5957942237982277,0.8,1.0247000000000002,1.0247000000000002,2.2242161491988184,1.8434866666666665,1.8434866666666665,1.9932866666666669,1.9696794825321515,1.9696794825321515,2.119479482532152,1.58895,1.7387500000000002,1.7387500000000002,1.4352661491988183,1.4352661491988183,1.5850661491988185,1.054536666666667,1.2043366666666666,1.2043366666666666,1.1807294825321517,1.3305294825321516,1.3305294825321516,0.9498,1.8681621118991136,1.8681621118991136,1.9805121118991136,1.582615,1.6949649999999998,1.6949649999999998,1.6772596118991137,1.7896096118991136,1.7896096118991136,1.5040625,1.2764496118991138,1.3887996118991135,1.3887996118991135,1.1032525,1.1978971118991135,1.587008074599409,1.654529689519291,Y,442,H,False
112,Q15582,M619K,3.34,298.15,7.4,"CD, DSF",Urea,destabilizing,E,10.1016/j.jmb.2018.03.001,TGFBI,Homo sapiens,97.21,human,4.92225,4.87007,2.893302818061422,1.0,Decrease,1.1,Decrease,2.0547,4.89616,3.907776409030711,2.961125,3.011125,3.488475,3.881686409030711,2.935035,2.985035,3.4623850000000003,1.946651409030711,1.996651409030711,2.474001409030711,1.05,1.52735,1.57735,4.228540939353807,3.59744,3.630773333333333,3.949006666666667,2.938517606020474,2.971850939353807,3.2900842726871407,2.34075,2.658983333333333,2.6923166666666667,2.9211242726871407,2.954457606020474,3.2726909393538075,2.3233566666666667,2.6415900000000003,2.674923333333333,1.6644342726871406,1.982667606020474,2.016000939353807,1.3849,3.4214057045153554,3.446405704515356,3.685080704515356,2.97308,3.211755,3.236755,2.478888204515356,2.7175632045153555,2.7425632045153554,2.2692375,2.465843204515356,2.7045182045153555,2.7295182045153554,2.2561925,1.7620007045153554,2.8067204696769035,2.9571245636122843,M,619,K,False
114,Q15582,R555W,-1.79,298.15,7.4,"CD, DSF",Urea,stabilizing,H,10.1016/j.jmb.2018.03.001,TGFBI,Homo sapiens,88.45,human,0.3449,-0.53027,0.1262469787623621,-0.3,Increase,-0.3,Increase,0.1254,-0.092685,0.235573489381181,0.0224499999999999,0.0224499999999999,0.23515,-0.2020115106188189,-0.415135,-0.415135,-0.202435,-0.0868765106188189,-0.0868765106188189,0.125823489381181,-0.3,-0.0872999999999999,-0.0872999999999999,-0.0197076737458793,-0.16179,-0.16179,-0.01999,0.0570489929207873,0.0570489929207873,0.1988489929207873,-0.0850333333333333,0.0567666666666666,0.0567666666666666,-0.2346743404125459,-0.2346743404125459,-0.0928743404125459,-0.3767566666666667,-0.2349566666666667,-0.2349566666666667,-0.1579176737458792,-0.0161176737458792,-0.0161176737458792,-0.1581999999999999,-0.0897807553094094,-0.0897807553094094,0.0165692446905905,-0.1963425,-0.0899925,-0.0899925,-0.0322132553094094,0.0741367446905905,0.0741367446905905,-0.0324249999999999,-0.2510057553094095,-0.1446557553094095,-0.1446557553094095,-0.2512175,-0.0870882553094094,-0.0889538368729396,-0.1318246042475276,R,555,W,False
115,Q16595,L203C,-1.0,298.15,7.0,fluorescence,Urea,stabilizing,T,10.1038/s41598-020-57572-z,FXN,Homo sapiens,92.4,human,2.85154,1.76497,2.957822752983545,0.2,Decrease,0.3,Decrease,1.2875,2.308255,2.9046813764917725,1.52577,1.57577,2.06952,2.3613963764917725,0.982485,1.032485,1.526235,1.5789113764917726,1.6289113764917724,2.1226613764917728,0.25,0.74375,0.7937500000000001,2.524777584327848,1.6055033333333333,1.6388366666666665,1.968003333333333,2.0031209176611817,2.036454250994515,2.365620917661182,1.11718,1.446346666666667,1.47968,1.6409309176611817,1.674264250994515,2.003430917661182,0.7549899999999999,1.0841566666666669,1.11749,1.1526075843278485,1.4817742509945149,1.515107584327848,0.5958333333333333,1.9435831882458865,1.9685831882458864,2.2154581882458864,1.2791275,1.5260025000000002,1.5510025,1.5773406882458862,1.8242156882458864,1.849215688245886,1.15976,1.3056981882458862,1.5525731882458862,1.577573188245886,0.8881175,1.1863306882458864,1.560305458830591,1.6148665505967092,L,203,C,False
116,Q16595,S181F,2.6,293.15,8.0,CD,Urea,destabilizing,H,10.1002/humu.23789,FXN,Homo sapiens,97.3,human,1.8854,1.56429,0.995541163505482,-0.1,Increase,-1.3,Increase,0.9974,1.724845,1.440470581752741,0.8926999999999999,0.2926999999999999,1.4414,1.279915581752741,0.7321449999999999,0.1321449999999999,1.280845,0.447770581752741,-0.152229418247259,0.9964705817527412,-0.7000000000000001,0.4487,-0.1513,1.4817437211684938,1.1165633333333334,0.7165633333333332,1.4823633333333337,0.9269803878351608,0.5269803878351607,1.2927803878351607,0.1617999999999999,0.9276,0.5276,0.819943721168494,0.419943721168494,1.185743721168494,0.0547633333333332,0.8205633333333333,0.4205633333333332,-0.1348196121648393,0.6309803878351606,0.2309803878351606,-0.1342,1.0863077908763703,0.7863077908763705,1.3606577908763704,0.5124225,1.0867725,0.7867724999999999,0.3702352908763704,0.9445852908763704,0.6445852908763705,0.3706999999999999,0.2899577908763704,0.8643077908763704,0.5643077908763705,0.2904224999999999,0.1482352908763705,0.673771860584247,0.6090462327010965,S,181,F,False
118,Q16595,I154F,-0.096,298.15,7.0,CD,GdnHCl,stabilizing,E,10.1042/BJ20060345,FXN,Homo sapiens,98.04,human,9.1719,3.42959,1.908351307247496,2.1,Decrease,1.3,Decrease,1.952,6.300745000000001,5.540125653623749,5.63595,5.235950000000001,5.56195,2.668970653623748,2.7647950000000003,2.364795,2.690795,2.004175653623748,1.604175653623748,1.930175653623748,1.7000000000000002,2.026,1.626,4.8366137690825,4.900496666666667,4.633830000000001,4.851163333333334,4.393417102415833,4.126750435749166,4.344083769082499,4.190633333333333,4.407966666666667,4.1413,2.4793137690824985,2.212647102415832,2.429980435749165,2.27653,2.493863333333333,2.2271966666666665,1.7694504357491654,1.9867837690824988,1.7201171024158322,1.784,4.152460326811875,3.9524603268118734,4.115460326811874,4.0003725,4.1633725,3.9633725000000006,3.6200628268118735,3.783062826811874,3.5830628268118745,3.630975,2.184485326811874,2.347485326811874,2.147485326811874,2.1953975000000003,1.815087826811874,3.31030688454125,3.5819682614495,I,154,F,False
119,Q16595,W155R,0.693,298.15,7.0,CD,GdnHCl,destabilizing,E,10.1042/BJ20060345,FXN,Homo sapiens,98.33,human,1.54367,1.97245,3.893126651003364,7.2,Decrease,4.3,Decrease,0.9961,1.75806,2.718398325501682,4.371835,2.921835,1.269885,2.932788325501682,4.586225,3.136225,1.484275,5.546563325501682,4.096563325501682,2.444613325501682,5.75,4.09805,2.64805,2.4697488836677883,3.57204,2.605373333333333,1.5040733333333334,4.212265550334455,3.245598883667788,2.1442988836677883,4.34789,3.24659,2.279923333333333,4.355192217001122,3.3885255503344545,2.2872255503344547,4.4908166666666665,3.3895166666666667,2.42285,5.131042217001121,4.029742217001122,3.063075550334455,4.165366666666666,3.652311662750841,2.9273116627508413,2.101336662750841,3.75403,2.928055,2.203055,4.2341991627508415,3.4082241627508414,2.683224162750841,3.5099425,4.3413941627508414,3.5154191627508413,2.790419162750841,3.6171375,4.0973066627508405,3.317557775167227,3.781849330200673,W,155,R,False
120,Q7KIF2,E64D,1.162,315.15,6.5,CD,Thermal,destabilizing,H,10.1042/BJ20061253,GST1,Anopheles cracens,98.88,non-human,-0.69363,-0.24218,0.2444807634328988,0.2,Decrease,0.2,Decrease,0.1036,-0.467905,-0.2245746182835505,-0.2468149999999999,-0.2468149999999999,-0.2950149999999999,0.0011503817164493,-0.0210899999999999,-0.0210899999999999,-0.06929,0.2222403817164494,0.2222403817164494,0.1740403817164494,0.2,0.1518,0.1518,-0.2304430788557004,-0.24527,-0.24527,-0.2774033333333333,-0.083049745522367,-0.083049745522367,-0.1151830788557003,-0.0978766666666666,-0.13001,-0.13001,0.0674335878109662,0.0674335878109662,0.0353002544776329,0.0526066666666666,0.0204733333333333,0.0204733333333333,0.2148269211442996,0.1826935878109662,0.1826935878109662,0.1678666666666667,-0.1228323091417753,-0.1228323091417753,-0.1469323091417753,-0.1339525,-0.1580525,-0.1580525,-0.0122873091417752,-0.0363873091417752,-0.0363873091417752,-0.0475074999999999,0.1005751908582247,0.0764751908582247,0.0764751908582247,0.065355,0.1870201908582247,-0.0312882060945168,-0.0582658473134202,E,64,D,False
121,Q7KIF2,E64N,2.3040000000000003,315.15,6.5,CD,Thermal,destabilizing,H,10.1042/BJ20061253,GST1,Anopheles cracens,98.88,non-human,2.5728,-0.2932,0.1617418582669189,0.4,Decrease,0.2,Decrease,0.818,1.1398,1.3672709291334595,1.4864,1.3864,1.6954,-0.0657290708665405,0.0534,-0.0466,0.2623999999999999,0.2808709291334594,0.1808709291334594,0.4898709291334594,0.3,0.609,0.509,0.8137806194223063,0.8931999999999999,0.8265333333333333,1.0325333333333333,1.044847286088973,0.9781806194223064,1.1841806194223063,1.0576,1.2636,1.1969333333333334,0.0895139527556396,0.0228472860889729,0.2288472860889729,0.1022666666666666,0.3082666666666666,0.2415999999999999,0.2539139527556396,0.4599139527556397,0.3932472860889729,0.4726666666666667,0.7103354645667297,0.6603354645667298,0.8148354645667297,0.7199,0.8744,0.8244,0.8336354645667298,0.9881354645667296,0.9381354645667298,0.9977,0.1171354645667297,0.2716354645667297,0.2216354645667297,0.2812,0.3949354645667297,0.6432236430444865,0.6082683716533838,E,64,N,False
122,Q7KIF2,E64Q,2.302,315.15,6.5,CD,Thermal,destabilizing,H,10.1042/BJ20061253,GST1,Anopheles cracens,98.88,non-human,3.12234,-0.22653,0.2917760688080922,-0.2,Increase,-0.3,Increase,0.6093,1.447905,1.707058034404046,1.46117,1.41117,1.86582,0.0326230344040461,-0.213265,-0.2632649999999999,0.1913849999999999,0.045888034404046,-0.0041119655959538,0.450538034404046,-0.25,0.2046499999999999,0.1546499999999999,1.0625286896026973,0.8986033333333333,0.8652700000000001,1.16837,1.0713720229360306,1.0380386896026974,1.341138689602697,0.8741133333333333,1.1772133333333332,1.14388,-0.0449179770639692,-0.0782513103973026,0.2248486896026974,-0.2421766666666666,0.0609233333333333,0.02759,-0.0694079770639692,0.2336920229360307,0.2003586896026974,0.0364333333333333,0.746896517202023,0.7218965172020231,0.9492215172020232,0.5989525,0.8262775,0.8012775000000001,0.728529017202023,0.9558540172020228,0.930854017202023,0.8079099999999999,-0.1086884827979769,0.118636517202023,0.093636517202023,-0.0293075,0.100269017202023,0.5494810114680154,0.5375172137616184,E,64,Q,False
123,Q8XDZ4,F138I,1.81,298.15,7.4,CD,Thermal,destabilizing,H,10.7554/eLife.01584,SPY,Escherichia coli O157:H7,95.31,non-human,2.55313,5.10204,2.438313752587191,0.9,Decrease,0.6,Decrease,0.4248,3.827585,2.4957218762935955,1.726565,1.576565,1.488965,3.770176876293595,3.00102,2.85102,2.76342,1.6691568762935955,1.5191568762935956,1.4315568762935955,0.75,0.6624,0.5124,3.3644945841957306,2.8517233333333336,2.751723333333333,2.6933233333333333,1.9638145841957304,1.8638145841957303,1.8054145841957303,1.3510433333333332,1.2926433333333331,1.1926433333333333,2.813451250862397,2.7134512508623967,2.655051250862397,2.20068,2.14228,2.04228,1.312771250862397,1.254371250862397,1.1543712508623971,0.6416000000000001,2.748370938146798,2.673370938146798,2.6295709381467978,2.2887925,2.2449925,2.1699925,1.6228609381467978,1.579060938146798,1.5040609381467978,1.1194825,2.2600884381467976,2.216288438146797,2.1412884381467974,1.75671,1.0907784381467978,2.003047292097865,2.3186967505174385,F,138,I,False
124,Q8XDZ4,F138L,1.64,298.15,7.4,CD,Thermal,destabilizing,H,10.7554/eLife.01584,SPY,Escherichia coli O157:H7,95.31,non-human,1.5054,2.62347,1.5022655183394622,0.3,Decrease,0.2,Decrease,-0.0678,2.064435,1.5038327591697311,0.9027,0.8527,0.7188,2.062867759169732,1.461735,1.4117350000000002,1.277835,0.9011327591697312,0.8511327591697311,0.7172327591697311,0.25,0.1161,0.0661,1.8770451727798207,1.47629,1.4429566666666669,1.35369,1.1025551727798206,1.0692218394464874,0.9799551727798208,0.6684666666666668,0.5792,0.5458666666666666,1.4752451727798208,1.4419118394464876,1.3526451727798208,1.0411566666666667,0.95189,0.9185566666666668,0.6674218394464875,0.5781551727798208,0.5448218394464873,0.1440666666666666,1.4827838795848656,1.4577838795848657,1.3908338795848656,1.1572175,1.0902675,1.0652675,0.8769163795848656,0.8099663795848655,0.7849663795848656,0.4844,1.1564338795848657,1.0894838795848656,1.0644838795848657,0.7639175,0.4836163795848656,1.0105559197232437,1.2262271036678924,F,138,L,False
125,Q8XDZ4,H119L,0.58,298.15,7.4,CD,Thermal,destabilizing,H,10.7554/eLife.01584,SPY,Escherichia coli O157:H7,91.49,non-human,-1.5513,-0.12449,-0.0921448645165107,-0.0,Neutral,-0.5,Increase,-0.3375,-0.837895,-0.8217224322582553,-0.77565,-1.02565,-0.9444,-0.1083174322582553,-0.062245,-0.312245,-0.230995,-0.0460724322582553,-0.2960724322582553,-0.2148224322582553,-0.25,-0.16875,-0.41875,-0.5893116215055035,-0.5585966666666666,-0.7252633333333334,-0.6710966666666667,-0.5478149548388368,-0.7144816215055035,-0.6603149548388368,-0.6837666666666666,-0.6295999999999999,-0.7962666666666666,-0.0722116215055035,-0.2388782881721702,-0.1847116215055035,-0.2081633333333333,-0.1539966666666666,-0.3206633333333333,-0.1973816215055035,-0.1432149548388369,-0.3098816215055036,-0.2791666666666667,-0.4419837161291276,-0.5669837161291276,-0.5263587161291277,-0.5439475,-0.5033225,-0.6283225,-0.5358612161291276,-0.4952362161291276,-0.6202362161291276,-0.5972,-0.1791587161291276,-0.1385337161291276,-0.2635337161291277,-0.2404975,-0.2324112161291276,-0.434239144086085,-0.4535869729033021,H,119,L,False
127,Q8XDZ4,Q123L,2.0,298.15,7.4,CD,Thermal,destabilizing,H,10.7554/eLife.01584,SPY,Escherichia coli O157:H7,93.88,non-human,-2.5997,-0.81667,-1.2382670516902132,-0.5,Increase,-0.6,Increase,-0.579,-1.7081849999999998,-1.9189835258451065,-1.54985,-1.59985,-1.58935,-1.0274685258451066,-0.658335,-0.7083349999999999,-0.697835,-0.8691335258451066,-0.9191335258451064,-0.9086335258451066,-0.55,-0.5395,-0.5894999999999999,-1.5515456838967376,-1.3054566666666665,-1.3387899999999997,-1.3317899999999998,-1.445989017230071,-1.479322350563404,-1.4723223505634042,-1.2332333333333334,-1.2262333333333333,-1.2595666666666665,-0.8516456838967378,-0.8849790172300711,-0.8779790172300711,-0.63889,-0.63189,-0.6652233333333333,-0.7794223505634044,-0.7724223505634044,-0.8057556838967376,-0.5596666666666666,-1.2886592629225533,-1.3136592629225532,-1.3084092629225532,-1.1290924999999998,-1.1238425,-1.1488424999999998,-1.2344917629225531,-1.2292417629225532,-1.254241762922553,-1.069675,-0.7887342629225533,-0.7834842629225534,-0.8084842629225533,-0.6239174999999999,-0.7293167629225532,-1.055606175281702,-1.1509274103380425,Q,123,L,False
129,Q99728,R658C,2.3,283.15,7.5,Fluorescence,GdnHCl,destabilizing,H,10.1080/07391102.2015.1082149,BARD1,Homo sapiens,95.0,human,1.12173,1.2466,1.664946335578806,0.4,Decrease,0.1,Decrease,1.4502,1.184165,1.3933381677894028,0.7608649999999999,0.610865,1.285965,1.455773167789403,0.8232999999999999,0.6733,1.3483999999999998,1.032473167789403,0.882473167789403,1.557573167789403,0.25,0.9251,0.7751,1.3444254451929352,0.9227766666666666,0.8227766666666666,1.272843333333333,1.0622254451929352,0.9622254451929352,1.4122921118596017,0.5405766666666666,0.9906433333333332,0.8906433333333332,1.1038487785262687,1.0038487785262686,1.4539154451929353,0.5821999999999999,1.0322666666666669,0.9322666666666668,0.7216487785262687,1.1717154451929357,1.0717154451929354,0.6500666666666667,1.1083190838947017,1.0333190838947013,1.3708690838947013,0.7170825,1.0546325,0.9796325,0.8216690838947014,1.1592190838947014,1.0842190838947017,0.7679825,0.8528865838947015,1.1904365838947015,1.1154365838947016,0.7991999999999999,0.9037865838947016,0.9972460559298008,0.906655267115761,R,658,C,False
130,Q9EYL5,E114Q,-1.369,298.15,7.0,CD,Thermal,stabilizing,T,10.1074/jbc.M707838200,DSBA,Staphylococcus aureus,96.25,non-human,-0.19391,-0.38435,0.3643529468948986,-0.3,Increase,-0.3,Increase,0.4484,-0.28913,0.0852214734474493,-0.2469549999999999,-0.2469549999999999,0.127245,-0.0099985265525507,-0.342175,-0.342175,0.032025,0.0321764734474493,0.0321764734474493,0.4063764734474493,-0.3,0.0742,0.0742,-0.0713023510350338,-0.2927533333333333,-0.2927533333333333,-0.0432866666666666,-0.0431856843683671,-0.0431856843683671,0.2062809822982995,-0.2646366666666666,-0.0151699999999999,-0.0151699999999999,-0.1066656843683671,-0.1066656843683671,0.1428009822982995,-0.3281166666666666,-0.07865,-0.07865,-0.0785490177017004,0.1709176489649662,0.1709176489649662,-0.0505333333333333,-0.1284767632762753,-0.1284767632762753,0.0586232367237246,-0.294565,-0.107465,-0.107465,-0.1073892632762753,0.0797107367237246,0.0797107367237246,-0.0863774999999999,-0.1549992632762753,0.0321007367237246,0.0321007367237246,-0.1339875,0.0531882367237246,-0.0609178421841835,-0.1627814106210202,E,114,Q,False
131,Q9EYL5,T171V,1.137,298.15,7.0,CD,Thermal,destabilizing,S,10.1074/jbc.M707838200,DSBA,Staphylococcus aureus,96.88,non-human,-0.97262,-1.08299,-0.7929877465612684,-0.2,Increase,-0.7,Increase,-0.2745,-1.027805,-0.8828038732806343,-0.58631,-0.83631,-0.62356,-0.937988873280634,-0.6414949999999999,-0.8914949999999999,-0.6787449999999999,-0.4964938732806342,-0.7464938732806341,-0.5337438732806342,-0.4499999999999999,-0.23725,-0.4872499999999999,-0.9495325821870894,-0.7518699999999999,-0.9185366666666668,-0.7767033333333333,-0.6552025821870895,-0.8218692488537561,-0.6800359155204229,-0.6242066666666667,-0.4823733333333333,-0.64904,-0.6919925821870895,-0.858659248853756,-0.7168259155204227,-0.6609966666666666,-0.5191633333333333,-0.68583,-0.5643292488537561,-0.4224959155204228,-0.5891625821870894,-0.3914999999999999,-0.7621494366403171,-0.887149436640317,-0.7807744366403171,-0.7389025,-0.6325275,-0.7575275,-0.6664019366403171,-0.5600269366403171,-0.6850269366403171,-0.53678,-0.693994436640317,-0.5876194366403171,-0.712619436640317,-0.5643724999999999,-0.4918719366403171,-0.6705162910935446,-0.7497195493122536,T,171,V,False
135,Q9UBU9,L293I,0.8,298.15,7.0,fluorescence,Urea,destabilizing,-,10.1039/c3cp54818j,NXF1,Homo sapiens,97.2,human,1.64429,1.81224,1.50911254108676,0.9,Decrease,0.7,Decrease,0.9308,1.728265,1.57670127054338,1.272145,1.172145,1.287545,1.6606762705433802,1.35612,1.25612,1.37152,1.20455627054338,1.10455627054338,1.21995627054338,0.8,0.9154,0.8153999999999999,1.655214180362253,1.452176666666667,1.38551,1.462443333333333,1.3511341803622534,1.2844675136955868,1.3614008470289198,1.08143,1.1583633333333334,1.0916966666666668,1.407117513695587,1.3404508470289205,1.417384180362253,1.1374133333333332,1.214346666666667,1.14768,1.03637084702892,1.1133041803622534,1.0466375136955868,0.8436,1.46641063527169,1.41641063527169,1.47411063527169,1.2641325,1.3218325,1.2718325,1.1883506352716902,1.24605063527169,1.19605063527169,1.0437725,1.2303381352716902,1.28803813527169,1.23803813527169,1.0857599999999998,1.00997813527169,1.2494070901811267,1.313128508217352,L,293,I,False
137,Q9UBU9,V287A,0.16,298.15,7.0,fluorescence,Urea,destabilizing,H,10.1039/c3cp54818j,NXF1,Homo sapiens,94.24,human,1.02694,1.04422,1.237080257603173,0.4,Decrease,0.5,Decrease,0.6072,1.03558,1.1320101288015865,0.71347,0.76347,0.81707,1.1406501288015864,0.72211,0.77211,0.8257099999999999,0.8185401288015866,0.8685401288015865,0.9221401288015864,0.45,0.5036,0.5536,1.102746752534391,0.8237199999999999,0.8570533333333333,0.8927866666666665,0.888006752534391,0.9213400858677244,0.9570734192010576,0.6423133333333334,0.6780466666666666,0.71138,0.893766752534391,0.9271000858677244,0.9628334192010576,0.6480733333333334,0.6838066666666668,0.71714,0.7123600858677244,0.7480934192010578,0.781426752534391,0.5024000000000001,0.9270600644007932,0.9520600644007932,0.9788600644007932,0.74279,0.76959,0.7945899999999999,0.7910050644007932,0.8178050644007933,0.8428050644007932,0.633535,0.7953250644007932,0.8221250644007931,0.8471250644007933,0.6378550000000001,0.6860700644007933,0.8025733762671954,0.8416480515206345,V,287,A,False
