WT residue type,chain ID,Residue #,G,A,V,L,I,M,F,W,P,S,T,C,Y,N,Q,D,E,K,R,H,s,y,p
L,A,19,0.18391,0.26508,0.53243,0.00021,0.38627,-0.53676,-0.66197,-0.36933,0.59142,0.11512,0.41677,0.00871,0.08808,0.50303,0.16066,0.5148,0.51589,-0.28491,-0.51856,0.639,0.66509,0.36931,0.69396
E,A,20,1.24187,0.17157,-0.17051,-0.49608,-0.15579,-0.40101,-1.27097,-0.14408,2.41998,0.43448,-0.05857,0.36379,-1.16091,-0.06577,0.35114,0.33473,-0.0047,-0.09333,0.17381,0.24135,0.67408,-1.64678,0.52488
T,A,21,0.51786,0.36677,-0.03931,-0.90384,-0.13663,-0.53157,-1.01776,-0.70223,0.72964,0.2864,0.00039,0.26009,-1.19007,0.30872,-0.33401,0.87348,0.1996,-0.75251,-0.34294,0.23253,0.28248,-0.97482,-0.01322
F,A,22,4.72957,3.58389,2.73523,1.15946,3.76927,0.71015,-0.01936,1.17152,4.87474,4.81895,4.31243,3.39518,0.07208,3.43457,4.25339,5.52305,5.49649,3.80918,2.03403,2.9196,8.44456,8.09155,10.09547
V,A,23,0.26736,0.11236,-0.0136,-0.62459,-0.05895,-0.52414,-0.60023,-0.32692,-0.66459,0.12533,0.37572,-0.10376,-0.45212,-0.49844,-0.33143,-0.02043,-0.06887,-0.49615,-0.37517,0.21014,-0.20792,-0.2185,0.15049
G,A,24,0.0,3.31794,6.46906,2.83722,5.99601,2.39256,2.50637,3.33134,7.42444,3.95576,5.54747,3.43051,2.47072,3.38093,2.48273,4.10327,3.17623,2.83081,2.61199,3.87474,3.81817,2.62885,6.91159
D,A,25,3.05498,1.24159,0.7499,1.81015,2.33723,1.65297,1.88824,7.82915,9.79632,1.05727,3.61151,1.68714,2.34172,2.36332,3.33185,0.00045,2.00636,4.37857,3.71296,1.48722,6.4305,3.37782,6.46235
Q,A,26,2.50979,0.90222,-1.23461,-1.54382,-1.76834,-1.70755,0.30686,1.30249,3.38799,1.33496,0.25228,0.68075,0.71387,1.41646,-0.03591,3.04378,1.34216,-2.53071,-0.71286,1.32998,3.53208,-0.10047,3.14872
V,A,27,5.46021,3.56698,-0.01566,2.19423,1.07553,2.44611,14.67604,24.12754,3.88532,4.96762,2.68124,2.73871,23.94716,4.12721,8.72881,5.89085,7.16333,6.27237,11.09368,11.67106,16.11872,33.05012,15.4282
L,A,28,5.68492,3.77333,2.03693,-0.0424,0.52345,-0.37486,-0.9155,5.47932,4.84501,5.29255,4.26803,3.45469,0.60059,4.5239,3.47896,5.7197,4.32745,3.59771,4.93565,2.9812,7.01504,8.68304,5.45204
E,A,29,2.26026,0.90344,-0.10391,-0.86268,-0.0679,-0.72156,6.62223,5.84116,3.50185,1.81204,0.70574,0.23114,6.9351,0.97563,0.05746,1.75149,0.0,-0.28968,0.23704,4.56601,1.05784,8.42948,1.68733
I,A,30,6.79252,5.02,1.40781,0.83767,-0.00576,0.45052,7.98982,6.71121,8.55408,6.12768,3.88262,4.2734,9.33827,5.18955,4.04434,6.85634,5.45226,4.49577,4.78736,6.58836,9.83022,25.62826,7.20543
V,A,31,2.11354,0.93394,0.00049,-0.27013,-0.24956,-0.41838,2.1163,0.57696,2.89465,1.26055,0.86968,0.46579,2.32634,0.23108,0.2078,1.4583,0.53202,-0.54226,-0.77068,1.4225,0.89272,0.88277,1.02639
P,A,32,4.57083,2.78478,0.86067,1.62194,1.45778,0.63675,6.64437,17.82108,-0.02422,3.87451,2.6958,2.94526,9.45633,4.01154,3.38406,6.27391,3.00496,3.26975,7.26634,7.4583,9.24361,33.13874,6.45786
S,A,33,0.36969,0.15468,0.12144,-0.67018,0.02961,-0.72255,-1.05091,-0.28884,0.24317,-0.00116,0.1509,0.16434,-0.92619,-0.09604,-0.40505,0.11889,-0.21466,-0.47997,-0.86909,-0.0175,-0.62303,-1.39499,0.06141
N,A,34,1.24489,1.65655,3.35577,2.13428,3.75475,1.91592,2.05323,2.6273,2.96383,0.35144,1.93847,1.96304,2.14577,-0.0003,2.31042,-2.27617,0.75451,2.41241,1.56195,2.59204,-0.63187,2.06486,0.51174
E,A,35,2.11438,1.21098,1.4513,0.46071,0.99424,0.2073,1.0212,0.31432,-0.60897,1.78429,1.60267,1.84631,1.07794,1.55272,0.72516,0.9084,-0.00651,0.89889,1.26046,1.68443,0.93112,0.26458,1.10586
E,A,36,1.36529,0.75457,1.20703,0.70077,0.73605,0.19455,-0.02812,0.39945,-0.24668,1.22832,1.2202,1.43142,-0.48507,1.2635,0.90839,0.39797,-0.04128,0.83027,1.0164,1.39506,-0.04902,0.34869,0.54947
Q,A,37,1.91067,0.38674,1.17943,-0.70177,0.96584,-0.38552,-1.48745,1.93581,0.34209,-0.11928,-0.76241,1.03744,-1.11554,1.48507,-0.05487,1.61653,0.22143,0.25299,-0.20264,0.72141,1.53802,0.09008,3.74152
I,A,38,3.79395,2.1902,0.50657,-0.27422,-0.001,1.06444,1.81093,2.02989,4.17299,3.0398,1.74463,2.68304,1.77801,2.89541,2.38641,4.21214,2.88593,1.03755,1.34973,2.86636,6.20777,1.75911,4.54018
K,A,39,1.34986,0.41277,0.64566,-0.12589,0.01716,-0.43712,-0.15941,-0.25695,3.81738,1.0726,1.25041,1.0425,-0.11236,0.23072,0.07201,0.70912,0.30391,-0.01042,0.18518,0.38335,0.79896,-0.13148,0.86571
N,A,40,1.22783,-0.25,1.16675,-1.1214,0.38698,-0.97664,-0.68839,-1.00475,2.98967,0.11267,0.7305,0.5013,-0.66989,-0.00196,-0.15617,1.00392,0.14733,-0.92484,-1.05961,0.13397,1.73758,-0.15062,3.763
L,A,41,6.0288,4.34818,1.85194,-0.00037,0.30865,-0.27207,4.29446,9.98583,8.07608,4.68761,3.13133,4.00269,6.75882,3.40343,3.59717,5.88795,4.94287,4.52197,6.22949,4.66027,8.3333,27.43284,8.09681
L,A,42,2.33873,1.37622,1.21346,-0.00029,0.45888,0.1571,0.03145,0.72299,4.55818,1.39787,1.01941,1.63521,0.40993,1.35129,0.8259,2.33692,1.36094,0.33989,-0.5823,0.82677,2.19792,1.00582,2.50372
Q,A,43,0.85194,0.0454,0.55302,-0.32696,-0.11195,-0.4164,-0.28703,-0.28409,3.044,0.06819,0.64104,0.66998,-0.22046,0.03231,-0.01065,0.66904,0.27576,-0.15012,-0.46207,0.08782,0.7553,-0.35384,0.76717
L,A,44,4.8753,3.1974,2.30135,-0.13369,1.89592,-0.12169,0.12723,0.23435,6.75459,3.61094,3.05911,3.12813,0.73456,2.79957,3.03357,4.79618,4.00117,3.04845,3.20823,2.71488,8.12373,1.3092,6.7859
E,A,45,1.33934,0.10063,1.09448,-1.30633,0.25316,-2.10799,-0.64862,-0.36956,5.0844,0.14962,2.15553,0.68589,-0.27405,0.5428,-0.77697,0.81875,-0.01881,-0.64946,-0.36499,0.47451,0.79259,1.54536,4.49738
A,A,46,-0.09029,0.0,1.2358,-0.24872,0.63742,-0.54498,-0.67008,-0.39693,2.77866,0.08959,1.5433,0.37114,-0.59992,-0.28925,0.01535,1.15441,0.48356,-0.66544,-1.34381,-1.07188,0.84302,-0.54899,2.42873
Q,A,47,1.69816,0.16566,1.82061,-0.90871,1.0551,-1.36161,-0.78127,-0.87223,4.55105,0.53796,2.57054,0.51599,-0.54956,0.00352,-0.01931,0.68017,0.705,-0.58227,-0.16651,-0.20469,1.23681,-0.45373,3.95298
E,A,48,0.53307,0.21827,0.35769,-0.44881,-0.15028,-0.25181,-0.643,-0.13841,-0.8371,0.63556,0.57618,0.66751,-0.34736,0.72333,0.09698,0.62999,-0.04272,-0.09661,-0.38504,0.81588,0.35928,-0.43452,0.09642
H,A,49,0.13306,-0.02354,-0.12542,-0.79714,-0.59703,-0.84717,-1.22856,-0.72338,-0.74448,0.1219,0.29359,-0.0767,-1.34979,0.15406,-0.17571,0.10104,-0.31873,-0.69413,-0.49645,-0.00519,0.20483,-1.27656,0.3251
L,A,50,2.92992,2.13486,1.88686,-0.07319,0.80967,-0.16707,0.12835,1.41091,2.79955,2.25025,1.86846,1.86073,0.25836,2.80752,2.22827,3.84405,3.08947,1.19358,1.51097,2.50201,5.05877,-0.10454,5.78762
Q,A,51,0.03585,0.3051,2.13731,0.60499,2.69811,0.45143,0.54335,0.67048,6.11926,0.11406,1.40151,0.41916,0.58734,-0.55048,-0.00447,0.34504,0.50179,0.09691,0.16979,0.14443,0.78114,0.73095,1.96564
L,A,52,5.48486,4.22422,2.2703,-0.01481,2.51248,-0.19338,-0.28824,9.42139,3.76106,5.51741,4.06735,3.65332,1.0541,3.72948,4.0124,6.44426,5.31366,5.23475,6.00868,3.14245,8.99538,9.96931,12.24769
D,A,53,4.80466,3.28841,2.74248,2.38403,2.91996,2.47741,1.61006,3.31758,6.15923,3.18976,2.89483,3.11428,2.29463,2.5472,1.45086,-0.01741,1.86554,2.82539,4.24329,4.77244,3.98124,2.56331,2.9485
F,A,54,5.44748,5.00569,4.18353,2.89449,3.87408,2.07558,-0.0074,0.92122,3.72925,4.64878,3.3507,4.41695,0.05121,4.01788,4.4642,5.4789,6.56941,4.20852,2.38054,3.98349,8.4731,10.6845,8.64481
W,A,55,7.55475,5.81639,7.55302,3.11107,7.7609,2.601,3.7531,-0.01899,6.90077,7.43343,7.09951,6.13304,5.78583,7.05463,6.1281,8.34118,6.64885,6.42187,6.01917,4.92691,10.58642,15.5957,13.59098
K,A,56,2.54835,1.66806,0.49682,-0.03989,0.05143,-0.31863,-0.45363,0.52709,5.34452,1.46052,1.09418,0.46446,0.38441,0.74249,0.97519,2.01264,2.11042,-0.03884,-0.40825,0.73908,3.74456,3.71725,5.25388
S,A,57,0.72039,-0.15975,-0.40817,-0.8852,-0.97235,-1.57366,-0.64571,0.33532,-2.21641,-3e-05,-0.09538,0.17509,-0.36755,-0.33249,-0.13684,-0.72527,-1.50256,0.4384,0.12161,0.20137,-0.48627,3.74221,2.87271
P,A,58,4.52309,2.37325,0.6649,2.81375,1.85992,3.56995,9.68675,23.3615,-0.00577,4.07056,2.57311,2.39335,10.58399,5.80843,5.10739,6.66427,6.08141,6.56258,11.40254,13.47378,11.94338,18.97398,13.5235
T,A,59,0.638,0.10362,0.65047,-0.20129,-1.32638,-1.52389,1.60182,3.10031,-1.27316,0.19374,-0.01809,0.15034,2.53262,0.91202,-0.0498,1.6958,1.57222,1.30248,0.39272,0.7495,5.12687,2.58522,6.58295
T,A,60,0.65551,0.3748,-0.1945,-0.44308,-0.52533,-0.63903,-0.49013,-0.26921,3.36865,0.33229,-0.00535,0.13728,-1.13955,0.02155,-0.24525,0.47276,0.06643,-0.95699,-1.72429,-0.13766,0.31956,-0.68967,-0.0242
P,A,61,2.39206,1.33722,2.58922,1.14046,2.55179,1.35818,1.60668,1.53333,-0.00678,2.22336,2.48157,1.90361,1.54431,2.0457,1.84083,1.55635,1.86372,0.99418,0.67259,1.94888,2.17298,1.53553,3.30304
G,A,62,0.0,3.00221,4.17084,2.99881,3.91485,2.73891,2.99897,2.97944,6.27182,3.34571,4.21537,2.98815,3.05485,3.00172,2.83933,3.34774,3.26491,2.86704,2.56774,3.32427,3.37752,2.79891,4.38494
E,A,63,0.75232,-0.05969,0.15351,-0.38256,-0.0059,-0.36606,0.02607,0.4647,0.86394,-0.63888,0.50453,0.12389,0.08646,-0.04605,0.02086,-1.31756,0.00051,-0.55759,-0.87605,0.70533,-0.39248,-0.14328,0.94332
T,A,64,0.57695,-0.38113,-0.42759,-0.53378,-0.21912,-0.9218,-0.75778,0.46554,-1.29558,0.51081,-9e-05,0.06954,-0.58722,0.55791,0.22344,1.33935,0.19945,-1.21021,-1.0124,0.36766,2.42137,-0.36108,1.49728
A,A,65,1.92809,0.0,-0.85257,1.11213,-0.70326,-0.97949,12.79744,17.85771,2.20855,0.16307,-0.76004,-0.83412,20.25628,2.38424,2.35393,5.75318,3.01074,6.46063,8.74843,13.2595,8.87906,44.73504,10.03612
H,A,66,4.04913,2.50855,1.73046,1.19532,1.18232,0.58327,0.02303,2.39422,3.59124,3.35199,2.85325,2.144,-0.20247,1.57556,3.01235,2.51816,2.49136,1.95101,1.97118,0.04646,4.70879,2.71436,6.46597
V,A,67,5.93241,3.75402,0.00045,1.82938,1.81756,-0.50934,9.61844,15.16868,5.42128,4.52632,2.19288,2.81462,15.80074,4.06974,2.98617,5.68347,4.30986,5.31711,6.56013,8.94701,9.24342,27.53258,7.80607
R,A,68,5.06911,3.41219,3.98473,-0.34196,3.31645,0.05378,8.73117,9.48779,10.26984,4.87631,4.04108,2.69173,8.65601,2.37658,2.05598,7.25334,6.89934,1.39044,-0.01125,7.32473,11.41214,16.49774,15.19962
V,A,69,6.17472,3.80123,-0.0111,0.99509,-0.73216,1.87929,7.0409,13.09798,7.48179,4.62455,2.93854,2.90259,10.5542,3.68382,5.00756,5.57064,5.3071,6.55808,8.6826,7.94567,10.54498,19.22658,9.20313
P,A,70,4.11183,2.95962,2.40525,2.58634,2.4354,2.35585,1.54791,3.55877,-0.00812,3.90674,3.468,3.62688,1.5167,3.50442,3.16796,4.32645,3.92247,2.71356,2.28699,2.80058,5.02247,3.46144,5.52555
F,A,71,0.84258,0.04842,0.56586,-0.05261,0.00459,-0.1608,0.0038,-0.1256,0.71889,0.9833,0.97832,0.93129,0.03115,0.17123,0.33516,0.90088,0.33024,0.04578,-0.0871,-0.02829,1.13282,-0.0433,2.64659
V,A,72,0.34293,0.02466,0.0,-0.30684,-0.33026,-1.04202,-0.24778,-0.26311,-0.48721,0.38241,0.23558,-0.05722,-0.17406,-0.07263,-0.73219,-0.07505,-0.23487,-0.67152,-0.60014,0.3037,0.18093,-0.22628,-0.25143
N,A,73,2.15144,1.56902,0.52058,0.18992,0.1701,0.16508,-0.28031,0.24781,3.87441,0.90782,0.03627,1.38079,-0.37145,-0.00383,1.24626,1.36084,1.63213,0.90572,1.01657,0.39742,3.10109,-0.30018,4.95445
V,A,74,2.4425,1.51828,-0.00093,-0.07515,-0.25158,0.84376,2.97653,3.16794,4.48738,2.00437,0.55758,1.73055,2.27875,1.39447,1.53061,1.4705,0.87255,1.69485,1.95062,3.47909,1.35576,1.69298,1.3521
Q,A,75,0.8595,0.30839,0.56786,0.09222,0.25488,-0.10584,-0.01455,-0.20515,-1.37343,0.68717,0.56312,0.69999,0.06273,0.50872,-0.00272,-0.8672,-0.75782,0.17383,0.4126,0.65291,-0.18791,-0.29135,-0.04341
A,A,76,0.70109,0.0,0.30726,-0.91172,-0.34172,-1.73746,-0.78243,-1.86324,-1.10462,0.41897,0.42086,0.47702,-0.60234,0.37216,-0.50986,-0.06344,-0.97287,-0.45369,-0.84576,-0.01897,0.13429,-0.80441,-0.03791
V,A,77,4.82938,2.89379,-0.00195,-1.04953,-1.36826,-0.3772,1.03597,7.27487,5.15457,3.49048,1.77403,2.54075,2.11042,2.77713,2.65678,4.57891,4.08467,3.50674,4.61159,1.41231,8.73794,8.12637,7.71941
K,A,78,2.3293,1.02075,1.2159,-0.83362,0.57155,-1.14249,1.14572,1.40893,3.72696,1.83373,1.7415,1.1231,2.83112,1.48987,0.48394,2.55495,1.31321,0.01381,0.07704,0.5755,3.71519,2.44732,4.40229
V,A,79,0.24381,-0.3689,0.0002,-0.56121,-0.63473,-0.80519,-0.11625,-0.14181,2.05311,-0.4717,-0.17959,0.31542,-0.0791,0.18464,-0.47726,0.16065,-0.31038,-0.49025,-0.36482,0.36628,0.14425,-0.18603,0.25705
F,A,80,4.50861,3.41694,3.23821,1.84197,2.29796,0.78777,-0.02299,-0.62098,6.5025,4.06519,3.79245,4.08809,0.97229,3.50774,3.54693,4.26264,3.61997,2.79443,2.60366,3.41127,4.4949,2.50618,4.27634
L,A,81,6.48601,4.45871,3.51939,-0.04645,2.31244,0.74347,3.93652,8.18551,9.23922,5.10037,3.19666,3.9867,3.84662,3.84778,4.30819,6.32843,5.3203,5.12767,6.79353,4.41678,9.03185,11.81616,9.68804
E,A,82,1.14476,0.6105,0.65599,0.02585,0.12233,-0.247,-0.14734,0.31723,3.80658,0.44379,0.83324,1.00435,0.10682,0.17126,0.15999,1.04519,-0.0232,0.01376,-0.03459,0.54017,-0.26527,0.35459,0.04029
S,A,83,0.88211,0.49721,2.00105,0.23022,1.33659,0.27427,0.64492,0.62802,3.30971,0.00071,0.74148,1.08272,0.48278,0.36291,0.62103,1.59044,1.21183,-0.01894,-0.04712,0.10134,1.39631,0.39764,2.6577
Q,A,84,1.84681,0.76221,0.51607,-0.58501,0.42865,-0.29782,1.34174,3.06337,2.77701,1.10369,0.74614,0.81353,1.53959,0.73071,-0.00462,1.94658,1.22067,-0.92138,-1.00613,1.12919,2.33872,1.35614,4.75172
G,A,85,0.0,2.11612,2.89712,1.85796,3.37062,2.00909,1.61872,1.92522,5.52108,1.68478,2.44386,2.04113,1.72881,1.24662,0.98607,1.65292,1.85966,0.35541,0.16595,1.62686,1.94917,1.79394,3.42595
I,A,86,6.55911,4.78134,1.36429,0.32041,0.00083,0.28176,9.85536,14.72222,10.0803,6.0008,3.6997,3.59299,12.38614,4.5818,3.81023,6.41866,6.24302,3.91923,6.44935,7.83755,10.02366,18.09892,8.43362
A,A,87,0.71802,0.0,0.65368,-0.06276,0.13285,-0.62223,-0.15158,-0.38958,-1.26395,-0.00194,0.13176,0.60667,0.00076,0.59402,-0.38947,0.45574,0.17551,-0.45703,-0.53969,0.57701,0.33718,-0.12631,0.69107
Y,A,88,4.94376,2.97051,2.78155,1.35248,1.95287,0.97843,0.32869,1.02437,5.1586,3.63528,2.83596,2.97958,-0.01901,3.57331,3.69352,5.16531,4.22558,2.80862,3.51959,2.48688,6.736,0.30339,10.06966
S,A,89,0.16986,0.13921,-0.22807,-0.93117,-0.7262,-1.04443,-0.36502,-0.64831,3.24129,-0.0,-0.22327,-0.16021,-0.27063,0.23212,-0.6294,0.51556,0.08812,-1.11581,-0.7801,0.28668,0.29765,-0.41459,-0.04603
I,A,90,2.32453,1.71122,0.51484,0.22123,-0.07293,0.91847,1.89649,2.17374,1.69474,2.16825,1.1724,0.78902,1.57638,0.88595,1.3244,1.76099,1.09762,1.01647,1.58611,1.05809,1.79108,1.72624,0.76224
M,A,91,2.47771,1.59563,1.76989,0.13538,1.93282,-0.01674,3.02402,7.31847,5.60072,2.17095,2.66294,1.99083,1.49104,1.22434,1.72954,3.77797,3.01582,0.75414,1.6621,2.89067,5.14699,2.73367,6.07197
I,A,92,5.16668,3.40432,1.27718,1.22791,-0.00323,0.33159,7.35433,5.48081,6.66568,3.99111,2.75446,2.99109,11.45196,2.88772,2.30994,4.34475,4.46405,3.38368,2.95244,8.64835,5.87805,21.1946,9.64632
E,A,93,1.30243,0.68208,0.92499,-0.06914,0.55072,-0.01065,0.22149,0.12383,-0.48056,1.05661,1.05817,1.21077,0.29482,1.12134,0.41264,1.05544,-0.0068,0.29708,0.59111,1.19731,0.81555,-0.13427,0.82569
D,A,94,3.51567,2.54106,2.60381,1.35302,2.1331,1.83301,2.40156,3.25363,2.87115,1.88097,1.68211,1.41056,2.47014,0.92535,2.12938,-0.00486,2.05332,1.52468,1.62086,2.86739,2.05246,1.31359,2.12996
V,A,95,3.89608,2.83914,-0.00155,0.03661,0.60459,1.25982,3.18547,14.89164,5.12049,3.86373,2.11339,2.65402,5.64347,2.80124,3.43678,3.64984,4.38457,5.40549,7.96097,3.18617,9.10588,13.88514,11.44484
Q,A,96,2.35024,1.47282,2.12424,0.98321,1.86804,0.14203,0.23255,-0.10486,5.86158,1.68684,3.01575,1.92192,0.58267,0.99669,-0.01611,1.93408,2.09474,1.29807,1.65038,1.59802,3.85512,0.58389,7.19853
V,A,97,0.00396,-0.58184,1e-05,-0.81249,-0.43432,-1.0587,-0.04205,0.03912,0.46771,-0.48077,-0.37896,0.07868,-0.01901,0.231,-0.25659,0.07371,-0.3006,-0.49178,-0.328,0.31207,0.23435,0.06467,0.9532
L,A,98,3.78426,2.31022,1.49642,-0.05704,0.79989,0.06619,0.69906,1.72028,2.23,2.43946,2.89884,2.35972,1.24342,2.63006,1.56209,3.16945,2.33915,2.14885,1.53093,2.39838,4.11915,0.40274,4.29614
L,A,99,4.28036,2.74104,0.92383,-0.04308,0.7611,0.81597,-0.98908,2.48022,5.54245,3.51751,2.42126,2.47837,-0.06873,3.1419,2.55167,4.53079,3.17043,2.78566,3.40128,2.2391,5.18726,2.73805,8.38203
D,A,100,1.16192,0.32657,0.60452,0.01278,0.02536,-0.05119,-0.52716,-0.23958,4.60716,0.54992,0.4837,1.01865,-0.34739,0.62959,0.35658,-0.00353,0.10165,0.33456,0.51132,1.09251,0.04694,0.5406,0.25893
K,A,101,1.08495,0.20337,0.74546,0.00628,0.23866,-0.87583,-0.62321,-0.9425,1.623,0.08456,0.83165,0.94436,-0.12647,0.24606,0.10322,0.782,0.26998,-0.00035,0.2446,0.36439,0.79746,-0.10676,0.97845
E,A,102,4.84924,3.39091,2.07845,0.31499,1.08634,1.25308,7.54512,11.65471,7.4837,4.86941,3.52233,3.8107,11.73458,3.56479,1.82273,3.61857,-0.21769,2.79626,3.60928,4.31566,4.43027,27.79786,5.49203
N,A,103,1.18091,0.24617,-0.00903,-1.08807,-1.05189,-1.93645,-1.71677,-1.3437,3.00602,0.4503,0.47071,0.76687,-1.11073,0.00277,0.22943,0.84536,0.30526,-0.44715,-0.33523,0.13172,0.86066,-0.48564,1.74084
E,A,104,1.00112,0.14374,0.85821,-0.41461,-0.12733,-0.41756,-0.10503,-0.12819,3.79166,0.52237,1.81956,0.94775,-0.01809,0.17463,0.22783,0.53483,-0.01664,-0.27534,-0.62538,0.04954,0.61994,-0.15445,1.53409
E,A,105,1.03217,0.09445,0.11654,-0.4297,-0.63976,-0.77183,-0.48716,-1.13335,2.22347,0.10852,0.12541,0.71551,-0.41351,-0.00724,-0.31104,0.39451,-0.00659,0.00078,0.19717,0.28885,0.5713,-0.83706,0.60993
M,A,106,3.00928,1.94382,1.52354,-0.14609,0.43774,0.00042,2.14477,2.7904,5.72991,2.4824,2.78947,2.40103,1.31995,2.79199,2.34546,3.81788,3.11942,2.05964,1.75419,3.10377,5.76936,3.1523,4.93311
L,A,107,1.16826,0.31245,1.20789,-0.00027,0.53577,-0.53375,0.2252,0.35724,2.60071,0.65135,1.36817,0.4914,0.25918,-0.53409,-0.11528,0.35093,0.16213,-0.2015,-0.35332,0.32675,0.11647,0.19097,2.04887
F,A,108,1.26896,0.19004,1.72501,-0.35574,0.98162,-0.36122,-7e-05,0.13692,3.29675,0.4492,1.99324,0.96611,-0.01187,-0.9158,0.27097,0.62138,0.48474,0.17777,-0.00452,0.50966,0.35379,0.16171,3.3634
N,A,109,2.47634,1.4109,0.79275,1.28242,0.23935,0.74953,0.38218,2.70188,5.48921,1.9766,1.85769,2.14442,1.2767,-0.03146,1.46779,2.39593,2.07672,1.97844,2.06749,2.29275,3.63125,1.964,3.87323
R,A,110,1.74004,0.78218,1.04935,-0.14173,0.20859,-0.37727,-2.00457,0.30584,3.12103,0.30089,0.91209,1.12696,-0.96021,0.34837,0.27772,2.35315,1.43629,0.06184,-0.08858,0.48607,2.61886,0.189,3.11593
R,A,111,1.07208,0.75211,1.66427,0.45649,0.82511,0.41637,0.45832,0.34378,2.27929,1.57685,1.86496,1.64333,0.69209,0.96551,1.09286,2.21252,1.61048,0.79912,-0.00173,0.21379,2.49217,0.63627,2.66247
R,A,112,1.91913,1.22735,1.56173,0.94095,1.06614,-0.01017,0.83146,0.44623,2.20974,1.1062,1.25504,1.4616,0.92117,0.51321,0.79614,1.79315,1.34607,0.83747,-0.0,0.95992,1.76005,0.60451,1.82541
E,A,113,1.21903,0.52897,1.02316,-0.84636,-0.09811,-1.04429,0.4077,0.31557,2.72468,0.31307,0.17353,0.51659,0.5829,1.42798,0.45985,1.80923,-0.07153,-0.06512,0.13726,1.52788,2.62063,-0.14924,3.7803
R,A,114,1.16299,0.70145,1.59029,0.66657,1.17006,0.4598,0.67189,0.69916,1.0877,0.75894,0.61547,0.68697,1.13355,0.95595,0.56255,1.42058,1.04035,0.49417,-0.04632,0.46033,1.435,0.52277,1.7687
S,A,115,-0.05312,0.08452,0.08541,-0.19353,-0.09876,-0.10805,-0.43293,-0.13647,2.63047,-0.00537,0.06468,-0.18378,-0.26841,-0.20931,-0.08119,-0.12936,0.30612,-0.13911,-0.28771,-0.06349,0.05561,-0.50621,0.22984
G,A,116,0.0,1.75576,1.11985,1.54081,0.45575,0.6596,0.28159,1.98654,5.95764,0.4563,0.98537,0.31418,0.35203,-0.46621,-0.30615,0.097,0.41335,-0.32955,-0.20687,0.05189,0.62629,0.28454,2.19067
N,A,117,-0.07962,-0.05893,0.45438,0.10628,0.4918,0.11942,-0.6874,0.26805,-0.46617,-0.07038,0.36786,0.08133,-0.1256,-0.00021,0.18726,0.22868,-0.14944,-0.02058,-0.89265,-0.01279,0.21412,0.09747,0.77595
F,A,118,4.65173,3.79325,3.618,2.09001,3.29832,1.39587,-0.00262,2.88923,2.88586,3.15763,2.31303,3.63934,1.10994,2.74161,3.93465,6.81043,6.48274,3.48893,1.71696,2.25963,9.26969,4.47933,9.22463
N,A,119,2.44058,1.98646,1.39797,0.93985,0.96828,1.17807,0.36402,2.00898,3.11689,2.49129,1.98667,1.96775,0.8921,-0.00524,1.41083,0.95367,1.71217,1.08042,1.0221,0.61896,2.2876,0.63873,3.02212
F,A,120,3.08259,2.48854,2.47284,-0.247,2.32763,-0.06277,0.00473,0.42155,1.6093,3.66099,2.88585,2.64431,-0.41295,2.9021,2.31475,3.88671,2.99656,1.49481,1.43551,2.7663,3.5827,1.98778,4.37542
G,A,121,0.0,0.0481,1.21616,-0.6668,0.89882,-0.06789,0.95956,1.04782,0.34649,0.81808,0.51723,0.2238,1.87826,-0.47933,-0.13416,-0.16312,0.26707,-0.08067,-0.41487,1.32137,0.60132,1.90988,1.29032
A,A,122,0.81145,0.0,0.92748,1.63377,1.04693,-0.15102,2.26371,6.8136,4.77747,0.17906,0.56878,0.43371,3.18878,1.9202,1.39713,2.42669,2.03698,1.18298,1.05699,2.84499,5.47317,2.0177,7.02241
Y,A,123,5.81816,4.43636,3.91501,1.95234,3.13609,1.70841,0.60241,3.52797,2.51878,5.58397,5.21194,4.38317,-0.03243,5.19469,3.86995,5.98753,5.12996,2.81296,4.44506,3.60441,8.73006,11.19997,9.26109
H,A,124,2.65495,1.77744,0.78603,-0.1578,0.45595,-0.53787,0.81891,4.41532,1.35697,1.77009,1.45494,1.2836,3.30988,2.38437,1.00274,4.46084,2.31235,-0.32695,-0.2162,-0.02131,6.64632,24.83232,7.12019
T,A,125,0.37811,0.43042,1.90756,0.3631,1.958,0.41129,-0.25776,0.28817,-0.22513,-0.38142,0.00023,1.11663,0.14423,-0.02797,1.26046,-0.16939,1.90732,1.13891,0.83539,0.8214,1.5527,-0.91006,3.59031
L,A,126,3.86017,2.51025,2.13712,-0.0213,0.90417,0.15782,-0.0443,-0.05525,-0.0427,3.62344,3.31609,2.78599,-0.1933,2.71324,1.96705,3.14545,2.50383,2.49818,2.2962,2.29293,4.38059,1.35961,4.63259
E,A,127,1.79487,1.16511,1.62199,1.10048,1.22711,0.88984,0.91494,0.34211,0.52208,1.53068,1.34323,2.12469,0.9561,1.75784,1.03863,0.6757,0.0,1.15458,1.24048,1.59483,1.09307,-0.45733,0.98355
E,A,128,1.9769,0.75159,1.32957,-0.12638,0.78211,-0.01459,0.05233,0.29122,1.45898,1.14888,0.49283,1.41213,0.72839,0.65861,-0.59064,0.23069,-0.01559,0.42458,-0.12973,1.26575,-0.06244,0.84426,0.99083
I,A,129,4.69604,2.9907,1.0663,-0.27393,-0.00256,-0.15275,1.96674,2.49988,6.48163,3.407,2.56412,3.0802,1.74806,3.35366,2.70304,4.3006,3.44137,2.87367,4.69262,3.76442,5.78955,13.9608,5.64016
S,A,130,0.84401,-0.0921,0.16962,-2.00041,-0.79336,-2.33158,-2.65839,-2.86534,3.71791,0.00151,-0.07378,0.27812,-1.33149,-0.38497,-0.47578,-0.35668,-0.72016,-0.53828,-0.21374,-1.3261,-0.38619,-1.45473,1.21019
Q,A,131,1.11234,0.28286,0.71647,0.06832,0.07987,-0.41757,-0.36154,-0.13438,3.11257,0.28375,0.78805,1.00399,-0.16807,0.58455,-0.00899,0.49575,0.42615,-0.34003,-0.42721,0.84278,0.79893,-0.14911,0.75433
E,A,132,3.1721,1.23063,0.98225,-2.04299,0.19844,-1.89971,0.66558,1.30145,5.55858,1.58857,2.69202,0.19639,2.10244,1.03643,0.04869,1.81449,-0.00488,0.06849,1.15734,2.6292,4.74957,4.61645,6.40205
M,A,133,4.51877,2.96145,2.02232,0.10328,0.89093,-0.00499,4.66806,3.86092,5.31614,3.6924,3.27228,3.01019,7.5388,3.24055,3.01842,4.58009,3.42212,2.23714,2.70248,3.82782,6.59455,17.92862,6.9747
D,A,134,0.24662,-0.61421,-0.31378,-0.87457,-0.91549,-1.23837,-0.73241,-1.03789,2.77643,0.03199,0.56005,0.20826,-0.65973,-0.01588,-0.97473,-0.02769,0.01186,-0.83939,-0.76242,-0.02502,0.11426,-0.71246,0.66921
N,A,135,1.01095,0.14977,0.86977,-0.35953,-0.28113,-0.08894,-0.03261,0.40021,4.42844,0.85855,1.63712,1.19314,0.13825,-0.00184,-0.00723,1.6314,1.03901,-0.04202,-0.47554,0.1731,2.37173,0.37914,2.3526
L,A,136,4.69714,2.944,1.18929,-0.13996,0.18122,-0.13597,1.88932,6.48048,6.72208,3.2177,2.89078,2.9939,3.74209,3.23523,3.07398,4.76096,3.49218,2.82436,3.58559,2.24271,6.22875,23.87726,5.17471
V,A,137,2.60446,1.44251,0.00103,0.82077,0.23112,0.87203,1.4864,1.82342,4.26835,1.72494,0.37301,1.36156,1.517,1.87579,1.46909,3.27422,1.87653,1.06232,1.37188,1.60848,3.22682,1.587,3.96854
A,A,138,0.7825,0.0,0.54913,-0.22543,0.08619,-0.30738,0.14087,0.13069,3.42709,0.08098,0.72896,0.73846,0.15543,0.10659,-0.3173,1.10286,0.65131,-0.2789,-0.42191,-0.11653,1.17589,0.35124,1.57222
E,A,139,0.45407,-0.06033,0.76249,-0.79891,0.06207,-0.90417,-0.80204,-0.5824,2.24088,-0.30385,0.39525,-0.1101,-0.71829,-0.50123,-0.20655,0.32284,-0.01573,-0.82781,-0.97092,-0.74559,0.28181,-0.50425,1.40089
H,A,140,3.60549,2.91595,1.80056,1.38451,1.74947,0.88457,0.32764,0.39128,6.55346,3.50413,2.51267,2.80639,0.74655,2.25017,1.87806,4.54559,3.64907,0.72173,0.21769,-0.00219,5.65343,1.61789,8.0961
P,A,141,1.71182,1.54432,1.88437,1.31716,1.70087,1.30529,1.0901,1.32152,-0.00289,1.31871,1.74884,1.44543,1.10202,1.47772,1.0991,2.07091,1.77641,0.31868,0.00445,1.06391,2.19735,1.78745,2.63494
G,A,142,0.0,-0.05089,-0.14159,-0.76177,-0.80249,-1.42911,-1.62914,-2.08685,0.205,-0.18239,-0.01737,-0.35236,-1.52008,-0.32054,-0.4085,-0.06771,-0.23784,-0.87485,-0.75493,-0.61394,-0.09523,-1.57738,0.2495
L,A,143,4.96279,4.30839,2.57761,-0.00109,1.95427,0.85687,2.59976,3.18512,5.55681,4.4362,3.33094,3.41869,2.65943,3.40351,3.6706,4.52607,3.74017,3.32491,3.5323,3.83915,5.6759,2.63017,4.90183
V,A,144,5.48589,3.41511,0.00361,-0.64751,1.31983,1.686,10.52746,20.11078,5.36779,4.18447,2.46424,2.71287,14.71348,3.85998,3.79024,5.2835,4.98537,5.54976,9.16369,11.34799,12.51376,42.4214,12.39212
S,A,145,0.9286,0.30057,0.04397,-0.8342,-0.2754,-0.9687,-0.67807,-0.77932,2.74857,0.00129,0.28211,0.19427,-0.55671,0.32698,-0.33376,0.41632,-0.14355,-0.8306,-0.88228,0.37041,0.19966,-0.75863,0.27358
K,A,146,2.40867,1.46497,0.45581,-1.18679,-0.53042,-1.59255,1.13237,1.44804,0.93021,1.87688,0.74373,0.60139,1.15218,1.20529,0.06785,1.8459,1.56014,-0.02079,0.33666,1.59457,2.22597,1.27946,1.52448
V,A,147,2.27486,1.36488,0.00022,-0.74886,-0.82313,-0.62531,-0.25066,-0.34458,3.77438,1.60988,0.89313,0.73871,-0.06842,0.87981,0.49607,1.08894,0.58136,-0.13823,0.19689,0.61636,1.38751,-0.19272,0.94695
N,A,148,0.68277,0.40272,0.13753,-0.66989,-0.1518,-0.68608,0.38243,0.26047,-0.22431,-0.18727,-0.6276,-0.06541,0.37284,-0.002,-0.57304,0.27537,0.01172,-0.67522,-0.44277,0.67397,-0.65175,-0.00726,0.13036
I,A,149,4.97935,3.85924,1.37248,2.15823,-0.00035,1.22146,7.41633,13.6034,5.62754,4.15158,3.59832,3.30876,10.90076,2.62378,4.179,4.60594,5.50116,4.95278,5.88445,8.37238,9.52145,16.00822,9.40821
G,A,150,0.0,3.04034,7.38876,4.1367,7.49791,3.39647,3.07739,4.06638,11.13674,3.45815,6.73379,3.159,3.15592,3.43123,4.18553,3.08518,4.42955,3.53011,3.70758,3.35125,6.37053,3.98975,11.49174
S,A,151,0.39762,-0.35923,-0.67447,-0.87902,-1.16766,-1.50057,-1.56705,-1.13579,0.62299,0.00202,-0.43392,-0.59679,-1.42287,-0.59201,-0.21207,0.62391,-0.11733,-0.87908,-1.37951,-1.19925,0.23269,-1.81002,0.35114
S,A,152,3.08642,1.83577,3.83234,3.64292,6.57109,3.67823,19.59678,23.58086,2.65871,0.00069,-0.79869,5.58178,15.1392,4.00853,5.54652,7.44747,11.18248,7.87369,13.7461,19.36074,18.54734,27.451,21.57044
F,A,153,2.69016,1.7623,1.79384,1.49904,0.99217,1.11567,0.0182,1.8254,2.62667,1.60788,1.40023,2.48856,1.33853,2.93189,1.66955,3.98558,3.06333,1.81951,0.5105,1.42921,4.62314,1.32907,6.64235
E,A,154,0.43024,0.34632,1.01533,-0.73702,0.43731,-0.21707,-0.31661,-0.0352,3.19347,0.89239,1.79033,0.53532,-0.87411,-0.0838,-0.55275,0.10621,-0.00744,0.04437,-0.21674,0.05257,0.36439,-1.3198,1.9542
N,A,155,-0.37697,0.55171,2.0354,0.54369,3.30863,0.72777,0.44064,0.59788,4.87367,-0.12311,1.64061,0.43805,0.46495,0.00145,-0.00172,0.38158,0.44706,-0.56601,-0.41534,0.07565,0.67065,0.37584,1.79767
R,A,156,2.33185,1.41847,1.24911,-0.10202,-0.07947,-0.13179,0.11877,0.57634,4.41309,2.27412,2.37904,1.335,0.32818,0.71377,1.01809,2.67929,1.75203,0.6502,-0.08353,0.6787,2.97264,0.90363,4.58445
P,A,157,1.0148,0.78417,1.44727,0.73437,1.07726,0.60915,0.44121,0.75001,-0.00097,1.0224,1.34895,1.08277,0.71673,1.19301,0.564,1.10324,0.32169,0.79488,0.44313,1.08,0.62299,0.61074,0.88995
M,A,158,4.31027,3.32805,1.90796,0.53018,0.93085,-0.04033,4.26491,15.75948,5.17877,4.67918,3.63695,3.25313,7.89162,3.31346,2.69143,5.11641,5.72426,0.85561,2.3019,3.32681,9.5066,30.66806,10.61546
N,A,159,0.77224,0.02717,-1.275,-2.1858,-2.13025,-2.0998,-2.35459,-1.74846,-0.416,0.9272,-0.08271,-0.62574,-2.00433,-0.00755,-0.71331,0.75977,-0.45244,-0.71198,-0.48412,-0.11341,1.86147,-2.70208,0.86767
V,A,160,5.55109,3.64908,-0.00346,1.98562,0.40222,2.94073,12.91596,27.66918,6.45054,5.11132,2.92029,2.99997,14.80046,4.22706,5.52226,5.63867,6.10986,8.30262,10.40277,12.70602,12.14528,42.60716,9.48542
L,A,161,6.61425,4.7633,3.46312,-0.00608,1.85718,0.12788,6.51357,14.84554,5.60597,4.88766,4.06775,3.85159,17.85592,4.58842,3.32644,5.75522,5.45109,3.31821,6.20841,5.64762,8.90867,32.69914,10.10761
K,A,162,3.29498,2.32965,1.66424,-0.18337,1.3764,0.37149,1.87835,3.18403,4.17613,2.86567,2.35744,1.76981,5.96446,-0.21786,0.90276,3.65243,2.2117,-0.00071,0.68698,2.2963,4.50211,11.51374,6.31897
F,A,163,8.36449,6.5107,3.14657,3.01771,1.5522,1.27427,-0.0258,4.99679,6.96197,7.62307,5.47973,5.42672,3.10766,5.88633,5.62441,7.51578,7.12179,4.16909,5.77948,4.52784,11.39472,17.41318,11.78796
S,A,164,2.97286,2.15418,2.7629,4.17851,4.1361,2.56093,1.99653,3.48182,5.45291,-0.00734,0.15029,2.39978,1.68708,3.60454,2.98169,4.29384,4.02377,2.6125,3.03604,3.71498,5.16056,1.34519,10.30419
T,A,165,1.41371,0.64358,0.47204,1.15566,0.8106,0.01018,0.86025,0.33812,-1.30499,0.69315,-0.04088,0.41074,0.68849,0.73082,1.19932,1.6638,2.09878,0.19392,0.34282,1.30871,3.57675,1.05806,5.16259
G,A,166,0.0,3.65127,5.07789,3.81813,4.85463,3.70295,3.77851,3.81875,6.42469,3.71657,4.86692,3.66698,3.76987,3.71464,3.72095,3.82341,3.79361,3.62743,3.44429,3.90464,3.90285,3.67536,5.56711
G,A,167,0.0,3.43253,4.46693,3.62935,4.09507,3.24712,2.91523,3.6437,5.9857,2.1764,4.2564,3.51051,3.04721,3.19787,3.29813,3.27523,3.5361,3.27481,3.09119,3.3001,2.25956,3.34932,4.92652
D,A,168,0.16239,0.28702,0.16828,0.08782,0.03328,0.12102,0.06066,0.23717,1.90892,0.35808,0.15501,0.40626,0.03929,-0.22525,0.11651,-0.00315,-0.02777,-0.04767,-0.01041,0.01457,0.56722,-0.06292,0.34988
K,A,169,3.32884,2.52301,4.01261,1.51391,4.30732,1.68938,1.7809,4.04898,3.75469,2.43449,2.78278,2.55616,2.20248,2.31951,2.27585,6.20393,4.18544,-0.26084,0.58442,2.10881,7.24378,3.26799,13.87262
P,A,170,3.21593,1.90759,2.37208,2.23662,1.36046,0.26406,2.27391,2.69295,-0.0065,3.26351,3.39664,2.12979,2.47512,3.46622,2.00141,3.81249,2.30433,1.26223,0.79817,3.23417,3.63466,2.46135,5.64418
A,A,171,1.71445,-0.0,1.96452,2.68332,2.00752,1.55584,9.22497,15.72348,6.21731,1.57702,2.3353,1.33122,8.71063,5.33922,6.22232,7.32293,5.49309,6.53084,7.94797,16.679,11.14688,14.36358,10.69662
I,A,172,6.53468,4.89973,1.36406,0.21844,-0.00616,0.28836,3.08137,4.39003,6.37159,5.81307,3.7671,3.84395,7.48138,4.85279,4.13113,6.49962,5.93223,3.64279,5.11473,4.05166,9.57985,19.97942,8.30317
W,A,173,8.96143,7.05633,4.35441,3.63158,4.2796,3.39878,2.08007,0.03291,8.5628,8.18105,6.54664,5.98661,2.79926,5.95481,6.38072,8.20221,7.66195,6.18335,6.47466,4.96736,11.12508,15.85578,10.9657
L,A,174,6.76887,4.77798,1.15007,-0.0313,-0.22938,-0.03837,1.55965,6.62316,7.36892,5.49748,3.3205,3.71913,4.2689,3.82654,3.43962,5.85489,4.78577,3.06505,3.11939,3.88749,7.75008,10.67387,5.96887
D,A,175,3.56851,2.27552,1.59498,0.27875,3.41089,-1.17034,8.61499,18.11262,5.13056,2.83782,2.76284,1.35419,11.22544,0.22183,1.82875,-0.00999,0.8412,1.90447,5.55715,8.23048,2.64964,23.55854,8.43707
A,A,176,1.60542,-0.0,3.04181,4.10203,8.02021,3.8541,8.90217,17.84764,5.1148,0.72299,1.18439,1.11503,12.67551,5.60293,5.16202,7.72782,5.14631,8.90995,9.62711,13.83666,14.12972,16.23344,19.13886
G,A,177,0.0,6.55408,12.05699,7.33165,12.39846,7.75191,22.66282,37.00536,16.92612,9.3393,11.77184,7.23471,30.64346,10.2801,11.70126,10.66938,14.86731,17.4048,22.53596,28.72794,19.7424,61.56994,24.01598
I,A,178,2.62185,1.48832,0.84648,0.22222,-0.0288,-0.64371,5.63003,16.92214,0.74489,2.9609,0.67634,1.70946,9.55665,2.67383,1.43608,3.87645,2.757,-1.08715,-0.19252,5.40599,7.82133,38.5227,7.48617
H,A,179,1.65611,1.33792,0.71539,-1.62056,-0.1519,-1.01851,0.37449,2.07944,1.22806,2.01002,2.30209,0.76753,1.09928,0.38909,0.62533,2.71619,2.87226,1.93146,1.81072,-0.03526,7.16489,8.0533,7.19329
A,A,180,0.72801,0.0,5.77964,14.99144,9.95058,13.37926,38.98374,63.13202,3.47137,2.06855,6.62604,3.63713,47.02642,11.43612,18.8285,12.73698,17.37164,23.10014,30.96096,33.3677,24.17062,49.92188,29.79866
R,A,181,3.21127,1.92799,1.55482,0.61753,2.37873,-0.09278,5.60029,3.4735,2.76879,1.69524,1.41006,1.13052,7.28032,1.8052,2.32232,4.54499,2.7442,1.55339,-0.26667,3.26808,8.46197,17.61324,12.69266
E,A,182,-0.46639,-0.80261,0.36203,0.27507,0.54465,-1.29971,6.13663,10.27648,1.63244,-0.9751,0.06524,-0.70744,6.54223,-0.47372,1.12337,-1.60789,0.06148,3.34132,4.59718,3.375,3.37577,9.46609,5.84007
W,A,183,4.75488,3.78638,3.46911,1.66328,3.79189,1.32976,2.29646,0.02893,4.39801,5.1486,3.82465,4.05268,4.01751,3.89835,3.55927,4.30897,3.31935,4.46498,4.16294,3.72506,4.95825,22.18948,7.4916
V,A,184,3.68784,2.17866,-0.00215,1.62092,-0.60221,2.14229,11.32914,23.75072,-0.58989,2.52529,1.22093,2.09261,15.40786,1.87908,1.86152,3.23265,1.84787,5.03562,10.10212,9.43247,8.52023,39.62912,6.00299
T,A,185,2.84164,1.51281,2.42978,5.97647,3.90313,8.46518,28.9081,48.9472,5.44352,2.04733,-0.0021,2.47705,35.35404,5.22364,10.78614,7.46181,10.73722,10.33978,15.8475,25.71954,18.5799,45.07776,21.01624
Q,A,186,1.93173,0.24805,-1.00817,-0.63944,-2.40806,-0.83307,1.63641,16.545,-1.07928,0.41216,-0.40545,0.45571,4.52067,0.7447,0.0,2.23709,-0.4447,1.66651,9.64089,2.39344,8.00378,28.06162,8.94373
A,A,187,1.60153,0.0,0.7375,-0.36409,0.25569,-1.01585,22.0823,28.90968,3.16161,1.06875,2.07687,0.69019,27.5125,3.28695,1.60109,3.48751,1.5347,5.55855,10.1128,17.38162,5.60652,41.37422,7.05201
T,A,188,2.69706,0.76267,-0.85301,-1.9709,-0.97053,-0.84245,2.71894,3.70915,6.51632,1.5161,0.00958,0.70316,3.58122,1.99855,1.12716,3.39457,3.50274,1.13203,6.98065,2.27198,7.55161,16.00778,12.1536
A,A,189,2.07849,0.0,2.3026,1.57317,2.20551,-0.55499,15.29558,24.6303,6.02426,0.71129,1.51267,2.21656,23.03704,3.9087,2.99653,3.92457,5.43169,3.4726,5.68875,12.71833,9.53477,51.22612,13.28574
L,A,190,5.1607,3.69947,1.73753,-0.06303,1.01676,-0.32721,6.33619,16.58891,6.32398,4.05304,2.8767,3.5952,10.57384,3.23666,2.66746,5.08405,4.40241,2.90064,5.73775,3.6725,6.83185,20.41694,5.63168
W,A,191,4.88678,3.22359,2.12554,1.62024,1.66966,1.655,1.26017,-0.0381,5.99573,4.0751,3.82218,3.5491,1.82279,4.17229,2.67243,4.71834,4.05365,2.76667,3.18319,3.45374,7.0224,2.37224,9.85415
T,A,192,2.03477,0.07836,-1.88599,-3.82682,-3.49338,-2.58499,0.384,2.93209,4.4822,0.6556,-1e-05,-0.00754,3.49634,-0.22963,0.30702,2.25525,1.52669,0.99544,2.42778,-0.03874,5.591,11.73296,4.34927
A,A,193,1.99189,-0.0,0.45329,-0.02158,0.73418,0.01381,16.17116,25.67942,4.43394,2.28886,1.33642,0.67167,23.12948,3.94726,2.76912,4.82559,3.98826,4.88849,8.63953,12.55747,8.49592,49.23664,10.37589
N,A,194,0.76043,-0.46905,-0.80095,-1.79993,-1.35177,-2.36743,-1.62478,-2.14227,2.41725,-0.33105,0.68733,-0.15539,-1.49283,-0.00207,-1.10743,0.45487,-0.21113,-1.32212,-1.03356,-0.44167,1.39182,-1.51866,2.93254
K,A,195,2.78429,0.94796,1.78746,0.98305,2.1837,0.0449,6.19342,5.65186,7.41632,1.48476,1.14389,1.39536,6.65264,2.2206,0.81752,3.7315,2.89682,-0.00357,0.49842,4.91993,6.54324,8.04197,8.34942
I,A,196,5.694,3.96636,1.49486,0.10115,0.0013,-0.22538,2.62356,3.11196,8.56219,5.14586,3.7232,3.81606,3.60962,3.67964,3.81366,6.0489,4.72828,3.41073,3.12384,4.95881,8.32198,11.85154,7.12782
V,A,197,3.58986,2.08206,-0.0965,1.19123,0.66004,2.46466,8.11688,11.1841,3.39236,3.00896,1.14204,1.92765,9.73925,3.40584,4.16799,4.15054,4.11446,4.53106,5.56041,9.15408,8.1867,8.66482,8.28199
S,A,198,0.496,-0.3502,1.26498,-0.67149,0.82729,-0.54494,-1.12641,0.44885,5.82835,-0.00102,0.32669,0.44593,-0.85638,-0.30486,-0.41613,1.09438,-0.00033,-0.97074,-0.98478,0.16573,0.03773,-0.08058,1.76458
D,A,199,-0.11324,-1.25351,-0.44585,-2.513,0.14219,-1.83854,-0.82966,1.31467,3.37058,-1.31241,-0.91158,-1.00647,-0.65137,-0.99075,-1.15497,-0.007,-0.21794,-1.45812,-1.13284,0.13973,1.28727,0.9246,3.23601
Y,A,200,4.77648,3.59777,3.53251,1.99254,1.66244,0.99671,0.35589,1.49997,6.98203,3.81911,3.27366,3.20441,-0.09829,4.14515,3.25182,5.23271,4.06954,2.20011,2.79179,2.84073,6.3362,1.06981,6.6851
G,A,201,0.0,2.41377,4.49479,2.14881,3.94041,1.94996,3.00796,3.52077,9.7581,2.66618,3.67138,2.75085,3.08832,2.32187,2.40879,2.81849,2.42255,2.00314,1.70835,2.47047,2.81448,3.04028,4.25099
K,A,202,1.62626,1.85685,1.16424,1.26462,1.1645,1.54255,0.99057,1.64447,5.81062,1.35609,1.21857,2.0071,1.04389,1.08774,1.32935,2.5107,1.44589,-0.01629,-0.64618,0.99673,1.89753,1.21193,2.0401
D,A,203,5.40789,4.55161,3.79168,3.51903,3.41254,3.75017,3.84016,4.26653,6.82941,3.9894,2.90393,3.92632,3.57182,2.45972,4.05915,0.00516,1.89581,3.86584,3.90049,4.39244,3.67717,4.30674,4.98754
P,A,204,1.86531,1.48334,1.77604,1.546,1.55015,1.27765,1.84139,1.90494,-0.00109,1.76749,1.78047,2.01304,1.88503,1.85456,1.16912,1.30912,0.79501,1.17755,1.36136,2.21362,1.5781,1.66083,1.61757
S,A,205,0.11217,-0.58875,-0.07604,-0.72888,-0.85685,-0.56077,-0.61533,-0.06544,-0.263,-0.0111,0.13535,0.40716,-0.45735,0.0264,-0.68495,0.26619,0.32223,-0.52734,-0.42266,-0.00161,1.10138,-0.52607,1.40106
I,A,206,5.21021,3.4556,1.15798,-0.37605,-0.04907,0.30989,5.88473,4.82215,2.66612,4.98315,2.87021,3.22795,8.46008,4.02665,2.92729,5.93578,5.36812,3.88922,6.06233,4.84125,11.02408,20.88226,11.31942
T,A,207,1.12881,-0.06866,0.67235,-0.61581,1.37282,-0.19257,-0.62434,0.20189,3.94403,0.33229,0.00227,0.83905,-0.69664,0.52139,-0.27899,1.05931,0.51242,-0.84255,-0.15431,0.34284,2.35342,0.21419,3.18622
S,A,208,1.61938,0.76451,1.46659,0.41442,0.97216,0.14939,0.60033,0.79251,3.53497,-0.0042,1.00761,1.40659,0.6879,0.59282,0.33081,1.08292,0.47504,0.45635,0.43862,1.06181,0.90747,0.55601,1.30809
I,A,209,5.41161,3.63884,0.87582,0.40725,-0.0,1.20279,4.81354,11.81428,7.92749,4.60259,3.04486,3.60184,6.82722,4.23581,4.17753,5.9551,5.79463,3.99211,5.28743,5.03353,10.31362,26.44528,8.41485
L,A,210,5.70896,4.05931,3.56329,-0.00825,1.64394,0.64939,5.73428,15.6654,8.06007,5.59466,4.38426,3.99015,7.371,3.43399,3.73999,6.29375,5.55051,2.31476,8.38569,4.52065,9.61116,24.97398,9.94513
D,A,211,1.64446,0.72756,1.20376,-0.20014,0.62714,-0.00161,-1.04998,0.74732,4.39078,0.80138,1.26056,1.24616,-0.83197,0.5017,0.17455,-0.01541,-0.6731,-0.07121,-0.0359,1.08109,-0.33371,-0.53239,0.54999
A,A,212,0.87713,0.0,-0.72346,-1.34886,-0.70368,-0.59451,-1.75493,-0.14438,3.44743,0.12542,-0.6095,-0.08388,-1.3801,-0.65557,-1.2934,0.46072,-0.02151,-1.8003,-1.84169,-1.07015,0.96321,-1.50845,0.68381
L,A,213,4.45221,3.75767,1.63054,-0.01735,1.45812,-0.22749,-0.20083,4.0251,7.09887,3.47482,2.44119,3.24778,0.75263,3.84176,3.27447,6.71796,5.4416,1.5616,2.18423,1.5176,9.01668,11.66824,9.93248
D,A,214,1.37548,0.01444,-1.27209,-1.1632,-1.78855,-1.09291,4.65585,3.49911,2.7157,0.70528,0.24889,-0.25286,6.9905,0.64371,-0.02343,0.00279,-0.31183,0.93533,1.38186,1.97302,1.7253,9.13008,0.66956
I,A,215,6.43997,4.92476,1.31997,0.30017,-0.00529,0.52618,3.82426,3.89126,5.20143,5.72636,3.83499,3.9408,7.28813,4.4036,3.82884,6.25501,5.16425,3.64337,4.50554,3.22506,8.33899,16.18758,7.37248
F,A,216,6.24386,4.43057,2.8519,0.73525,1.73397,0.97209,0.00202,0.06796,5.8543,5.27329,3.74142,3.75146,0.61261,4.1245,4.00331,5.40178,5.03321,3.64868,3.85798,3.40425,7.71825,1.74805,7.66485
L,A,217,6.47946,4.53946,1.46534,-0.01431,0.87917,0.27984,2.5606,9.81526,7.98592,5.50045,3.47048,3.61563,4.94969,3.70505,3.12631,5.47597,5.38014,3.18889,6.88793,3.81068,9.10091,12.144,6.2958
L,A,218,5.38409,3.66691,3.17526,-0.03662,4.03798,-0.00816,1.34677,12.48315,6.71215,5.09388,3.42593,3.03143,1.94485,2.72441,3.08828,4.95966,4.12832,2.02836,6.01791,2.357,9.26653,16.08236,14.3605
P,A,219,4.67707,2.86298,0.52653,0.75918,-0.05469,0.38623,4.43018,12.5141,-0.00682,4.05489,2.74376,2.40824,9.32621,3.73295,2.76911,5.05954,2.81225,4.01291,8.98078,4.29124,9.08709,10.49248,10.93506
V,A,220,4.66685,2.55911,5e-05,0.75706,-0.16932,1.13517,0.2963,3.98788,2.48091,2.86807,1.78721,1.17826,0.40048,1.38968,4.05409,2.96809,3.74057,4.76536,3.53866,2.30895,6.90016,2.87207,6.44843
T,A,221,2.45057,0.80072,-0.02907,-0.65478,2.95891,-0.7375,1.8402,7.88095,4.92901,1.38,0.00197,0.85407,4.8881,1.69091,2.72985,5.97154,3.92588,4.29066,3.49997,4.5803,16.49522,31.33446,16.96934
N,A,222,3.77084,2.80751,4.05932,0.75651,3.33064,1.50943,14.8675,20.7669,9.21157,2.21458,2.77111,2.07606,22.20474,-0.04937,3.51825,2.25162,4.0533,5.87559,8.59896,12.28956,10.43111,42.7552,14.62004
P,A,223,4.65542,3.15008,1.48748,2.02903,2.4802,1.09297,7.35366,8.25241,-0.00109,4.11893,4.09189,3.27874,9.26715,4.73,3.64533,6.98554,4.85168,2.88622,4.10396,7.22402,9.06214,13.84118,11.10644
D,A,224,2.37824,1.13789,-0.30673,1.96714,0.44733,4.33371,15.23276,31.16574,0.64828,1.80097,1.79691,1.40915,22.23232,2.18868,5.43747,-0.00596,5.78511,7.40939,6.12299,14.00872,12.51742,21.48369,10.40394
G,A,225,0.0,3.04449,13.20372,21.46222,19.9636,21.57012,49.56498,76.9702,8.77437,6.98247,10.69178,8.84146,57.38006,16.7617,23.69202,18.71524,25.09668,21.82488,24.3875,46.67922,32.9945,69.61016,33.80428
Y,A,226,5.69811,3.9148,3.08311,1.05163,3.51624,1.42554,0.39698,3.82524,8.48777,4.61025,3.55535,4.52905,-0.02699,4.91156,4.60871,4.86197,5.2294,4.44549,4.83825,3.89864,7.83783,4.64044,11.13502
V,A,227,1.54751,0.51368,0.00296,-0.23156,-0.24636,-0.5106,0.226,-0.52611,3.41346,0.85658,0.04748,0.99265,-0.66986,1.44091,0.01924,1.95442,0.49476,0.19057,0.5939,0.49014,1.7992,-0.15529,3.42038
F,A,228,3.8275,2.45708,1.54358,0.58413,1.1598,0.36326,-0.01678,1.87897,5.75731,2.8105,2.47302,2.66276,0.50198,3.34729,3.04245,3.43222,2.94365,2.74891,2.9514,2.61262,5.70434,-0.14184,5.23555
S,A,229,1.63932,0.82741,1.50943,11.40216,6.43644,11.60849,36.30886,66.5769,6.77978,-0.00057,1.86086,2.23133,44.51874,7.34108,15.09108,9.11898,14.9421,19.76916,29.61004,27.5995,24.43366,54.79856,23.83246
Q,A,230,1.8494,0.97105,0.25314,-1.41124,-0.86893,-1.55794,-0.13094,-0.20097,3.7723,0.66882,-0.16841,0.17002,0.35031,0.98008,-0.34773,1.70443,1.03481,0.65284,0.36685,1.06443,2.9475,-0.44851,3.90904
T,A,231,1.13529,0.99249,0.68859,0.11871,0.14708,-0.57528,0.33388,0.68777,4.40509,0.23925,-0.00031,0.13557,0.38102,-0.04806,0.41392,0.91943,0.56669,0.13921,0.21173,-0.27091,1.1794,0.51249,1.3915
K,A,232,0.42641,0.36431,0.25666,-0.26564,0.19369,-0.23838,-0.72427,-0.07388,2.45183,1.06079,0.78024,0.16127,-0.60409,0.33145,0.28801,0.65555,0.21722,-0.08293,0.00454,0.17321,0.6675,-0.8935,0.67418
N,A,233,2.77225,1.13161,-0.28944,-0.48295,-0.79353,-0.52605,1.15994,2.12939,3.60717,1.62499,1.05918,0.6018,2.88266,-0.00116,1.16987,0.16161,1.61809,0.08225,0.73943,1.32047,2.84813,4.03164,2.88985
R,A,234,7.13361,5.64979,4.74871,5.69456,5.23232,3.6032,4.57211,6.78509,2.72309,6.45288,5.87331,5.85768,4.39272,5.91602,6.12286,7.8931,6.58017,5.35663,-0.0,6.8527,13.35044,6.99113,15.63586
M,A,235,5.05145,4.0841,3.9246,0.70011,3.71583,-0.0145,4.8843,8.97029,7.35551,4.11257,3.33895,3.84082,6.99227,3.61839,4.22142,4.76557,4.83902,4.21541,5.35374,4.68259,7.78647,7.43277,7.4109
W,A,236,4.7358,2.97187,2.30909,1.6893,2.81938,1.38631,0.46778,-0.03054,9.97104,4.0628,1.85714,2.77087,-0.05039,3.19287,3.20682,4.11125,2.92702,2.60014,3.36238,2.12416,4.23864,5.35391,4.61876
R,A,237,1.56151,0.9501,0.73227,-0.43073,0.3194,-0.11804,11.91063,13.59282,-0.82702,1.97422,1.31958,1.21494,13.75772,0.73714,0.75661,2.01532,2.02059,-0.22567,-0.00448,10.35444,7.27019,22.72246,4.47213
K,A,238,2.32628,1.60089,3.41043,0.08161,6.89108,0.84166,13.33592,14.51298,0.70796,2.05074,2.96027,1.99001,14.72522,2.62359,2.14059,5.24997,2.12098,-0.03709,1.346,8.22735,6.50394,13.88228,6.5691
T,A,239,2.91244,3.65155,4.01663,3.76849,3.24909,1.70776,7.69513,16.01192,4.33048,0.31374,-0.02765,3.46824,9.93525,3.42888,4.99646,7.70612,8.36247,4.0391,5.22581,5.68001,15.46076,24.35576,18.78384
R,A,240,1.68643,1.40835,1.18534,-1.4623,-0.22668,-1.58953,-0.87061,-1.04903,1.87313,1.21624,0.83833,0.72391,-0.51036,0.14157,0.45603,1.92874,1.49913,0.09428,-0.02875,1.03231,3.59429,-0.22473,4.72778
S,A,241,0.90027,-0.36635,-0.27331,-0.00813,0.11544,-1.77671,-1.60659,-1.11866,4.27422,-0.00775,-0.12462,-0.31887,-1.22372,0.43996,1.11105,2.60007,1.77909,0.35259,-0.36255,0.79943,6.2023,-1.55025,8.56234
K,A,242,0.53598,0.53867,0.37417,0.03343,0.05259,-0.31539,-0.12984,-0.39469,0.11467,0.52532,0.32199,0.33261,-0.03374,0.3299,0.17178,0.27339,0.38279,-0.00701,-3e-05,0.39349,0.58375,-0.38436,0.48323
V,A,243,1.92207,1.13877,-0.00154,-0.80831,-0.80691,-0.5037,0.1775,1.56624,0.44269,1.28917,0.79266,0.74069,0.03354,0.73752,0.63757,0.65367,0.67081,0.53684,1.39718,2.51205,2.64252,0.59167,4.61342
S,A,244,0.12646,-0.12822,-0.08658,-0.19118,-0.08135,-0.23829,-0.92866,-0.22767,-1.27177,-4e-05,-0.12523,-0.11934,-0.75307,-0.09384,-0.10587,-0.11573,-0.18234,-0.39925,-0.46268,-0.3175,-0.08962,-0.79716,-0.09779
G,A,245,0.0,2.28183,4.76756,2.10003,4.71642,2.11172,2.00202,4.01547,6.59915,2.3189,2.9145,2.28264,2.00206,1.96145,2.07258,2.22771,2.10485,2.05835,2.09991,1.99636,2.34974,1.84068,3.15228
S,A,246,0.85664,-0.1549,-0.97833,-1.15771,-0.87037,-1.1414,-1.90181,-0.97572,3.35077,0.00035,0.24951,-0.54097,-1.50616,0.25245,-0.27601,0.28321,-0.07456,-0.84558,-0.6914,0.183,2.15787,-1.2556,3.46963
L,A,247,0.12803,0.21522,0.54159,0.02501,0.02803,-0.01969,-0.47656,-0.25118,-0.60162,0.18922,0.41321,-0.01824,-0.38506,0.11381,-0.03171,0.04825,-0.04575,-0.13322,0.03632,0.28856,0.15367,-0.0582,0.29012
C,A,248,3.72304,2.97382,6.35847,4.35563,5.62124,3.85351,5.1476,5.43434,3.39349,3.30195,4.95731,-0.01622,5.52247,3.9285,4.56364,5.53889,3.74292,4.85402,4.55556,6.40223,4.18008,5.96915,7.887
V,A,249,2.29122,1.3178,5e-05,0.20612,-0.29712,0.44783,0.72558,0.92383,1.96333,1.93726,0.73467,1.05128,0.80361,1.80505,0.83387,2.30257,0.8408,0.87796,1.33842,1.68057,1.93803,0.79104,0.76049
G,A,250,0.0,6.93952,19.1868,25.203,24.85106,23.90492,37.9084,52.77158,15.64802,12.30482,18.5677,12.28066,36.48298,21.73502,27.82774,22.11698,25.41802,28.86218,29.84342,41.8502,31.3047,41.04976,39.90856
V,A,251,3.79909,2.266,-0.00307,2.64958,2.41482,2.39625,7.72025,15.11382,5.79092,3.04438,2.99196,1.98924,7.08127,4.3966,5.50424,7.92603,8.22939,3.7194,3.83069,4.67861,14.9949,14.06444,19.35518
D,A,252,3.95558,2.83341,6.35175,3.78169,7.2038,3.35182,10.88579,15.28064,11.72412,3.21395,4.56499,2.81004,12.20618,3.27916,5.96944,-0.01128,2.2751,7.41613,7.58369,8.79331,4.97012,12.86609,16.5986
P,A,253,4.73323,2.99052,4.29167,2.90829,4.50117,2.51561,15.49352,23.55896,0.00212,4.83279,5.73222,4.24897,14.6635,5.18558,4.53421,7.48311,7.14955,6.56409,8.03756,13.86616,13.3925,32.63194,14.47392
N,A,254,1.27903,0.86872,0.74162,-0.16056,1.02427,-0.27175,0.85592,1.31434,4.50196,1.6431,0.81328,0.7304,0.24038,-0.00718,0.26345,-0.40907,-2.00124,1.73122,1.6491,1.70332,1.07315,9.34913,5.14457
R,A,255,3.31779,2.91235,4.79352,2.90538,4.4654,2.31756,4.3802,10.23604,5.26676,2.85484,3.23523,3.94504,4.52707,3.59244,5.31618,7.46835,6.93999,2.02943,-0.0506,1.84501,10.6242,5.97894,15.03602
N,A,256,3.19987,2.47965,3.7019,7.61544,5.34842,6.3193,22.24964,45.51518,6.99844,2.47841,3.96013,2.56003,23.84518,-0.00751,7.76281,4.18919,10.18304,11.31718,18.71376,18.16328,21.35414,43.18016,20.3233
W,A,257,5.08884,4.03612,4.50474,1.39484,5.21324,0.84298,0.71516,-0.0361,6.07245,5.15542,8.51717,4.09993,1.34622,4.70234,4.61754,5.59787,6.48011,4.71781,4.4357,3.49618,8.63995,9.58601,11.94818
D,A,258,0.29663,0.05956,1.8526,-0.2922,2.76702,-0.34771,-0.38088,0.00339,-1.58771,0.03288,1.20007,0.14699,-0.29802,0.02902,0.18153,0.0,0.16292,1.21424,-0.04911,-0.00843,0.17361,-0.44336,1.58547
A,A,259,2.22019,0.0,3.27652,7.437,3.8728,6.24784,18.52756,39.65152,5.27356,1.0812,1.81423,0.95921,21.9179,6.85739,7.89183,8.66619,9.56102,6.84947,7.83418,22.59708,14.77152,38.44796,15.24472
G,A,260,0.0,5.42644,15.72876,12.95374,17.85278,7.67855,9.06335,12.336,17.3085,7.09681,12.73944,7.43588,10.7737,6.78409,9.17135,8.70906,9.57213,8.30095,8.86221,12.21902,9.19981,8.45906,19.2644
F,A,261,2.19917,1.46019,1.59891,0.74051,0.75993,0.54409,-0.01393,1.07965,0.97641,2.25922,1.6428,1.79942,1.66863,1.57772,1.53206,2.49435,1.97884,1.74658,2.05632,1.72208,3.21364,1.37193,6.22746
G,A,262,0.0,2.42714,5.24076,2.23579,5.58147,2.21417,4.96344,4.83162,8.34651,2.5364,4.31766,2.49645,4.93762,2.99313,2.58777,2.98095,1.96548,2.53443,2.77724,3.48136,1.89911,4.00385,5.10767
G,A,263,0.0,2.97186,4.76965,2.48146,4.30854,1.90831,2.82174,2.56689,7.24559,2.96597,5.59036,3.37752,2.8638,2.32069,3.20269,2.30613,3.45245,1.97702,2.22576,3.42575,3.70139,2.42268,6.19381
P,A,264,1.6202,1.17878,1.82242,1.30789,1.61601,1.164,1.1167,1.46928,-0.02737,1.4194,1.78077,1.65323,1.18059,1.51847,1.25889,0.92337,0.38984,0.9699,0.6117,1.63308,0.87235,1.12559,1.43084
G,A,265,0.0,8.11969,23.19776,23.7132,26.313,21.10206,36.44236,53.79382,15.20558,14.6223,23.53748,15.72018,36.56318,24.64046,24.71558,24.10496,25.08002,26.55758,25.18432,48.81332,22.3512,48.76708,36.17314
A,A,266,0.9529,0.0,0.76726,3.60684,3.79922,4.26095,22.99208,32.90254,4.25349,0.41781,0.71052,0.94825,27.87162,4.63288,8.55671,5.10265,6.26445,9.13592,8.24156,18.7054,17.0393,27.269,14.4452
S,A,267,0.62745,0.03636,1.21181,-0.26979,0.94853,-0.27172,-0.49325,-0.38115,2.71685,-0.00159,-0.18698,0.0399,-1.8409,-0.28959,0.05302,-0.86772,-0.04067,-0.31678,-0.35733,-0.27518,0.50168,1.22018,2.65941
S,A,268,0.67814,0.70478,1.38798,0.72537,1.33883,0.72424,0.75916,0.79753,-0.05521,-0.00735,1.14531,0.36943,0.80583,0.66974,0.46362,0.39423,0.67374,0.473,0.21453,1.002,0.77953,0.68333,1.26218
N,A,269,1.11224,0.84303,0.4739,-0.21714,0.11044,-0.13331,0.2979,0.44583,1.12257,1.00907,0.47659,0.34045,0.3604,-0.02268,0.50927,0.56836,0.85008,0.15582,-0.28473,0.36742,1.19129,0.54214,0.74195
P,A,270,3.66479,2.14725,3.6641,3.28328,3.94102,2.58754,4.69877,5.25943,-0.00015,2.74269,2.52359,3.0657,4.62359,4.19494,2.48909,4.02559,2.1757,2.98452,3.14384,5.10077,4.71536,5.21486,6.44195
C,A,271,4.04879,4.05539,4.59709,3.95175,4.43099,3.89576,4.89796,5.89879,4.21752,4.28267,5.72943,-0.01333,4.08929,4.61273,4.4951,5.12616,5.13141,4.29909,4.67878,5.06679,6.09088,4.91199,7.62402
S,A,272,1.11221,-0.05547,2.46519,-0.30937,1.9199,-0.15083,-0.99602,0.22695,5.31641,0.001,0.81639,0.51476,0.5863,0.24198,0.46065,-0.95915,0.74832,-0.04371,0.19719,-0.18042,2.09442,2.73197,4.35162
D,A,273,0.23914,-0.59772,-0.1991,-1.17455,-0.88993,-1.18496,-1.3906,-1.09377,-1.23851,0.18649,0.38709,0.02899,-1.00973,0.15003,-1.13405,-0.0,-0.99048,-0.6341,-0.51453,0.16322,0.78926,-1.65279,1.91767
S,A,274,-0.19918,-0.32828,-0.41665,-1.4716,-0.71243,-1.18412,-1.67939,-1.72868,-0.24994,-0.00722,-0.21688,-0.41735,-1.9737,-1.53228,-1.59484,0.22792,-0.10528,-1.9044,-1.44955,-1.24971,1.15577,-3.71034,1.24069
Y,A,275,5.1438,3.87137,3.79774,2.87847,3.53301,1.61093,-0.59725,6.16341,8.39787,5.68531,4.43676,4.14849,-0.01261,3.63262,6.24073,3.88784,5.25262,5.01112,7.196,3.62832,9.64227,1.84263,13.68334
H,A,276,1.41086,0.06883,1.03342,1.70163,0.5333,0.09548,2.78782,2.70501,3.6912,1.24011,2.23258,0.50709,1.89454,0.46207,1.54233,2.27647,2.07444,0.53297,1.66319,-0.01094,4.8364,2.68384,8.58547
G,A,277,-0.0,6.50823,14.31144,16.86216,15.56792,12.74216,29.25018,33.0993,20.89068,9.36871,13.98682,9.43833,30.366,16.73046,18.49016,18.94348,21.9032,14.94638,15.5701,35.4371,29.09164,28.57576,36.1693
P,A,278,2.22256,1.674,1.80012,1.03705,1.54576,0.59081,1.19017,1.67039,-0.00073,1.8689,1.93845,1.85152,1.81901,1.59533,1.1876,1.01899,1.1965,1.31496,1.30188,2.30315,1.55793,1.58478,2.25435
S,A,279,0.51878,0.32367,0.94005,0.55337,0.64435,0.29573,0.2746,0.48068,1.40281,-0.00637,0.74496,0.46791,0.44097,0.51824,0.3091,0.162,0.07685,0.17184,-0.66454,0.76875,-0.07578,0.34244,0.69153
A,A,280,1.19035,0.0,2.93609,1.31959,3.6464,0.28036,-0.08959,0.44868,-1.43328,1.03861,2.45916,0.51739,0.12676,1.11487,0.46663,1.59783,0.36817,0.03564,0.8451,0.81561,2.49011,0.08517,6.07908
N,A,281,-0.2065,0.12142,1.79243,-2.45911,1.8828,-2.17253,2.22953,2.44525,5.11607,0.31912,0.7756,-0.35941,2.39639,-4e-05,-0.43033,1.82819,0.83467,-0.87817,-0.60306,-1.17644,1.65125,1.19606,2.57897
S,A,282,2.06566,1.63246,1.96344,1.5202,2.58984,0.64058,0.54869,1.23456,9.53438,0.00345,1.61094,1.54977,0.76551,0.1195,1.55297,2.95401,2.36573,0.74835,0.91913,0.37872,3.97062,0.95169,6.21828
E,A,283,2.82539,1.2668,1.42453,0.94386,1.34676,1.27749,20.80788,25.15588,4.65314,1.29809,1.41284,1.55937,25.44774,3.14689,1.53834,2.13155,-0.01122,5.06766,7.4312,16.72784,8.71512,36.87684,12.39286
V,A,284,1.5697,0.54626,-0.00019,0.01501,0.30006,0.066,0.4896,0.50373,-1.10765,1.25469,0.27814,0.16362,0.5268,0.69338,0.65954,1.213,0.69141,0.16806,-0.35909,1.4367,1.32434,0.6044,1.10124
E,A,285,2.31519,0.81161,-1.04556,-1.05899,-1.73476,-1.42912,4.97137,16.27632,-0.78741,1.35796,0.0116,0.86024,9.06097,1.13898,0.74028,1.95074,0.0,0.21905,4.65618,3.58674,6.45487,34.52244,7.69167
V,A,286,3.20954,1.58278,-0.00151,1.3293,-0.73759,-0.54009,14.7624,29.53054,0.75775,2.86329,1.46097,1.75572,22.33984,2.26781,2.63103,5.03798,4.70611,5.32673,5.47219,11.29963,11.91906,29.34846,12.96778
K,A,287,1.07785,0.023,1.73728,-0.26807,1.5538,-0.62475,0.08973,-0.31697,5.63815,0.64586,1.52872,0.91903,-0.169,0.51234,0.01755,1.0162,0.45857,-0.00428,-0.96215,0.51289,1.18583,0.23821,4.621
S,A,288,1.14798,-0.32823,0.35449,0.45219,2.36814,-0.23986,5.3759,5.14722,3.62994,-0.00304,0.84546,0.94557,6.06984,2.13784,1.05614,2.5468,2.07111,1.11179,1.22243,3.92368,3.96541,7.66635,8.55316
I,A,289,5.084,3.35549,1.21945,0.9057,-0.01836,0.10395,7.72728,13.72448,5.763,4.11729,3.04774,3.30229,10.69671,4.43908,2.90263,6.77185,6.49366,2.78261,4.54035,8.14463,10.6837,34.4619,10.18594
V,A,290,3.04606,1.5058,0.00445,0.26394,1.87368,0.92952,3.98504,3.25998,5.77131,2.30531,1.42377,1.60359,4.14253,2.31661,2.59361,3.87925,3.07692,1.98951,2.49964,4.72084,4.91104,2.53301,5.43758
D,A,291,0.40473,-0.3515,-0.17099,-0.80254,-0.7149,-0.52587,0.00622,-0.56421,3.99365,-0.27716,-0.39114,0.70538,0.0092,0.20634,-0.61061,-0.00475,-0.11612,-0.0904,-0.72782,0.51049,0.12349,-0.32468,0.95795
F,A,292,5.33892,3.76738,4.68275,1.95338,4.07123,0.89575,-0.07451,1.48538,8.38895,4.84073,3.67138,4.21109,1.49909,4.58845,3.79517,5.34548,4.44545,2.86586,2.78962,2.9579,7.26873,3.25606,7.95279
I,A,293,5.69224,3.78921,1.578,-0.44404,-0.00358,1.1725,10.83166,18.802,7.93514,5.22613,3.52915,3.60763,12.94694,2.93794,3.66722,5.57655,4.83624,6.37938,9.122,8.87407,8.64683,21.47246,8.53753
K,A,294,1.7563,0.84733,0.96053,-0.62463,0.16268,-0.39656,0.98641,1.13998,4.16057,0.83067,1.34412,1.22958,1.09127,0.8399,0.71858,1.18658,0.99538,-0.00301,0.14408,1.06087,0.79537,1.336,3.22924
S,A,295,0.8984,0.18112,0.84335,-0.03062,0.46784,-0.43016,0.21966,-0.34688,3.49144,5e-05,0.11481,0.79852,0.18926,0.14476,-0.01742,1.04755,0.53794,-0.06569,-0.26357,0.01611,1.07196,0.3075,1.52755
H,A,296,2.24431,0.78399,-0.1264,-1.47605,-0.77854,-0.92504,-0.44995,-0.44675,5.3446,1.20638,0.78703,1.00803,-0.09524,0.44123,0.24962,1.36097,1.04298,-0.12855,0.00285,-0.01623,3.00679,6.69755,3.79818
G,A,297,0.0,2.98105,4.13059,2.96843,3.8397,2.86085,2.65935,2.86606,8.18568,1.96135,2.5352,2.68543,2.75108,1.96122,2.58958,3.85447,3.75071,0.02536,0.00205,1.71414,4.20798,2.89861,6.39285
K,A,298,1.58738,0.78407,1.46154,0.16931,1.81263,0.33423,0.83195,0.74237,5.31661,1.17907,1.59408,0.97132,0.90387,0.38318,0.47974,1.43113,1.33708,-0.0629,-0.62499,-0.09457,2.37213,1.05266,3.74812
V,A,299,4.80306,3.07391,-0.0016,-0.39118,-0.82596,-0.6041,-1.36235,11.66826,1.58083,4.07433,2.65722,2.45533,1.70438,3.58206,3.5196,5.12378,4.57538,4.82214,7.12293,2.36741,8.00861,20.12834,6.72994
K,A,300,1.83789,1.0301,0.65107,-0.23307,0.69119,-0.25889,1.11577,4.02077,4.45276,1.77815,1.84245,1.08067,1.27056,1.4618,0.69004,3.08912,2.44505,-0.06175,-0.02681,0.9426,5.02867,2.7497,6.08272
A,A,301,1.9504,0.0,0.73667,-0.18511,3.21932,-0.43534,7.93697,12.7799,2.2395,-0.04483,1.86072,-0.96951,9.97534,1.56502,3.71235,5.30801,4.33104,5.28918,10.25015,12.9268,11.11002,25.22836,14.84828
F,A,302,6.69545,4.5239,2.13273,2.11459,1.62234,1.45122,-0.00087,4.93157,9.34449,4.94642,3.87903,3.55421,1.03278,4.31412,4.04888,6.31877,6.18021,2.17165,3.65811,3.18925,10.47765,19.10362,11.7052
I,A,303,6.84394,5.14406,1.4397,0.6035,-0.00176,0.24022,3.51315,6.2492,8.00776,5.86821,3.72375,3.89939,6.43513,5.03115,4.19321,6.10514,5.74119,3.61097,3.49365,3.42636,8.98762,23.31564,7.01755
T,A,304,2.04707,0.66139,-0.22279,-0.77836,-0.4006,-0.98096,12.16288,21.5327,3.84972,0.06777,0.00149,0.65823,16.07546,1.26093,-1.29704,4.38514,2.66326,3.04516,4.43847,9.69808,8.00059,19.29824,8.02341
L,A,305,6.56099,5.03662,2.0954,-0.01018,0.30068,-0.0054,1.4866,-0.03367,5.61687,5.83825,4.61389,3.76619,3.06944,4.42514,4.05636,5.7993,5.30158,2.93558,3.52345,3.33118,8.42979,15.79867,7.37269
H,A,306,-0.26634,-0.18087,0.79809,-1.36187,0.96209,-1.51306,-1.34908,0.67115,4.35673,-0.94591,-1.00095,-0.51581,-0.19014,-0.78315,-0.20051,3.13429,1.71388,-1.26956,-0.88591,-0.12209,4.24307,9.97805,7.43046
S,A,307,0.571,-0.33913,2.97067,3.09663,3.99976,1.04383,21.16614,33.52958,5.20519,-0.00131,2.43991,0.35012,26.94912,5.3596,0.07695,6.8123,1.40378,3.08677,6.51737,16.45736,7.14159,46.36618,8.72994
Y,A,308,0.06641,2.52614,3.16106,4.85694,4.08233,1.3265,0.35847,4.5802,0.15193,2.90373,3.81906,2.57453,-0.00333,3.07719,5.05946,5.36406,4.68538,4.1685,4.73743,3.42359,10.11259,15.7916,12.8825
S,A,309,-1.41193,0.32921,2.98588,-0.96381,3.49463,-1.16332,-0.59834,1.61183,8.5762,-6e-05,2.77331,-0.46352,-1.50769,-0.01888,0.01957,1.56184,1.16647,0.57072,-0.39314,1.03617,2.97003,2.70889,7.03744
Q,A,310,0.49606,0.31006,3.03314,0.74012,4.37001,-0.2034,7.53144,10.5555,6.0693,1.63099,2.91111,0.3915,8.56616,1.29663,-0.00973,1.75432,2.2351,0.82821,0.42303,7.57958,6.99667,6.51327,10.66332
L,A,311,3.70035,2.2967,1.60259,-0.01842,0.78582,0.28885,0.7708,3.72152,7.04344,3.58927,3.26136,2.10908,1.15019,2.8275,3.04016,5.00213,4.55736,1.34265,1.72541,2.69938,7.91923,2.5692,8.26145
L,A,312,6.12816,4.13199,1.29946,-0.01048,-0.01224,-0.12579,1.91014,15.59782,7.3619,5.03471,3.32873,2.85545,5.9755,2.45978,3.63656,4.50255,4.50964,5.46888,8.14338,1.9988,9.1445,23.89778,8.52014
M,A,313,4.51146,3.09549,1.15765,-0.4545,2.50591,7e-05,10.47422,14.86126,5.87147,3.53419,2.00088,2.3697,16.2427,3.12619,3.76377,5.95913,5.48097,2.55626,2.63252,8.41492,10.10882,23.59462,8.86308
F,A,314,6.03281,4.71884,4.43143,1.78063,3.36772,1.49794,-0.0074,2.63563,4.87471,4.79934,4.57135,4.09019,0.47281,4.59393,4.80595,6.62969,6.1318,4.6437,4.50224,2.61884,9.09198,3.26045,11.50896
P,A,315,3.89021,2.50253,4.54854,8.80898,7.27092,8.80101,31.07104,46.73364,-0.00403,2.71047,7.13274,5.22222,35.6094,8.88918,10.916,10.94712,11.06994,13.683,20.47776,23.83472,21.10294,56.44658,24.15416
Y,A,316,1.71965,3.21678,4.17109,1.6752,3.67632,2.11641,0.63409,1.77884,0.26034,3.80533,3.50231,3.25692,0.00806,4.18191,3.08419,5.97693,4.88306,2.25946,2.68923,3.39862,7.6513,3.24447,9.62035
G,A,317,0.0,0.63977,8.20057,9.37613,10.83983,4.48373,24.74266,19.09936,6.54367,2.94778,4.98375,4.28765,31.27292,9.36031,7.01205,10.44478,8.51324,8.92617,9.31116,18.49072,15.03658,33.9244,18.17644
Y,A,318,3.00263,2.05021,2.28282,1.0212,3.07371,1.83913,1.29476,2.95582,3.32278,2.33919,2.0174,2.30586,-0.14592,2.11239,3.42944,4.73855,3.69281,2.53769,2.68382,2.90145,6.13486,2.37383,10.29078
K,A,319,1.25421,0.67467,-0.04233,0.19235,-0.39206,-0.10821,0.35671,0.61278,6.23806,0.42424,0.18634,-0.22596,0.35535,0.85564,-0.17988,0.95168,0.44966,-0.03764,0.09828,0.97492,0.62504,0.48586,0.31541
C,A,320,3.66043,3.90143,4.51303,3.64897,4.02374,3.47876,3.63765,3.72187,2.80871,4.08136,4.50102,0.00389,3.57447,3.52305,3.64779,3.58226,3.56652,3.34372,3.38782,3.89043,4.01297,3.38618,4.86864
T,A,321,0.1035,0.02915,0.50189,0.00466,0.1784,-0.2933,0.07379,0.26679,-0.05642,-0.41217,0.0,0.21781,0.1531,-0.03928,-0.31976,-0.62071,-0.54255,-0.2854,-0.62738,-0.02119,-0.54379,-0.16891,0.69974
K,A,322,1.09904,0.4847,0.63911,-0.18889,0.46864,-0.33715,-0.5761,-0.69131,-0.01982,0.61846,0.60531,0.32229,-0.55119,0.1462,-0.35807,0.52635,-0.15733,-0.01325,-0.35913,-0.16023,0.22117,-0.91949,0.432
L,A,323,3.58865,2.75403,3.85246,-0.00879,2.38756,2.25083,8.25322,19.01128,0.82575,3.98235,4.59346,2.67458,12.58012,2.73746,4.48365,5.19415,4.33789,6.985,11.91744,4.15414,9.5493,36.47894,13.08142
D,A,324,-0.25099,-0.58533,-0.17584,-0.60164,-0.32412,-0.56114,-0.50019,-0.53311,-1.9927,-0.55428,-0.46062,-0.13266,-0.45892,-0.18199,-0.39599,-0.00082,-0.19269,-0.59368,-0.94873,-0.1478,0.11517,-0.22299,0.33344
D,A,325,0.54853,0.92158,2.01871,0.67093,2.24319,2.00152,0.29084,1.916,2.42584,1.19048,1.19287,1.27582,0.65774,-0.885,1.77372,-0.03655,2.0742,1.81889,1.07653,1.56381,4.2322,0.56146,6.2756
F,A,326,2.04899,1.15636,1.13751,0.10606,0.39569,-0.24586,0.00426,0.34356,0.99942,1.9364,1.77696,1.80294,0.35857,1.88081,1.37986,1.53983,1.31161,1.13676,1.54882,1.67034,2.13269,-1.21439,3.79889
D,A,327,1.85203,1.31764,1.47193,0.89501,1.04683,0.82713,1.20927,0.81054,1.09175,1.60465,1.52267,1.74193,1.25614,1.35912,1.08761,-0.00016,-0.07544,1.24957,1.49715,1.60078,0.60679,0.84902,0.77735
E,A,328,2.94122,2.2224,2.38033,1.03552,1.98022,1.3414,2.2242,2.66209,2.1398,2.46186,2.17104,2.65818,2.35622,2.60522,1.1837,2.42784,-0.02735,1.35308,2.12177,2.30066,1.43958,2.44744,2.47926
L,A,329,5.43426,3.68081,1.96581,-0.00397,3.22897,0.38026,4.84904,21.56774,5.90832,4.15691,2.65025,3.66343,12.0619,3.51038,2.62967,5.7819,5.37182,3.60851,9.84336,5.25038,10.77152,31.6311,12.77116
S,A,330,1.12397,-0.39831,0.35518,-1.62195,0.32573,-1.89344,-2.32648,-1.22998,4.98088,-0.01506,-0.10114,-0.03353,-2.10429,0.23047,-0.66837,0.37025,-0.80131,-0.80341,-0.32388,-0.26173,0.09021,-1.52743,2.21032
E,A,331,0.95902,0.05497,0.32416,-0.54011,-0.25306,-0.8704,-0.061,0.03112,3.60859,0.30937,0.65043,0.85825,-0.01849,0.09144,-0.38157,0.51601,-0.00035,-0.29028,-0.2636,0.33914,0.66766,-0.22563,0.27341
V,A,332,3.98341,2.22841,0.00755,-1.43907,-0.9512,1.81815,13.54266,8.86691,5.60199,3.2314,1.85688,2.42817,13.22444,3.23503,3.82419,4.15311,4.19168,5.15719,5.53281,6.19338,10.76885,11.02935,8.96882
A,A,333,2.09853,-0.0,1.10191,1.19865,3.17326,3.20986,16.13248,30.65372,5.02009,1.53783,1.6223,1.51164,15.44855,2.78872,6.42776,3.25419,6.12507,5.36359,10.67912,15.40967,10.39004,18.74412,10.65402
Q,A,334,1.54883,0.56762,0.90581,-0.36019,-0.09109,-0.35912,-0.31275,-0.09607,3.51766,0.65474,0.48555,1.13647,-0.17519,0.26748,-0.03201,0.90257,0.20216,0.00858,0.08299,0.17392,0.58625,-0.35439,0.89678
K,A,335,1.45217,0.44782,0.65692,-0.24859,-0.09463,-0.735,0.22104,-0.1272,4.40811,0.79099,1.16461,1.18617,-0.37868,-0.13674,0.24406,1.19505,0.36237,-0.01954,-0.20384,1.0812,1.54357,0.65033,1.13255
A,A,336,2.16814,-0.0,3.48151,5.98782,5.67217,3.1814,19.13994,31.45034,4.12578,1.56594,3.06446,1.94816,25.20334,6.04227,10.06407,8.95224,11.29566,10.14139,15.29578,16.96624,16.88526,36.5636,19.12476
A,A,337,1.63817,0.0,0.49328,1.04995,1.22354,-0.61242,3.64235,3.79639,6.39504,0.35779,2.19726,1.01478,3.12457,2.05085,1.02963,3.31247,1.37654,0.62378,1.08667,1.68544,3.14253,2.70378,3.48018
Q,A,338,0.84423,0.15239,0.54481,-0.20045,-0.1198,-0.34552,0.04797,-0.00633,3.82798,0.09969,0.51211,0.56101,0.18407,0.15117,-0.00427,0.55675,0.24782,-0.08223,0.04334,0.47686,0.6449,0.06611,0.91776
S,A,339,0.15362,-1.22599,-0.46772,-1.89034,-0.84067,-2.04808,-2.15041,-1.76574,1.94531,-0.00022,0.40381,-0.4737,-1.728,-1.10674,-1.33031,-0.16771,-0.95389,-1.62836,-1.45797,-1.28581,0.3569,-1.50845,0.82995
L,A,340,2.37089,1.14406,0.76607,-0.01985,0.10837,0.11474,9.98776,17.47754,7.7017,1.30501,1.63162,2.33995,13.36892,3.20243,2.52657,5.54962,4.15681,2.43846,5.01118,7.88246,8.11536,30.67222,6.97571
R,A,341,0.68419,-0.43983,0.68552,-0.56251,0.99146,-0.6912,0.05083,0.83079,3.94426,0.99529,1.70803,0.6038,0.19022,1.04287,0.21244,1.69839,0.53687,-0.26961,-0.00276,1.32751,1.66059,-0.20226,3.06598
S,A,342,1.03881,0.15454,0.92512,-0.05941,0.83313,-0.25212,0.09466,0.26672,3.40264,-0.00181,0.95962,0.21158,0.22793,0.74152,0.02755,1.13813,0.53336,-0.3283,-0.0393,1.01639,1.14711,0.31971,1.85554
L,A,343,1.82121,1.22559,1.05257,-0.02219,0.57605,0.39927,0.64293,2.17147,4.75169,1.84592,1.17245,1.57351,0.98933,1.73503,0.72191,2.35916,1.4086,0.3372,0.54239,1.73672,3.11471,2.29806,4.59208
H,A,344,1.50793,1.67876,1.83227,-0.18618,1.1994,0.11274,-0.96913,0.72436,3.07419,1.90988,2.53464,1.4304,-0.84377,0.58069,0.59839,1.80868,1.49903,-0.36047,-0.63471,0.02692,2.03901,0.49883,4.37387
G,A,345,0.0,2.90096,5.08995,2.83249,4.92554,2.9711,2.98859,3.00959,5.93945,2.91976,3.86339,2.95115,2.94218,1.95984,2.84716,2.78541,2.91275,2.08186,1.94683,2.90913,3.00325,2.85251,4.35795
T,A,346,1.40691,-0.01714,0.31836,-0.56334,0.3951,-0.15003,9.90879,11.54062,0.77434,0.78971,-0.00227,0.35169,11.94043,1.00013,1.11739,2.51691,1.10883,0.29467,-0.01788,6.79403,3.19659,10.35416,3.63325
K,A,347,0.3895,0.01251,0.24129,-0.00557,0.05601,0.13947,0.27995,0.1709,-0.36751,0.2324,0.31229,0.06464,0.2807,0.5013,-0.00246,0.56,0.10013,-0.00645,0.18051,0.86067,0.35947,-0.00617,0.44972
Y,A,348,4.29487,3.38088,2.03188,0.13557,1.93429,0.03675,-0.77745,2.61012,2.34532,3.98956,3.3181,2.89572,0.00472,3.85995,3.15346,5.36361,4.28574,2.51286,3.55598,3.20448,7.89178,10.05076,7.85641
K,A,349,1.95337,0.76724,0.91143,0.02232,0.49848,-0.18201,0.17231,0.83694,1.85298,1.26982,1.05171,0.85391,0.26038,0.94746,0.66961,1.14092,0.57579,-0.00414,-0.07396,0.91162,1.07115,0.43394,1.36146
V,A,350,3.62771,2.54729,-0.00678,1.50487,0.41269,0.89045,1.7078,1.53606,3.7998,3.04521,1.71692,1.87874,1.77932,3.13685,2.67871,3.50893,2.8129,2.02722,2.75359,2.78842,4.19962,0.63556,3.28821
G,A,351,0.0,2.9088,6.91273,3.17995,6.98605,3.16673,3.77952,3.57642,8.19421,4.03022,6.66142,3.19265,3.57804,3.48702,3.32105,4.24707,3.99669,3.11468,3.66526,4.95702,5.0969,3.17959,8.80656
P,A,352,2.29455,2.0419,3.17535,2.04094,3.4517,1.66385,4.16695,6.6502,-0.02044,1.61868,2.54189,2.34816,12.28394,2.28202,3.40494,2.86507,1.89616,3.49365,3.56298,6.53529,4.34225,14.55763,4.30551
I,A,353,2.84011,1.64044,0.65406,0.08443,-0.03254,0.23905,-0.29632,0.02218,4.00472,3.18895,2.6264,2.1964,0.59004,2.77233,1.70326,3.59952,2.90294,1.88556,1.49044,1.14146,5.44559,1.78073,8.64438
C,A,354,3.64634,2.73449,4.45344,5.06567,5.80029,4.85556,6.88271,10.51667,7.07868,3.47526,3.90231,-4e-05,7.28932,4.84143,4.6199,5.87472,4.8271,4.42759,4.54371,7.9353,10.26417,7.46253,11.8746
S,A,355,0.89269,0.26322,0.28345,-0.80214,-0.06403,-0.84154,-0.54814,-1.02841,-0.39977,-0.0033,-0.17561,0.398,-0.80566,0.61512,0.02504,0.26401,-0.29671,-0.92341,-0.40487,0.06023,0.16962,-0.14153,0.90909
V,A,356,3.29273,1.55942,0.00366,1.41063,-0.05003,1.02513,14.46666,10.76024,4.96501,3.11375,2.41668,1.60021,19.82436,3.30592,2.36533,3.60032,3.50888,2.85489,1.63825,13.4737,6.56418,22.07174,8.59997
I,A,357,1.08779,1.28258,0.89579,-0.72849,-0.04067,-0.16149,-0.40146,0.23206,3.03745,1.43532,2.49779,1.56279,-0.21667,0.43188,0.19099,2.73708,1.57805,0.53982,0.91322,0.39699,2.8847,-0.25079,5.84767
Y,A,358,1.9346,2.05656,3.06073,1.6743,2.75059,0.42333,0.80862,1.75971,5.18033,2.08766,2.94153,1.93366,0.16411,1.27779,1.14615,2.13809,3.40193,1.52008,0.69221,1.7237,3.13583,1.42088,4.45579
Q,A,359,1.45953,0.8357,0.57808,-0.4938,0.03956,-0.23509,0.70994,0.43394,-0.3774,1.43202,0.63011,0.67433,0.60326,1.01721,-0.01049,1.09753,0.368,0.07473,0.02948,1.37799,1.27976,0.67488,0.29325
A,A,360,1.37431,0.0,2.38742,0.79779,1.05065,-0.66491,9.33462,11.87818,2.5954,0.52614,1.05899,0.75106,9.63341,3.96706,0.90169,2.31861,0.34197,2.21437,2.84294,3.95488,3.60876,22.00274,3.96867
S,A,361,0.52468,-0.38949,2.66979,6.19765,4.75994,3.3596,7.4519,18.34668,3.7449,0.00506,2.47733,1.4796,8.21912,4.7073,7.48459,3.95932,6.50424,6.49995,5.76669,9.97341,13.91822,6.87236,14.62054
G,A,362,0.0,7.10073,16.88744,15.58936,22.88284,14.00938,43.62138,57.8536,12.63228,7.31381,17.65892,8.13041,50.12586,13.5553,17.52464,12.89914,16.02796,18.69968,24.5355,34.44398,23.4119,68.50166,28.24888
G,A,363,0.0,-0.35428,-1.07805,-1.92834,-0.96605,-1.8121,2.04144,4.34104,0.13545,0.04162,0.34952,-0.10554,3.0126,-0.22117,0.30778,-2.31698,-0.55921,1.30073,1.11996,1.3564,2.62512,7.47009,4.17454
S,A,364,-0.04827,-1.88573,-0.58237,1.84179,2.84163,1.27709,9.1736,17.93856,-0.62472,-0.00023,0.56729,-1.58655,12.916,0.44195,1.95686,0.03533,0.4854,3.3378,7.06095,8.96933,6.33491,20.90158,10.24136
I,A,365,3.34979,2.15921,0.77803,0.57382,-0.0126,2.12953,6.53976,8.061,1.93267,3.62952,2.20133,2.13941,7.19234,3.30368,2.93391,4.54442,2.46599,5.88735,5.44132,8.75379,7.05488,13.13186,6.86306
D,A,366,2.19565,0.87182,3.28219,2.6917,3.13839,1.26268,8.09248,17.2507,0.08603,1.7917,1.74796,1.58426,9.79903,2.75008,1.56992,-0.08931,0.95797,5.86149,7.49576,8.07848,5.99254,19.4441,8.43866
W,A,367,4.63792,3.07267,5.05567,3.39201,5.75795,2.0392,2.04292,-0.00426,9.92812,3.663,5.99896,4.97326,2.91242,5.49251,4.5254,6.5893,5.84759,4.18246,4.24864,4.64418,8.65796,3.85208,12.3347
S,A,368,0.71912,-1.2714,3.75512,2.14398,5.23384,4.40644,6.40064,17.6433,5.47871,0.00294,3.57433,1.47747,17.40466,2.03243,6.62439,4.44984,8.98135,10.30243,12.0345,17.92659,10.35547,47.74396,14.90074
Y,A,369,5.72133,4.46895,4.98662,2.00044,4.61498,2.10264,0.88863,2.65962,12.0848,5.57333,5.77278,5.04764,0.14592,5.26694,3.99677,7.56916,6.89708,1.96365,2.81377,3.83843,10.86412,8.90333,13.8791
D,A,370,2.59658,1.62909,1.44468,0.68757,0.44081,0.81772,1.77093,1.88823,3.40829,1.54141,0.93934,1.80513,1.80866,1.35397,1.24673,-0.02269,0.5463,1.07533,1.42844,2.46767,1.40299,2.02499,1.03984
Y,A,371,1.48992,0.71777,1.43331,-0.81879,0.85105,-0.73447,-0.43338,-1.07559,4.55702,0.85174,1.62481,1.07871,-0.01668,1.08043,0.91416,2.56036,1.4375,0.00171,-0.05787,0.86482,3.02754,0.39758,4.83672
G,A,372,-0.0,3.48186,5.11791,3.72282,5.08113,3.52524,3.68964,3.71226,6.6722,3.67594,5.03943,3.64611,3.70827,3.67132,3.1902,4.2214,4.00307,3.04918,2.73075,3.62773,4.24,3.88621,5.76286
I,A,373,4.44035,3.44303,1.35548,0.76386,-0.00957,0.16617,2.85152,5.08936,6.12003,4.33556,2.98601,3.34444,5.33333,3.44755,3.84606,5.05254,5.55481,3.69792,2.9857,3.77594,9.48168,16.85514,9.90456
K,A,374,1.04706,0.23639,0.11565,-1.126,-0.23645,-0.56924,0.13284,0.75789,-1.16559,0.65563,0.55581,0.43354,0.57238,0.50882,0.5038,2.95564,2.00674,-0.02094,0.05387,0.7978,4.56252,1.77786,5.30802
Y,A,375,5.63789,4.33431,3.70852,1.7997,2.59205,0.38735,0.76116,2.54881,3.39819,5.4618,6.44181,3.90764,-0.0219,3.61461,4.35279,5.63863,6.09631,3.52266,3.36737,3.48393,8.37761,7.55023,11.94089
S,A,376,1.61666,0.32801,2.6393,9.24252,6.28958,9.73636,36.84904,61.7318,3.28857,0.0041,2.79767,1.33485,44.81116,10.42838,14.00062,8.45895,16.31872,17.92102,30.02598,31.1163,24.33164,58.58264,26.82772
F,A,377,7.26557,5.62786,4.02113,1.98912,3.56085,1.7798,-0.00362,3.63778,9.23482,5.84827,5.2166,5.10585,0.34362,4.91571,4.86168,7.66564,6.81636,4.42767,5.6066,3.39899,10.02845,14.9537,10.83827
A,A,378,1.72653,-0.0,-0.38917,-2.18458,-0.91698,-2.36345,5.79246,12.1956,3.38197,0.91449,0.08839,-0.52572,8.98316,-0.03284,-0.88904,1.90129,0.42986,-0.38088,-1.64137,8.96774,2.59069,23.85202,2.73777
F,A,379,8.0711,6.00592,3.18223,1.87456,2.23659,1.45205,-0.02154,0.59439,5.91316,7.0388,5.72999,5.32091,1.22609,5.92134,5.18516,7.26161,6.36052,4.45365,5.77823,4.20535,9.46699,19.50148,9.34666
E,A,380,-0.12831,-0.9278,0.07415,-3.46772,-0.28037,-3.12969,-3.55933,-1.97225,-0.19737,0.32322,0.81202,-1.63788,-3.21295,-0.75931,-0.70826,0.25165,-0.03647,-1.67705,-1.14282,-1.23356,2.58052,-2.9386,6.72345
L,A,381,3.96113,3.77098,3.96406,-0.00782,2.87125,0.56281,0.85867,12.69404,5.24175,4.24949,5.18143,3.10708,3.09666,1.43041,1.90777,3.25001,4.1415,2.38297,7.95917,2.91609,7.90571,15.63452,9.93077
R,A,382,2.73723,1.37669,2.3511,0.68137,3.80443,0.41502,2.90904,4.86485,-0.32008,1.77357,1.72363,1.71047,4.82678,0.7959,1.85665,5.10472,4.08676,0.03146,-0.00434,3.88096,7.26733,6.21661,9.34501
D,A,383,-1.64342,1.32628,2.69916,1.02868,4.40394,1.29517,1.60324,1.62886,-2.13908,1.31053,3.11432,1.86333,1.61422,0.96429,1.84401,-0.02907,0.62023,1.40808,1.6967,1.27524,1.32062,0.29725,2.46819
T,A,384,-0.64499,-0.37043,0.25963,-0.5558,-0.05926,-0.44343,-0.17684,0.23179,0.83392,-0.20706,0.00016,-0.24221,-0.18249,-0.56486,-0.74224,0.08501,-0.15245,-0.53686,-0.80216,-0.22518,0.17635,-0.17734,0.43878
G,A,385,0.0,3.62335,6.32362,7.5739,7.95675,5.12662,8.65908,11.5399,8.09087,5.09899,6.3482,4.11393,8.75673,7.01802,6.68488,9.76361,8.79963,7.03229,6.4092,12.5558,11.8918,8.46813,17.47924
R,A,386,0.58678,0.84064,0.91809,0.17516,0.74116,0.61741,0.33794,0.65145,0.13839,0.79654,0.8492,1.20114,0.42284,0.65092,0.42359,0.99502,0.29336,-0.16088,-0.03391,0.82485,0.99558,-0.46781,1.52068
Y,A,387,3.02541,2.32082,2.21478,0.58991,3.62847,0.55871,-0.16965,0.61973,3.10464,3.35241,3.13107,2.15316,-0.01419,2.47918,1.09088,3.81814,3.26074,1.98953,0.35444,1.31449,5.58216,-0.29905,8.19988
G,A,388,0.0,5.39145,14.1266,17.54546,18.36556,14.91986,26.55258,41.14416,13.98646,6.30561,13.19354,7.69843,32.48258,15.84104,18.2431,17.25646,20.84472,18.35906,24.12472,27.60288,24.86984,45.59228,34.70224
F,A,389,3.47003,2.29521,0.35192,0.37735,2.84513,0.44817,-0.02749,9.20879,-0.16065,3.44317,2.95807,1.85418,-0.05461,3.33894,2.62048,3.24907,1.9366,3.28191,4.07649,2.85952,5.36272,4.25495,8.40577
L,A,390,5.15656,4.18847,2.95678,-0.04498,1.80542,-0.23426,1.93934,8.02921,5.4866,4.90615,4.29827,4.09932,2.52934,3.76063,2.7951,4.956,5.19287,4.04411,5.51555,3.41395,9.18975,18.59278,9.06278
L,A,391,4.05346,2.79161,1.84128,-0.04672,2.85954,0.14269,3.70485,13.15072,3.308,3.10241,2.05419,2.80193,7.7741,2.88298,2.75332,5.04927,5.08194,3.66249,8.69113,4.11895,8.80814,12.11496,9.67006
P,A,392,3.66593,2.8979,2.29253,1.99524,2.29684,1.38441,1.55662,2.71876,-0.00303,3.27018,2.85461,2.7656,2.09871,2.31868,2.86623,2.84564,2.235,2.90911,2.2339,2.82211,2.96613,0.36296,3.75287
A,A,393,1.13009,0.0,-0.97889,-2.47882,0.27875,-2.27073,6.4612,3.84558,-2.64638,0.54309,0.13861,0.00619,4.8213,0.94047,-0.64845,0.66203,0.85025,1.19739,0.47227,0.71342,4.39046,2.72252,3.44888
R,A,394,0.83843,0.41118,0.4622,-0.03475,-0.03895,-0.17457,0.14583,0.82824,-0.5694,0.62702,0.91902,0.48838,0.59991,0.78601,0.29341,0.64565,0.05219,-0.18281,-0.00932,1.04201,0.67481,-0.13737,0.53296
Q,A,395,1.91084,0.91438,0.22717,-1.75277,-0.56648,-1.68014,-1.60949,-0.26154,3.68058,1.34973,0.58445,0.77202,-1.10612,0.04959,0.0,0.64484,0.51762,0.07224,0.49291,-0.13048,1.28034,-2.03544,2.54691
I,A,396,3.06622,2.13998,1.01291,0.10308,-0.01136,1.72472,11.95286,21.3726,4.918,2.96159,1.50585,2.68894,17.21076,3.44654,3.72549,4.06864,4.49369,7.59766,9.32442,8.72524,10.2742,34.41102,10.92074
L,A,397,1.37458,0.56326,1.10153,-0.00182,0.07804,0.24596,0.67616,1.78978,-0.08629,1.4551,1.11001,1.06566,1.37376,0.86691,0.34669,1.73953,0.17941,0.27371,0.58578,1.27006,1.31546,2.18293,1.48594
P,A,398,3.35083,2.24357,2.59145,1.90222,2.57817,2.00138,2.75401,2.37113,-0.00125,3.36111,3.91704,3.14203,2.78279,2.763,2.43789,2.44017,2.009,2.10157,2.31,2.45594,2.13947,2.21292,5.50519
T,A,399,2.81121,0.86762,-0.28357,-0.80145,1.20055,1.65839,16.77162,28.755,5.08672,1.40844,-0.00223,1.08727,19.69824,-0.14182,2.71186,1.83618,3.74405,6.04929,10.86253,11.77504,13.11624,27.40434,13.66276
A,A,400,2.19296,0.0,2.03753,6.27194,6.68414,4.20926,20.52312,29.97422,4.76086,0.62705,0.78566,1.77961,25.20634,6.39301,7.46044,7.32884,7.88721,8.90919,16.74384,17.19834,12.44634,44.85274,17.62776
E,A,401,1.40727,-0.10554,0.95696,-1.18175,-0.45771,-1.52955,-0.7034,-0.33472,3.30441,-0.03918,0.77476,0.5886,-0.30079,-0.09349,-0.0232,1.08756,-0.00047,-0.73685,-0.38737,0.37829,1.19365,-0.71447,2.84751
E,A,402,2.74294,1.51538,0.12273,2.41503,-0.31355,-0.68474,10.31447,21.00674,5.30911,3.10743,2.18989,1.80528,11.82856,5.3924,2.05817,4.81452,-0.06385,3.69975,8.92839,8.67714,3.92098,35.50748,3.71891
T,A,403,2.29367,0.85973,-0.98359,-1.89705,-0.88966,-1.3177,-0.92877,2.86491,6.83215,1.31022,-0.0507,0.66217,1.27082,0.21661,1.35269,2.506,2.32534,1.81316,3.71788,1.42741,6.56085,21.95462,8.89108
W,A,404,6.02204,4.40374,4.72634,2.36091,3.60331,1.50693,1.5689,-0.02659,9.45526,4.5933,5.84621,4.74502,2.2606,4.89574,3.77061,5.82298,4.7838,4.3603,4.21844,4.64765,8.00383,5.98581,11.05646
L,A,405,1.87928,0.7978,0.78042,-0.00039,0.48396,0.14632,0.42547,0.83176,0.52901,1.80691,1.73881,1.19703,0.53549,1.15515,0.53685,1.32315,1.2697,0.30507,0.21609,0.53049,1.75098,0.60757,3.91048
G,A,406,0.0,-1.8471,4.01824,5.53394,7.38154,3.71715,23.52752,30.05092,5.84967,0.68172,3.69636,2.25192,31.42456,3.09326,7.52495,3.90513,7.70229,9.72251,13.00403,16.26554,13.77316,49.29294,19.30712
L,A,407,5.72744,4.13075,1.88599,-0.00963,0.33346,0.15401,1.12768,3.12791,7.23375,5.04244,4.11938,4.00752,2.45718,4.14684,2.82717,5.64716,4.72061,2.4757,3.69373,3.46123,8.09984,16.0973,6.8435
K,A,408,1.93138,0.41542,0.32778,-2.01863,-0.68553,-1.71879,1.78296,0.70631,5.09555,1.03512,0.49407,0.80206,1.12404,1.22948,0.1705,2.50457,2.04399,-0.0517,-0.14306,1.73597,3.40744,3.71763,4.19485
A,A,409,1.25032,0.0,0.54303,-0.30454,0.20459,-0.59999,1.45842,0.9073,3.89066,0.50137,-0.06544,0.66071,0.49541,0.77636,-0.03339,1.68201,0.51719,-0.34381,-0.88789,1.7655,3.10896,0.73346,4.03592
I,A,410,5.78797,4.08381,1.60398,-0.06599,-0.01514,0.69676,3.70518,13.61196,6.5042,4.6674,2.95154,4.09652,8.09598,3.59122,2.7258,5.57361,4.67569,4.18141,8.90892,4.89154,8.44773,26.97478,7.25664
M,A,411,5.81818,4.00258,4.38164,0.84679,2.79028,-0.00911,-0.22059,-1.00801,7.38691,5.36863,3.83666,3.99548,0.4205,4.3982,3.63927,6.09629,4.91546,3.19548,2.97082,2.85161,7.79799,12.88728,8.83671
E,A,412,1.32198,0.31992,0.29535,-0.42226,-0.22486,-0.65662,0.65417,1.8408,3.61521,0.55426,0.32008,0.76968,1.90155,-0.83666,0.21648,0.23267,-0.01739,-0.08292,0.46553,2.33032,0.78313,1.59182,1.64909
H,A,413,3.08692,1.55252,0.54776,0.46502,0.20228,0.05225,-0.61092,-1.46072,3.3108,1.92925,1.60303,2.03193,-1.08621,1.64541,1.48185,3.14367,2.32882,1.8023,1.99388,0.30345,4.1549,0.16927,4.27954
V,A,414,4.16162,2.22335,-0.0002,1.83069,0.02308,2.44597,10.2837,16.14952,4.82094,2.67051,1.18132,2.20336,12.8412,3.22031,5.40708,4.71712,6.21615,7.97556,9.26736,9.35009,14.28478,28.6971,12.32228
R,A,415,3.00074,1.52827,0.59203,0.27987,1.95515,0.02381,0.88297,1.46594,5.25147,3.05597,2.48522,1.94873,0.84948,2.29891,1.49876,3.87621,2.58709,0.37809,-0.24428,2.35778,4.2016,1.40925,7.42937
D,A,416,0.12303,0.44272,1.72989,0.2614,0.95259,0.0815,0.30079,0.69094,2.24854,-0.53585,0.05104,0.61863,0.8784,-0.70365,0.66363,-0.00063,0.66305,0.21657,-0.21302,0.58083,0.55254,0.39374,2.27281
H,A,417,3.41931,1.6922,2.20843,1.28648,2.04058,1.34215,1.18855,1.43573,5.48087,2.14449,2.33269,1.68153,1.31559,1.1268,1.35166,3.32259,2.7393,0.55037,0.27268,-0.01727,4.37522,1.67943,6.16706
P,A,418,1.15911,1.29731,1.72034,0.2644,0.9007,-0.41193,-0.33163,1.22401,-0.00083,0.90598,1.56053,0.78569,1.05899,1.17415,0.53741,1.70331,1.13933,0.27337,-0.44746,1.13693,1.72337,-0.29794,2.24806
Y,A,419,-0.048,0.21145,0.853,0.52868,0.70239,0.20476,-0.49304,-0.51134,0.00043,0.53063,0.62881,0.4986,-0.02114,0.47544,0.33704,0.577,0.514,0.17152,0.30806,0.29067,0.70244,-0.17334,1.25862
